temporada,clube,clube_espn_id,data,data_original,hora,competicao,mandante,mandante_espn_id,visitante,visitante_espn_id,gols_mandante,gols_visitante,placar,status,resultado_clube,mando_clube,id_partida,link,fonte,url_fonte
2025,Atlético-MG,7632,2025-01-19,"Sun, Jan 19",,Brazilian Campeonato Mineiro,SC Aymorés,22490,Atlético-MG,7632,0,0,0 - 0,FT,E,fora,724379,https://www.espn.com/soccer/match/_/gameId/724379/atletico-mg-sc-aymores,ESPN,https://www.espn.com/soccer/team/results/_/id/7632/season/2025
2025,Atlético-MG,7632,2025-01-22,"Wed, Jan 22",,Brazilian Campeonato Mineiro,Atlético-MG,7632,Democrata GV,18396,1,1,1 - 1,FT,E,casa,724381,https://www.espn.com/soccer/match/_/gameId/724381/democrata-gv-atletico-mg,ESPN,https://www.espn.com/soccer/team/results/_/id/7632/season/2025
2025,Atlético-MG,7632,2025-01-26,"Sun, Jan 26",,Brazilian Campeonato Mineiro,Pouso Alegre,20852,Atlético-MG,7632,0,0,0 - 0,FT,E,fora,724386,https://www.espn.com/soccer/match/_/gameId/724386/atletico-mg-pouso-alegre,ESPN,https://www.espn.com/soccer/team/results/_/id/7632/season/2025
2025,Atlético-MG,7632,2025-01-29,"Wed, Jan 29",,Brazilian Campeonato Mineiro,Atlético-MG,7632,América Mineiro,6154,1,1,1 - 1,FT,E,casa,724395,https://www.espn.com/soccer/match/_/gameId/724395/america-mineiro-atletico-mg,ESPN,https://www.espn.com/soccer/team/results/_/id/7632/season/2025
2025,Atlético-MG,7632,2025-02-01,"Sat, Feb 1",,Brazilian Campeonato Mineiro,Villa Nova-MG,4910,Atlético-MG,7632,0,1,0 - 1,FT,V,fora,724402,https://www.espn.com/soccer/match/_/gameId/724402/atletico-mg-villa-nova-mg,ESPN,https://www.espn.com/soccer/team/results/_/id/7632/season/2025
2025,Atlético-MG,7632,2025-02-04,"Tue, Feb 4",,Brazilian Campeonato Mineiro,Atlético-MG,7632,Athletic,20851,1,0,1 - 0,FT,V,casa,724409,https://www.espn.com/soccer/match/_/gameId/724409/athletic-atletico-mg,ESPN,https://www.espn.com/soccer/team/results/_/id/7632/season/2025
2025,Atlético-MG,7632,2025-02-09,"Sun, Feb 9",,Brazilian Campeonato Mineiro,Cruzeiro,2022,Atlético-MG,7632,0,2,0 - 2,FT,V,fora,724415,https://www.espn.com/soccer/match/_/gameId/724415/atletico-mg-cruzeiro,ESPN,https://www.espn.com/soccer/team/results/_/id/7632/season/2025
2025,Atlético-MG,7632,2025-02-12,"Wed, Feb 12",,Brazilian Campeonato Mineiro,Atlético-MG,7632,Itabirito,22142,3,0,3 - 0,FT,V,casa,724418,https://www.espn.com/soccer/match/_/gameId/724418/itabirito-atletico-mg,ESPN,https://www.espn.com/soccer/team/results/_/id/7632/season/2025
2025,Atlético-MG,7632,2025-02-15,"Sat, Feb 15",,Brazilian Campeonato Mineiro,Atlético-MG,7632,Tombense,17339,2,0,2 - 0 1st Leg,FT,V,casa,732970,https://www.espn.com/soccer/match/_/gameId/732970/tombense-atletico-mg,ESPN,https://www.espn.com/soccer/team/results/_/id/7632/season/2025
2025,Atlético-MG,7632,2025-02-18,"Tue, Feb 18",,Copa do Brasil,Tocantinopolis,18192,Atlético-MG,7632,0,2,0 - 2,FT,V,fora,732331,https://www.espn.com/soccer/match/_/gameId/732331/atletico-mg-tocantinopolis,ESPN,https://www.espn.com/soccer/team/results/_/id/7632/season/2025
2025,Atlético-MG,7632,2025-02-22,"Sat, Feb 22",,Brazilian Campeonato Mineiro,Tombense,17339,Atlético-MG,7632,0,2,0 - 2 2nd Leg,FT,V,fora,732973,https://www.espn.com/soccer/match/_/gameId/732973/atletico-mg-tombense,ESPN,https://www.espn.com/soccer/team/results/_/id/7632/season/2025
2025,Atlético-MG,7632,2025-03-05,"Wed, Mar 5",,Copa do Brasil,Atlético-MG,7632,Manaus,18959,4,1,4 - 1,FT,V,casa,733190,https://www.espn.com/soccer/match/_/gameId/733190/manaus-atletico-mg,ESPN,https://www.espn.com/soccer/team/results/_/id/7632/season/2025
2025,Atlético-MG,7632,2025-03-08,"Sat, Mar 8",,Brazilian Campeonato Mineiro,Atlético-MG,7632,América Mineiro,6154,4,0,4 - 0 1st Leg,FT,V,casa,733681,https://www.espn.com/soccer/match/_/gameId/733681/america-mineiro-atletico-mg,ESPN,https://www.espn.com/soccer/team/results/_/id/7632/season/2025
2025,Atlético-MG,7632,2025-03-15,"Sat, Mar 15",,Brazilian Campeonato Mineiro,América Mineiro,6154,Atlético-MG,7632,1,0,1 - 0 2nd Leg · Atlético-MG wins 4-1 on aggregate,FT,D,fora,733682,https://www.espn.com/soccer/match/_/gameId/733682/atletico-mg-america-mineiro,ESPN,https://www.espn.com/soccer/team/results/_/id/7632/season/2025
2025,Atlético-MG,7632,2025-03-29,"Sat, Mar 29",,Brazilian Serie A,Grêmio,6273,Atlético-MG,7632,2,1,2 - 1,FT,D,fora,732599,https://www.espn.com/soccer/match/_/gameId/732599/atletico-mg-gremio,ESPN,https://www.espn.com/soccer/team/results/_/id/7632/season/2025
2025,Atlético-MG,7632,2025-04-01,"Tue, Apr 1",,CONMEBOL Sudamericana,Cienciano del Cusco,3372,Atlético-MG,7632,0,0,0 - 0,FT,E,fora,734677,https://www.espn.com/soccer/match/_/gameId/734677/atletico-mg-cienciano-del-cusco,ESPN,https://www.espn.com/soccer/team/results/_/id/7632/season/2025
2025,Atlético-MG,7632,2025-04-06,"Sun, Apr 6",,Brazilian Serie A,Atlético-MG,7632,São Paulo,2026,0,0,0 - 0,FT,E,casa,732608,https://www.espn.com/soccer/match/_/gameId/732608/sao-paulo-atletico-mg,ESPN,https://www.espn.com/soccer/team/results/_/id/7632/season/2025
2025,Atlético-MG,7632,2025-04-10,"Thu, Apr 10",,CONMEBOL Sudamericana,Atlético-MG,7632,Deportes Iquique,10142,4,0,4 - 0,FT,V,casa,734704,https://www.espn.com/soccer/match/_/gameId/734704/deportes-iquique-atletico-mg,ESPN,https://www.espn.com/soccer/team/results/_/id/7632/season/2025
2025,Atlético-MG,7632,2025-04-13,"Sun, Apr 13",,Brazilian Serie A,Atlético-MG,7632,Vitória,3457,2,2,2 - 2,FT,E,casa,732610,https://www.espn.com/soccer/match/_/gameId/732610/vitoria-atletico-mg,ESPN,https://www.espn.com/soccer/team/results/_/id/7632/season/2025
2025,Atlético-MG,7632,2025-04-16,"Wed, Apr 16",,Brazilian Serie A,Santos,2674,Atlético-MG,7632,2,0,2 - 0,FT,D,fora,732627,https://www.espn.com/soccer/match/_/gameId/732627/atletico-mg-santos,ESPN,https://www.espn.com/soccer/team/results/_/id/7632/season/2025
2025,Atlético-MG,7632,2025-04-20,"Sun, Apr 20",,Brazilian Serie A,Atlético-MG,7632,Botafogo,6086,1,0,1 - 0,FT,V,casa,732630,https://www.espn.com/soccer/match/_/gameId/732630/botafogo-atletico-mg,ESPN,https://www.espn.com/soccer/team/results/_/id/7632/season/2025
2025,Atlético-MG,7632,2025-04-23,"Wed, Apr 23",,CONMEBOL Sudamericana,Caracas FC,4811,Atlético-MG,7632,1,1,1 - 1,FT,E,fora,734707,https://www.espn.com/soccer/match/_/gameId/734707/atletico-mg-caracas-fc,ESPN,https://www.espn.com/soccer/team/results/_/id/7632/season/2025
2025,Atlético-MG,7632,2025-04-26,"Sat, Apr 26",,Brazilian Serie A,Mirassol,9169,Atlético-MG,7632,2,2,2 - 2,FT,E,fora,732642,https://www.espn.com/soccer/match/_/gameId/732642/atletico-mg-mirassol,ESPN,https://www.espn.com/soccer/team/results/_/id/7632/season/2025
2025,Atlético-MG,7632,2025-04-29,"Tue, Apr 29",,Copa do Brasil,Maringá,17715,Atlético-MG,7632,2,2,2 - 2 1st Leg,FT,E,fora,735282,https://www.espn.com/soccer/match/_/gameId/735282/atletico-mg-maringa,ESPN,https://www.espn.com/soccer/team/results/_/id/7632/season/2025
2025,Atlético-MG,7632,2025-05-05,"Mon, May 5",,Brazilian Serie A,Juventude,6270,Atlético-MG,7632,0,1,0 - 1,FT,V,fora,732655,https://www.espn.com/soccer/match/_/gameId/732655/atletico-mg-juventude,ESPN,https://www.espn.com/soccer/team/results/_/id/7632/season/2025
2025,Atlético-MG,7632,2025-05-08,"Thu, May 8",,CONMEBOL Sudamericana,Deportes Iquique,10142,Atlético-MG,7632,3,2,3 - 2,FT,D,fora,734721,https://www.espn.com/soccer/match/_/gameId/734721/atletico-mg-deportes-iquique,ESPN,https://www.espn.com/soccer/team/results/_/id/7632/season/2025
2025,Atlético-MG,7632,2025-05-11,"Sun, May 11",,Brazilian Serie A,Atlético-MG,7632,Fluminense,3445,3,2,3 - 2,FT,V,casa,732660,https://www.espn.com/soccer/match/_/gameId/732660/fluminense-atletico-mg,ESPN,https://www.espn.com/soccer/team/results/_/id/7632/season/2025
2025,Atlético-MG,7632,2025-05-15,"Thu, May 15",,CONMEBOL Sudamericana,Atlético-MG,7632,Caracas FC,4811,3,1,3 - 1,FT,V,casa,734741,https://www.espn.com/soccer/match/_/gameId/734741/caracas-fc-atletico-mg,ESPN,https://www.espn.com/soccer/team/results/_/id/7632/season/2025
2025,Atlético-MG,7632,2025-05-18,"Sun, May 18",,Brazilian Serie A,Cruzeiro,2022,Atlético-MG,7632,0,0,0 - 0,FT,E,fora,732670,https://www.espn.com/soccer/match/_/gameId/732670/atletico-mg-cruzeiro,ESPN,https://www.espn.com/soccer/team/results/_/id/7632/season/2025
2025,Atlético-MG,7632,2025-05-21,"Wed, May 21",,Copa do Brasil,Atlético-MG,7632,Maringá,17715,4,0,4 - 0 2nd Leg · Atlético-MG wins 6-2 on aggregate,FT,V,casa,735299,https://www.espn.com/soccer/match/_/gameId/735299/maringa-atletico-mg,ESPN,https://www.espn.com/soccer/team/results/_/id/7632/season/2025
2025,Atlético-MG,7632,2025-05-24,"Sat, May 24",,Brazilian Serie A,Atlético-MG,7632,Corinthians,874,0,0,0 - 0,FT,E,casa,732680,https://www.espn.com/soccer/match/_/gameId/732680/corinthians-atletico-mg,ESPN,https://www.espn.com/soccer/team/results/_/id/7632/season/2025
2025,Atlético-MG,7632,2025-05-29,"Thu, May 29",,CONMEBOL Sudamericana,Atlético-MG,7632,Cienciano del Cusco,3372,1,1,1 - 1,FT,E,casa,734768,https://www.espn.com/soccer/match/_/gameId/734768/cienciano-del-cusco-atletico-mg,ESPN,https://www.espn.com/soccer/team/results/_/id/7632/season/2025
2025,Atlético-MG,7632,2025-06-01,"Sun, Jun 1",,Brazilian Serie A,Ceará,9969,Atlético-MG,7632,0,1,0 - 1,FT,V,fora,732698,https://www.espn.com/soccer/match/_/gameId/732698/atletico-mg-ceara,ESPN,https://www.espn.com/soccer/team/results/_/id/7632/season/2025
2025,Atlético-MG,7632,2025-06-12,"Thu, Jun 12",,Brazilian Serie A,Atlético-MG,7632,Internacional,1936,2,0,2 - 0,FT,V,casa,732700,https://www.espn.com/soccer/match/_/gameId/732700/internacional-atletico-mg,ESPN,https://www.espn.com/soccer/team/results/_/id/7632/season/2025
2025,Atlético-MG,7632,2025-07-12,"Sat, Jul 12",,Brazilian Serie A,Bahia,9967,Atlético-MG,7632,2,1,2 - 1,FT,D,fora,732718,https://www.espn.com/soccer/match/_/gameId/732718/atletico-mg-bahia,ESPN,https://www.espn.com/soccer/team/results/_/id/7632/season/2025
2025,Atlético-MG,7632,2025-07-17,"Thu, Jul 17",,CONMEBOL Sudamericana,Bucaramanga,6137,Atlético-MG,7632,0,1,0 - 1 1st Leg,FT,V,fora,736257,https://www.espn.com/soccer/match/_/gameId/736257/atletico-mg-bucaramanga,ESPN,https://www.espn.com/soccer/team/results/_/id/7632/season/2025
2025,Atlético-MG,7632,2025-07-20,"Sun, Jul 20",,Brazilian Serie A,Palmeiras,2029,Atlético-MG,7632,3,2,3 - 2,FT,D,fora,732739,https://www.espn.com/soccer/match/_/gameId/732739/atletico-mg-palmeiras,ESPN,https://www.espn.com/soccer/team/results/_/id/7632/season/2025
2025,Atlético-MG,7632,2025-07-24,"Thu, Jul 24",,CONMEBOL Sudamericana,Atlético-MG,7632,Bucaramanga,6137,0,1,0 - 1 2nd Leg · Tied 1-1 on aggregate · Atlético-MG wins 3-1 on Penalty Kicks,FT-Pens,D,casa,736263,https://www.espn.com/soccer/match/_/gameId/736263/bucaramanga-atletico-mg,ESPN,https://www.espn.com/soccer/team/results/_/id/7632/season/2025
2025,Atlético-MG,7632,2025-07-27,"Sun, Jul 27",,Brazilian Serie A,Flamengo,819,Atlético-MG,7632,1,0,1 - 0,FT,D,fora,732756,https://www.espn.com/soccer/match/_/gameId/732756/atletico-mg-flamengo,ESPN,https://www.espn.com/soccer/team/results/_/id/7632/season/2025
2025,Atlético-MG,7632,2025-07-31,"Thu, Jul 31",,Copa do Brasil,Flamengo,819,Atlético-MG,7632,0,1,0 - 1 1st Leg,FT,V,fora,736506,https://www.espn.com/soccer/match/_/gameId/736506/atletico-mg-flamengo,ESPN,https://www.espn.com/soccer/team/results/_/id/7632/season/2025
2025,Atlético-MG,7632,2025-08-03,"Sun, Aug 3",,Brazilian Serie A,Atlético-MG,7632,Red Bull Bragantino,6079,2,1,2 - 1,FT,V,casa,732760,https://www.espn.com/soccer/match/_/gameId/732760/red-bull-bragantino-atletico-mg,ESPN,https://www.espn.com/soccer/team/results/_/id/7632/season/2025
2025,Atlético-MG,7632,2025-08-06,"Wed, Aug 6",,Copa do Brasil,Atlético-MG,7632,Flamengo,819,0,1,0 - 1 2nd Leg · Tied 1-1 on aggregate · Flamengo wins 3-4 on Penalty Kicks,FT-Pens,D,casa,736509,https://www.espn.com/soccer/match/_/gameId/736509/flamengo-atletico-mg,ESPN,https://www.espn.com/soccer/team/results/_/id/7632/season/2025
2025,Atlético-MG,7632,2025-08-10,"Sun, Aug 10",,Brazilian Serie A,Vasco da Gama,3454,Atlético-MG,7632,1,1,1 - 1,FT,E,fora,732779,https://www.espn.com/soccer/match/_/gameId/732779/atletico-mg-vasco-da-gama,ESPN,https://www.espn.com/soccer/team/results/_/id/7632/season/2025
2025,Atlético-MG,7632,2025-08-14,"Thu, Aug 14",,CONMEBOL Sudamericana,Atlético-MG,7632,Godoy Cruz Antonio Tomba,6756,2,1,2 - 1 1st Leg,FT,V,casa,736473,https://www.espn.com/soccer/match/_/gameId/736473/godoy-cruz-antonio-tomba-atletico-mg,ESPN,https://www.espn.com/soccer/team/results/_/id/7632/season/2025
2025,Atlético-MG,7632,2025-08-17,"Sun, Aug 17",,Brazilian Serie A,Atlético-MG,7632,Grêmio,6273,1,3,1 - 3,FT,D,casa,732783,https://www.espn.com/soccer/match/_/gameId/732783/gremio-atletico-mg,ESPN,https://www.espn.com/soccer/team/results/_/id/7632/season/2025
2025,Atlético-MG,7632,2025-08-21,"Thu, Aug 21",,CONMEBOL Sudamericana,Godoy Cruz Antonio Tomba,6756,Atlético-MG,7632,0,1,0 - 1 2nd Leg · Atlético-MG wins 3-1 on aggregate,FT,V,fora,736475,https://www.espn.com/soccer/match/_/gameId/736475/atletico-mg-godoy-cruz-antonio-tomba,ESPN,https://www.espn.com/soccer/team/results/_/id/7632/season/2025
2025,Atlético-MG,7632,2025-08-24,"Sun, Aug 24",,Brazilian Serie A,São Paulo,2026,Atlético-MG,7632,2,0,2 - 0,FT,D,fora,732796,https://www.espn.com/soccer/match/_/gameId/732796/atletico-mg-sao-paulo,ESPN,https://www.espn.com/soccer/team/results/_/id/7632/season/2025
2025,Atlético-MG,7632,2025-08-27,"Wed, Aug 27",,Copa do Brasil,Atlético-MG,7632,Cruzeiro,2022,0,2,0 - 2 1st Leg,FT,D,casa,755894,https://www.espn.com/soccer/match/_/gameId/755894/cruzeiro-atletico-mg,ESPN,https://www.espn.com/soccer/team/results/_/id/7632/season/2025
2025,Atlético-MG,7632,2025-08-31,"Sun, Aug 31",,Brazilian Serie A,Vitória,3457,Atlético-MG,7632,1,0,1 - 0,FT,D,fora,732804,https://www.espn.com/soccer/match/_/gameId/732804/atletico-mg-vitoria,ESPN,https://www.espn.com/soccer/team/results/_/id/7632/season/2025
2025,Atlético-MG,7632,2025-09-11,"Thu, Sep 11",,Copa do Brasil,Cruzeiro,2022,Atlético-MG,7632,2,0,2 - 0 2nd Leg,FT,D,fora,755895,https://www.espn.com/soccer/match/_/gameId/755895/atletico-mg-cruzeiro,ESPN,https://www.espn.com/soccer/team/results/_/id/7632/season/2025
2025,Atlético-MG,7632,2025-09-14,"Sun, Sep 14",,Brazilian Serie A,Atlético-MG,7632,Santos,2674,1,1,1 - 1,FT,E,casa,732813,https://www.espn.com/soccer/match/_/gameId/732813/santos-atletico-mg,ESPN,https://www.espn.com/soccer/team/results/_/id/7632/season/2025
2025,Atlético-MG,7632,2025-09-17,"Wed, Sep 17",,CONMEBOL Sudamericana,Bolívar,2681,Atlético-MG,7632,2,2,2 - 2 1st Leg,FT,E,fora,757085,https://www.espn.com/soccer/match/_/gameId/757085/atletico-mg-bolivar,ESPN,https://www.espn.com/soccer/team/results/_/id/7632/season/2025
2025,Atlético-MG,7632,2025-09-20,"Sat, Sep 20",,Brazilian Serie A,Botafogo,6086,Atlético-MG,7632,1,0,1 - 0,FT,D,fora,732823,https://www.espn.com/soccer/match/_/gameId/732823/atletico-mg-botafogo,ESPN,https://www.espn.com/soccer/team/results/_/id/7632/season/2025
2025,Atlético-MG,7632,2025-09-24,"Wed, Sep 24",,CONMEBOL Sudamericana,Atlético-MG,7632,Bolívar,2681,1,0,1 - 0 2nd Leg · Atlético-MG wins 3-2 on aggregate,FT,V,casa,757088,https://www.espn.com/soccer/match/_/gameId/757088/bolivar-atletico-mg,ESPN,https://www.espn.com/soccer/team/results/_/id/7632/season/2025
2025,Atlético-MG,7632,2025-09-27,"Sat, Sep 27",,Brazilian Serie A,Atlético-MG,7632,Mirassol,9169,1,0,1 - 0,FT,V,casa,732830,https://www.espn.com/soccer/match/_/gameId/732830/mirassol-atletico-mg,ESPN,https://www.espn.com/soccer/team/results/_/id/7632/season/2025
2025,Atlético-MG,7632,2025-09-30,"Tue, Sep 30",,Brazilian Serie A,Atlético-MG,7632,Juventude,6270,0,0,0 - 0,FT,E,casa,732843,https://www.espn.com/soccer/match/_/gameId/732843/juventude-atletico-mg,ESPN,https://www.espn.com/soccer/team/results/_/id/7632/season/2025
2025,Atlético-MG,7632,2025-10-04,"Sat, Oct 4",,Brazilian Serie A,Fluminense,3445,Atlético-MG,7632,3,0,3 - 0,FT,D,fora,732854,https://www.espn.com/soccer/match/_/gameId/732854/atletico-mg-fluminense,ESPN,https://www.espn.com/soccer/team/results/_/id/7632/season/2025
2025,Atlético-MG,7632,2025-10-08,"Wed, Oct 8",,Brazilian Serie A,Atlético-MG,7632,Sport,7635,3,1,3 - 1,FT,V,casa,732720,https://www.espn.com/soccer/match/_/gameId/732720/sport-atletico-mg,ESPN,https://www.espn.com/soccer/team/results/_/id/7632/season/2025
2025,Atlético-MG,7632,2025-10-15,"Wed, Oct 15",,Brazilian Serie A,Atlético-MG,7632,Cruzeiro,2022,1,1,1 - 1,FT,E,casa,732860,https://www.espn.com/soccer/match/_/gameId/732860/cruzeiro-atletico-mg,ESPN,https://www.espn.com/soccer/team/results/_/id/7632/season/2025
2025,Atlético-MG,7632,2025-10-18,"Sat, Oct 18",,Brazilian Serie A,Corinthians,874,Atlético-MG,7632,1,0,1 - 0,FT,D,fora,732876,https://www.espn.com/soccer/match/_/gameId/732876/atletico-mg-corinthians,ESPN,https://www.espn.com/soccer/team/results/_/id/7632/season/2025
2025,Atlético-MG,7632,2025-10-21,"Tue, Oct 21",,CONMEBOL Sudamericana,Independiente del Valle,17086,Atlético-MG,7632,1,1,1 - 1 1st Leg,FT,E,fora,759129,https://www.espn.com/soccer/match/_/gameId/759129/atletico-mg-independiente-del-valle,ESPN,https://www.espn.com/soccer/team/results/_/id/7632/season/2025
2025,Atlético-MG,7632,2025-10-25,"Sat, Oct 25",,Brazilian Serie A,Atlético-MG,7632,Ceará,9969,1,0,1 - 0,FT,V,casa,732888,https://www.espn.com/soccer/match/_/gameId/732888/ceara-atletico-mg,ESPN,https://www.espn.com/soccer/team/results/_/id/7632/season/2025
2025,Atlético-MG,7632,2025-10-28,"Tue, Oct 28",,CONMEBOL Sudamericana,Atlético-MG,7632,Independiente del Valle,17086,3,1,3 - 1 2nd Leg · Atlético-MG wins 4-2 on aggregate,FT,V,casa,759131,https://www.espn.com/soccer/match/_/gameId/759131/independiente-del-valle-atletico-mg,ESPN,https://www.espn.com/soccer/team/results/_/id/7632/season/2025
2025,Atlético-MG,7632,2025-11-02,"Sun, Nov 2",,Brazilian Serie A,Internacional,1936,Atlético-MG,7632,0,0,0 - 0,FT,E,fora,732896,https://www.espn.com/soccer/match/_/gameId/732896/atletico-mg-internacional,ESPN,https://www.espn.com/soccer/team/results/_/id/7632/season/2025
2025,Atlético-MG,7632,2025-11-05,"Wed, Nov 5",,Brazilian Serie A,Atlético-MG,7632,Bahia,9967,3,0,3 - 0,FT,V,casa,732900,https://www.espn.com/soccer/match/_/gameId/732900/bahia-atletico-mg,ESPN,https://www.espn.com/soccer/team/results/_/id/7632/season/2025
2025,Atlético-MG,7632,2025-11-08,"Sat, Nov 8",,Brazilian Serie A,Sport,7635,Atlético-MG,7632,2,4,2 - 4,FT,V,fora,732919,https://www.espn.com/soccer/match/_/gameId/732919/atletico-mg-sport,ESPN,https://www.espn.com/soccer/team/results/_/id/7632/season/2025
2025,Atlético-MG,7632,2025-11-12,"Wed, Nov 12",,Brazilian Serie A,Atlético-MG,7632,Fortaleza,6272,3,3,3 - 3,FT,E,casa,732740,https://www.espn.com/soccer/match/_/gameId/732740/fortaleza-atletico-mg,ESPN,https://www.espn.com/soccer/team/results/_/id/7632/season/2025
2025,Atlético-MG,7632,2025-11-16,"Sun, Nov 16",,Brazilian Serie A,Red Bull Bragantino,6079,Atlético-MG,7632,2,0,2 - 0,FT,D,fora,732957,https://www.espn.com/soccer/match/_/gameId/732957/atletico-mg-red-bull-bragantino,ESPN,https://www.espn.com/soccer/team/results/_/id/7632/season/2025
2025,Atlético-MG,7632,2025-11-22,"Sat, Nov 22",,CONMEBOL Sudamericana,Lanús,12,Atlético-MG,7632,0,0,0 - 0 Lanús wins 5-4 on Penalty Kicks,FT-Pens,E,fora,760381,https://www.espn.com/soccer/match/_/gameId/760381/atletico-mg-lanus,ESPN,https://www.espn.com/soccer/team/results/_/id/7632/season/2025
2025,Atlético-MG,7632,2025-11-25,"Tue, Nov 25",,Brazilian Serie A,Atlético-MG,7632,Flamengo,819,1,1,1 - 1,FT,E,casa,732943,https://www.espn.com/soccer/match/_/gameId/732943/flamengo-atletico-mg,ESPN,https://www.espn.com/soccer/team/results/_/id/7632/season/2025
2025,Atlético-MG,7632,2025-11-30,"Sun, Nov 30",,Brazilian Serie A,Fortaleza,6272,Atlético-MG,7632,1,0,1 - 0,FT,D,fora,732934,https://www.espn.com/soccer/match/_/gameId/732934/atletico-mg-fortaleza,ESPN,https://www.espn.com/soccer/team/results/_/id/7632/season/2025
2025,Atlético-MG,7632,2025-12-03,"Wed, Dec 3",,Brazilian Serie A,Atlético-MG,7632,Palmeiras,2029,0,3,0 - 3,FT,D,casa,732920,https://www.espn.com/soccer/match/_/gameId/732920/palmeiras-atletico-mg,ESPN,https://www.espn.com/soccer/team/results/_/id/7632/season/2025
2025,Atlético-MG,7632,2025-12-07,"Sun, Dec 7",,Brazilian Serie A,Atlético-MG,7632,Vasco da Gama,3454,5,0,5 - 0,FT,V,casa,732960,https://www.espn.com/soccer/match/_/gameId/732960/vasco-da-gama-atletico-mg,ESPN,https://www.espn.com/soccer/team/results/_/id/7632/season/2025
2025,Bahia,9967,2025-01-23,"Thu, Jan 23",,Copa do Nordeste,Bahia,9967,Sampaio Corrêa,4873,4,0,4 - 0,FT,V,casa,730905,https://www.espn.com/soccer/match/_/gameId/730905/sampaio-correa-bahia,ESPN,https://www.espn.com/soccer/team/results/_/id/9967/season/2025
2025,Bahia,9967,2025-02-05,"Wed, Feb 5",,Copa do Nordeste,Juazeirense,18191,Bahia,9967,0,0,0 - 0,FT,E,fora,730909,https://www.espn.com/soccer/match/_/gameId/730909/bahia-juazeirense,ESPN,https://www.espn.com/soccer/team/results/_/id/9967/season/2025
2025,Bahia,9967,2025-02-12,"Wed, Feb 12",,Copa do Nordeste,Bahia,9967,América-RN,7634,5,1,5 - 1,FT,V,casa,730917,https://www.espn.com/soccer/match/_/gameId/730917/america-rn-bahia,ESPN,https://www.espn.com/soccer/team/results/_/id/9967/season/2025
2025,Bahia,9967,2025-02-18,"Tue, Feb 18",,CONMEBOL Libertadores,The Strongest,2687,Bahia,9967,1,1,1 - 1 1st Leg,FT,E,fora,726772,https://www.espn.com/soccer/match/_/gameId/726772/bahia-the-strongest,ESPN,https://www.espn.com/soccer/team/results/_/id/9967/season/2025
2025,Bahia,9967,2025-02-25,"Tue, Feb 25",,CONMEBOL Libertadores,Bahia,9967,The Strongest,2687,3,0,3 - 0 2nd Leg · Bahia wins 4-1 on aggregate,FT,V,casa,726778,https://www.espn.com/soccer/match/_/gameId/726778/the-strongest-bahia,ESPN,https://www.espn.com/soccer/team/results/_/id/9967/season/2025
2025,Bahia,9967,2025-03-06,"Thu, Mar 6",,CONMEBOL Libertadores,Boston River,9999,Bahia,9967,0,0,0 - 0 1st Leg,FT,E,fora,733751,https://www.espn.com/soccer/match/_/gameId/733751/bahia-boston-river,ESPN,https://www.espn.com/soccer/team/results/_/id/9967/season/2025
2025,Bahia,9967,2025-03-13,"Thu, Mar 13",,CONMEBOL Libertadores,Bahia,9967,Boston River,9999,1,0,1 - 0 2nd Leg,FT,V,casa,733755,https://www.espn.com/soccer/match/_/gameId/733755/boston-river-bahia,ESPN,https://www.espn.com/soccer/team/results/_/id/9967/season/2025
2025,Bahia,9967,2025-03-19,"Wed, Mar 19",,Copa do Nordeste,CSA,7531,Bahia,9967,1,2,1 - 2,FT,V,fora,730940,https://www.espn.com/soccer/match/_/gameId/730940/bahia-csa,ESPN,https://www.espn.com/soccer/team/results/_/id/9967/season/2025
2025,Bahia,9967,2025-03-26,"Wed, Mar 26",,Copa do Nordeste,Bahia,9967,Ceará,9969,3,2,3 - 2,FT,V,casa,730923,https://www.espn.com/soccer/match/_/gameId/730923/ceara-bahia,ESPN,https://www.espn.com/soccer/team/results/_/id/9967/season/2025
2025,Bahia,9967,2025-03-30,"Sun, Mar 30",,Brazilian Serie A,Bahia,9967,Corinthians,874,1,1,1 - 1,FT,E,casa,732590,https://www.espn.com/soccer/match/_/gameId/732590/corinthians-bahia,ESPN,https://www.espn.com/soccer/team/results/_/id/9967/season/2025
2025,Bahia,9967,2025-04-03,"Thu, Apr 3",,CONMEBOL Libertadores,Bahia,9967,Internacional,1936,1,1,1 - 1,FT,E,casa,734772,https://www.espn.com/soccer/match/_/gameId/734772/internacional-bahia,ESPN,https://www.espn.com/soccer/team/results/_/id/9967/season/2025
2025,Bahia,9967,2025-04-06,"Sun, Apr 6",,Brazilian Serie A,Santos,2674,Bahia,9967,2,2,2 - 2,FT,E,fora,732604,https://www.espn.com/soccer/match/_/gameId/732604/bahia-santos,ESPN,https://www.espn.com/soccer/team/results/_/id/9967/season/2025
2025,Bahia,9967,2025-04-09,"Wed, Apr 9",,CONMEBOL Libertadores,Nacional,2684,Bahia,9967,0,1,0 - 1,FT,V,fora,734799,https://www.espn.com/soccer/match/_/gameId/734799/bahia-nacional,ESPN,https://www.espn.com/soccer/team/results/_/id/9967/season/2025
2025,Bahia,9967,2025-04-13,"Sun, Apr 13",,Brazilian Serie A,Bahia,9967,Mirassol,9169,1,1,1 - 1,FT,E,casa,732618,https://www.espn.com/soccer/match/_/gameId/732618/mirassol-bahia,ESPN,https://www.espn.com/soccer/team/results/_/id/9967/season/2025
2025,Bahia,9967,2025-04-17,"Thu, Apr 17",,Brazilian Serie A,Cruzeiro,2022,Bahia,9967,3,0,3 - 0,FT,D,fora,732620,https://www.espn.com/soccer/match/_/gameId/732620/bahia-cruzeiro,ESPN,https://www.espn.com/soccer/team/results/_/id/9967/season/2025
2025,Bahia,9967,2025-04-21,"Mon, Apr 21",,Brazilian Serie A,Bahia,9967,Ceará,9969,1,0,1 - 0,FT,V,casa,732631,https://www.espn.com/soccer/match/_/gameId/732631/ceara-bahia,ESPN,https://www.espn.com/soccer/team/results/_/id/9967/season/2025
2025,Bahia,9967,2025-04-24,"Thu, Apr 24",,CONMEBOL Libertadores,Bahia,9967,Atlético Nacional,5264,1,0,1 - 0,FT,V,casa,734804,https://www.espn.com/soccer/match/_/gameId/734804/atletico-nacional-bahia,ESPN,https://www.espn.com/soccer/team/results/_/id/9967/season/2025
2025,Bahia,9967,2025-04-27,"Sun, Apr 27",,Brazilian Serie A,Palmeiras,2029,Bahia,9967,0,1,0 - 1,FT,V,fora,732643,https://www.espn.com/soccer/match/_/gameId/732643/bahia-palmeiras,ESPN,https://www.espn.com/soccer/team/results/_/id/9967/season/2025
2025,Bahia,9967,2025-04-30,"Wed, Apr 30",,Copa do Brasil,Paysandu,15424,Bahia,9967,0,1,0 - 1 1st Leg,FT,V,fora,735277,https://www.espn.com/soccer/match/_/gameId/735277/bahia-paysandu,ESPN,https://www.espn.com/soccer/team/results/_/id/9967/season/2025
2025,Bahia,9967,2025-05-03,"Sat, May 3",,Brazilian Serie A,Bahia,9967,Botafogo,6086,1,0,1 - 0,FT,V,casa,732658,https://www.espn.com/soccer/match/_/gameId/732658/botafogo-bahia,ESPN,https://www.espn.com/soccer/team/results/_/id/9967/season/2025
2025,Bahia,9967,2025-05-07,"Wed, May 7",,CONMEBOL Libertadores,Bahia,9967,Nacional,2684,1,3,1 - 3,FT,D,casa,734831,https://www.espn.com/soccer/match/_/gameId/734831/nacional-bahia,ESPN,https://www.espn.com/soccer/team/results/_/id/9967/season/2025
2025,Bahia,9967,2025-05-10,"Sat, May 10",,Brazilian Serie A,Flamengo,819,Bahia,9967,1,0,1 - 0,FT,D,fora,732667,https://www.espn.com/soccer/match/_/gameId/732667/bahia-flamengo,ESPN,https://www.espn.com/soccer/team/results/_/id/9967/season/2025
2025,Bahia,9967,2025-05-14,"Wed, May 14",,CONMEBOL Libertadores,Atlético Nacional,5264,Bahia,9967,1,0,1 - 0,FT,D,fora,734833,https://www.espn.com/soccer/match/_/gameId/734833/bahia-atletico-nacional,ESPN,https://www.espn.com/soccer/team/results/_/id/9967/season/2025
2025,Bahia,9967,2025-05-18,"Sun, May 18",,Brazilian Serie A,Bahia,9967,Vitória,3457,2,1,2 - 1,FT,V,casa,732673,https://www.espn.com/soccer/match/_/gameId/732673/vitoria-bahia,ESPN,https://www.espn.com/soccer/team/results/_/id/9967/season/2025
2025,Bahia,9967,2025-05-21,"Wed, May 21",,Copa do Brasil,Bahia,9967,Paysandu,15424,4,0,4 - 0 2nd Leg,FT,V,casa,735300,https://www.espn.com/soccer/match/_/gameId/735300/paysandu-bahia,ESPN,https://www.espn.com/soccer/team/results/_/id/9967/season/2025
2025,Bahia,9967,2025-05-25,"Sun, May 25",,Brazilian Serie A,Grêmio,6273,Bahia,9967,1,0,1 - 0,FT,D,fora,732687,https://www.espn.com/soccer/match/_/gameId/732687/bahia-gremio,ESPN,https://www.espn.com/soccer/team/results/_/id/9967/season/2025
2025,Bahia,9967,2025-05-28,"Wed, May 28",,CONMEBOL Libertadores,Internacional,1936,Bahia,9967,2,1,2 - 1,FT,D,fora,734851,https://www.espn.com/soccer/match/_/gameId/734851/bahia-internacional,ESPN,https://www.espn.com/soccer/team/results/_/id/9967/season/2025
2025,Bahia,9967,2025-05-31,"Sat, May 31",,Brazilian Serie A,Bahia,9967,São Paulo,2026,2,1,2 - 1,FT,V,casa,732690,https://www.espn.com/soccer/match/_/gameId/732690/sao-paulo-bahia,ESPN,https://www.espn.com/soccer/team/results/_/id/9967/season/2025
2025,Bahia,9967,2025-06-04,"Wed, Jun 4",,Copa do Nordeste,Confiança,4875,Bahia,9967,2,0,2 - 0,FT,D,fora,730931,https://www.espn.com/soccer/match/_/gameId/730931/bahia-confianca,ESPN,https://www.espn.com/soccer/team/results/_/id/9967/season/2025
2025,Bahia,9967,2025-06-07,"Sat, Jun 7",,Copa do Nordeste,Bahia,9967,Náutico,7633,3,1,3 - 1,FT,V,casa,730947,https://www.espn.com/soccer/match/_/gameId/730947/nautico-bahia,ESPN,https://www.espn.com/soccer/team/results/_/id/9967/season/2025
2025,Bahia,9967,2025-06-12,"Thu, Jun 12",,Brazilian Serie A,Red Bull Bragantino,6079,Bahia,9967,0,3,0 - 3,FT,V,fora,732706,https://www.espn.com/soccer/match/_/gameId/732706/bahia-red-bull-bragantino,ESPN,https://www.espn.com/soccer/team/results/_/id/9967/season/2025
2025,Bahia,9967,2025-07-09,"Wed, Jul 9",,Copa do Nordeste,Bahia,9967,Fortaleza,6272,2,1,2 - 1,FT,V,casa,735078,https://www.espn.com/soccer/match/_/gameId/735078/fortaleza-bahia,ESPN,https://www.espn.com/soccer/team/results/_/id/9967/season/2025
2025,Bahia,9967,2025-07-12,"Sat, Jul 12",,Brazilian Serie A,Bahia,9967,Atlético-MG,7632,2,1,2 - 1,FT,V,casa,732718,https://www.espn.com/soccer/match/_/gameId/732718/atletico-mg-bahia,ESPN,https://www.espn.com/soccer/team/results/_/id/9967/season/2025
2025,Bahia,9967,2025-07-15,"Tue, Jul 15",,CONMEBOL Sudamericana,Bahia,9967,América de Cali,8109,0,0,0 - 0 1st Leg,FT,E,casa,736254,https://www.espn.com/soccer/match/_/gameId/736254/america-de-cali-bahia,ESPN,https://www.espn.com/soccer/team/results/_/id/9967/season/2025
2025,Bahia,9967,2025-07-19,"Sat, Jul 19",,Brazilian Serie A,Fortaleza,6272,Bahia,9967,1,1,1 - 1,FT,E,fora,732731,https://www.espn.com/soccer/match/_/gameId/732731/bahia-fortaleza,ESPN,https://www.espn.com/soccer/team/results/_/id/9967/season/2025
2025,Bahia,9967,2025-07-22,"Tue, Jul 22",,CONMEBOL Sudamericana,América de Cali,8109,Bahia,9967,2,0,2 - 0 2nd Leg,FT,D,fora,736264,https://www.espn.com/soccer/match/_/gameId/736264/bahia-america-de-cali,ESPN,https://www.espn.com/soccer/team/results/_/id/9967/season/2025
2025,Bahia,9967,2025-07-27,"Sun, Jul 27",,Brazilian Serie A,Bahia,9967,Juventude,6270,3,0,3 - 0,FT,V,casa,732750,https://www.espn.com/soccer/match/_/gameId/732750/juventude-bahia,ESPN,https://www.espn.com/soccer/team/results/_/id/9967/season/2025
2025,Bahia,9967,2025-07-30,"Wed, Jul 30",,Copa do Brasil,Bahia,9967,Retró,20896,3,2,3 - 2 1st Leg,FT,V,casa,736502,https://www.espn.com/soccer/match/_/gameId/736502/retro-bahia,ESPN,https://www.espn.com/soccer/team/results/_/id/9967/season/2025
2025,Bahia,9967,2025-08-02,"Sat, Aug 2",,Brazilian Serie A,Sport,7635,Bahia,9967,0,0,0 - 0,FT,E,fora,732768,https://www.espn.com/soccer/match/_/gameId/732768/bahia-sport,ESPN,https://www.espn.com/soccer/team/results/_/id/9967/season/2025
2025,Bahia,9967,2025-08-06,"Wed, Aug 6",,Copa do Brasil,Retró,20896,Bahia,9967,0,0,0 - 0 2nd Leg · Bahia wins 3-2 on aggregate,FT,E,fora,736511,https://www.espn.com/soccer/match/_/gameId/736511/bahia-retro,ESPN,https://www.espn.com/soccer/team/results/_/id/9967/season/2025
2025,Bahia,9967,2025-08-09,"Sat, Aug 9",,Brazilian Serie A,Bahia,9967,Fluminense,3445,3,3,3 - 3,FT,E,casa,732770,https://www.espn.com/soccer/match/_/gameId/732770/fluminense-bahia,ESPN,https://www.espn.com/soccer/team/results/_/id/9967/season/2025
2025,Bahia,9967,2025-08-16,"Sat, Aug 16",,Brazilian Serie A,Corinthians,874,Bahia,9967,1,2,1 - 2,FT,V,fora,732780,https://www.espn.com/soccer/match/_/gameId/732780/bahia-corinthians,ESPN,https://www.espn.com/soccer/team/results/_/id/9967/season/2025
2025,Bahia,9967,2025-08-20,"Wed, Aug 20",,Copa do Nordeste,Bahia,9967,Ceará,9969,1,0,1 - 0,FT,V,casa,754532,https://www.espn.com/soccer/match/_/gameId/754532/ceara-bahia,ESPN,https://www.espn.com/soccer/team/results/_/id/9967/season/2025
2025,Bahia,9967,2025-08-24,"Sun, Aug 24",,Brazilian Serie A,Bahia,9967,Santos,2674,2,0,2 - 0,FT,V,casa,732793,https://www.espn.com/soccer/match/_/gameId/732793/santos-bahia,ESPN,https://www.espn.com/soccer/team/results/_/id/9967/season/2025
2025,Bahia,9967,2025-08-28,"Thu, Aug 28",,Copa do Brasil,Bahia,9967,Fluminense,3445,1,0,1 - 0 1st Leg,FT,V,casa,755893,https://www.espn.com/soccer/match/_/gameId/755893/fluminense-bahia,ESPN,https://www.espn.com/soccer/team/results/_/id/9967/season/2025
2025,Bahia,9967,2025-08-31,"Sun, Aug 31",,Brazilian Serie A,Mirassol,9169,Bahia,9967,5,1,5 - 1,FT,D,fora,732806,https://www.espn.com/soccer/match/_/gameId/732806/bahia-mirassol,ESPN,https://www.espn.com/soccer/team/results/_/id/9967/season/2025
2025,Bahia,9967,2025-09-03,"Wed, Sep 3",,Copa do Nordeste,Confiança,4875,Bahia,9967,1,4,1 - 4 1st Leg,FT,V,fora,757073,https://www.espn.com/soccer/match/_/gameId/757073/bahia-confianca,ESPN,https://www.espn.com/soccer/team/results/_/id/9967/season/2025
2025,Bahia,9967,2025-09-06,"Sat, Sep 6",,Copa do Nordeste,Bahia,9967,Confiança,4875,5,0,5 - 0 2nd Leg · Bahia wins 9-1 on aggregate,FT,V,casa,757074,https://www.espn.com/soccer/match/_/gameId/757074/confianca-bahia,ESPN,https://www.espn.com/soccer/team/results/_/id/9967/season/2025
2025,Bahia,9967,2025-09-10,"Wed, Sep 10",,Copa do Brasil,Fluminense,3445,Bahia,9967,2,0,2 - 0 2nd Leg · Fluminense wins 2-1 on aggregate,FT,D,fora,755898,https://www.espn.com/soccer/match/_/gameId/755898/bahia-fluminense,ESPN,https://www.espn.com/soccer/team/results/_/id/9967/season/2025
2025,Bahia,9967,2025-09-15,"Mon, Sep 15",,Brazilian Serie A,Bahia,9967,Cruzeiro,2022,1,2,1 - 2,FT,D,casa,732812,https://www.espn.com/soccer/match/_/gameId/732812/cruzeiro-bahia,ESPN,https://www.espn.com/soccer/team/results/_/id/9967/season/2025
2025,Bahia,9967,2025-09-20,"Sat, Sep 20",,Brazilian Serie A,Ceará,9969,Bahia,9967,1,1,1 - 1,FT,E,fora,732822,https://www.espn.com/soccer/match/_/gameId/732822/bahia-ceara,ESPN,https://www.espn.com/soccer/team/results/_/id/9967/season/2025
2025,Bahia,9967,2025-09-24,"Wed, Sep 24",,Brazilian Serie A,Vasco da Gama,3454,Bahia,9967,3,1,3 - 1,FT,D,fora,732743,https://www.espn.com/soccer/match/_/gameId/732743/bahia-vasco-da-gama,ESPN,https://www.espn.com/soccer/team/results/_/id/9967/season/2025
2025,Bahia,9967,2025-09-28,"Sun, Sep 28",,Brazilian Serie A,Bahia,9967,Palmeiras,2029,1,0,1 - 0,FT,V,casa,732831,https://www.espn.com/soccer/match/_/gameId/732831/palmeiras-bahia,ESPN,https://www.espn.com/soccer/team/results/_/id/9967/season/2025
2025,Bahia,9967,2025-10-01,"Wed, Oct 1",,Brazilian Serie A,Botafogo,6086,Bahia,9967,2,1,2 - 1,FT,D,fora,732842,https://www.espn.com/soccer/match/_/gameId/732842/bahia-botafogo,ESPN,https://www.espn.com/soccer/team/results/_/id/9967/season/2025
2025,Bahia,9967,2025-10-05,"Sun, Oct 5",,Brazilian Serie A,Bahia,9967,Flamengo,819,1,0,1 - 0,FT,V,casa,732853,https://www.espn.com/soccer/match/_/gameId/732853/flamengo-bahia,ESPN,https://www.espn.com/soccer/team/results/_/id/9967/season/2025
2025,Bahia,9967,2025-10-16,"Thu, Oct 16",,Brazilian Serie A,Vitória,3457,Bahia,9967,2,1,2 - 1,FT,D,fora,732864,https://www.espn.com/soccer/match/_/gameId/732864/bahia-vitoria,ESPN,https://www.espn.com/soccer/team/results/_/id/9967/season/2025
2025,Bahia,9967,2025-10-19,"Sun, Oct 19",,Brazilian Serie A,Bahia,9967,Grêmio,6273,4,0,4 - 0,FT,V,casa,732878,https://www.espn.com/soccer/match/_/gameId/732878/gremio-bahia,ESPN,https://www.espn.com/soccer/team/results/_/id/9967/season/2025
2025,Bahia,9967,2025-10-22,"Wed, Oct 22",,Brazilian Serie A,Bahia,9967,Internacional,1936,1,0,1 - 0,FT,V,casa,732728,https://www.espn.com/soccer/match/_/gameId/732728/internacional-bahia,ESPN,https://www.espn.com/soccer/team/results/_/id/9967/season/2025
2025,Bahia,9967,2025-10-25,"Sat, Oct 25",,Brazilian Serie A,São Paulo,2026,Bahia,9967,2,0,2 - 0,FT,D,fora,732880,https://www.espn.com/soccer/match/_/gameId/732880/bahia-sao-paulo,ESPN,https://www.espn.com/soccer/team/results/_/id/9967/season/2025
2025,Bahia,9967,2025-11-02,"Sun, Nov 2",,Brazilian Serie A,Bahia,9967,Red Bull Bragantino,6079,2,1,2 - 1,FT,V,casa,732890,https://www.espn.com/soccer/match/_/gameId/732890/red-bull-bragantino-bahia,ESPN,https://www.espn.com/soccer/team/results/_/id/9967/season/2025
2025,Bahia,9967,2025-11-05,"Wed, Nov 5",,Brazilian Serie A,Atlético-MG,7632,Bahia,9967,3,0,3 - 0,FT,D,fora,732900,https://www.espn.com/soccer/match/_/gameId/732900/bahia-atletico-mg,ESPN,https://www.espn.com/soccer/team/results/_/id/9967/season/2025
2025,Bahia,9967,2025-11-08,"Sat, Nov 8",,Brazilian Serie A,Internacional,1936,Bahia,9967,2,2,2 - 2,FT,E,fora,732917,https://www.espn.com/soccer/match/_/gameId/732917/bahia-internacional,ESPN,https://www.espn.com/soccer/team/results/_/id/9967/season/2025
2025,Bahia,9967,2025-11-20,"Thu, Nov 20",,Brazilian Serie A,Bahia,9967,Fortaleza,6272,2,3,2 - 3,FT,D,casa,732928,https://www.espn.com/soccer/match/_/gameId/732928/fortaleza-bahia,ESPN,https://www.espn.com/soccer/team/results/_/id/9967/season/2025
2025,Bahia,9967,2025-11-23,"Sun, Nov 23",,Brazilian Serie A,Bahia,9967,Vasco da Gama,3454,1,0,1 - 0,FT,V,casa,732938,https://www.espn.com/soccer/match/_/gameId/732938/vasco-da-gama-bahia,ESPN,https://www.espn.com/soccer/team/results/_/id/9967/season/2025
2025,Bahia,9967,2025-11-28,"Fri, Nov 28",,Brazilian Serie A,Juventude,6270,Bahia,9967,1,1,1 - 1,FT,E,fora,732945,https://www.espn.com/soccer/match/_/gameId/732945/bahia-juventude,ESPN,https://www.espn.com/soccer/team/results/_/id/9967/season/2025
2025,Bahia,9967,2025-12-03,"Wed, Dec 3",,Brazilian Serie A,Bahia,9967,Sport,7635,2,0,2 - 0,FT,V,casa,732953,https://www.espn.com/soccer/match/_/gameId/732953/sport-bahia,ESPN,https://www.espn.com/soccer/team/results/_/id/9967/season/2025
2025,Bahia,9967,2025-12-07,"Sun, Dec 7",,Brazilian Serie A,Fluminense,3445,Bahia,9967,2,0,2 - 0,FT,D,fora,732968,https://www.espn.com/soccer/match/_/gameId/732968/bahia-fluminense,ESPN,https://www.espn.com/soccer/team/results/_/id/9967/season/2025
2025,Botafogo,6086,2025-01-11,"Sat, Jan 11",,Brazilian Campeonato Carioca,Botafogo,6086,Maricá,21387,1,2,1 - 2,FT,D,casa,723812,https://www.espn.com/soccer/match/_/gameId/723812/marica-botafogo,ESPN,https://www.espn.com/soccer/team/results/_/id/6086/season/2025
2025,Botafogo,6086,2025-01-14,"Tue, Jan 14",,Brazilian Campeonato Carioca,Botafogo,6086,Portuguesa-RJ,18134,2,0,2 - 0,FT,V,casa,723813,https://www.espn.com/soccer/match/_/gameId/723813/portuguesa-rj-botafogo,ESPN,https://www.espn.com/soccer/team/results/_/id/6086/season/2025
2025,Botafogo,6086,2025-01-18,"Sat, Jan 18",,Brazilian Campeonato Carioca,Sampaio Correa RJ,20855,Botafogo,6086,2,1,2 - 1,FT,D,fora,723820,https://www.espn.com/soccer/match/_/gameId/723820/botafogo-sampaio-correa-rj,ESPN,https://www.espn.com/soccer/team/results/_/id/6086/season/2025
2025,Botafogo,6086,2025-01-22,"Wed, Jan 22",,Brazilian Campeonato Carioca,Botafogo,6086,Volta Redonda,4806,1,2,1 - 2,FT,D,casa,723827,https://www.espn.com/soccer/match/_/gameId/723827/volta-redonda-botafogo,ESPN,https://www.espn.com/soccer/team/results/_/id/6086/season/2025
2025,Botafogo,6086,2025-01-26,"Sun, Jan 26",,Brazilian Campeonato Carioca,Botafogo,6086,Bangu,10265,2,0,2 - 0,FT,V,casa,723831,https://www.espn.com/soccer/match/_/gameId/723831/bangu-botafogo,ESPN,https://www.espn.com/soccer/team/results/_/id/6086/season/2025
2025,Botafogo,6086,2025-01-29,"Wed, Jan 29",,Brazilian Campeonato Carioca,Botafogo,6086,Fluminense,3445,2,1,2 - 1,FT,V,casa,723840,https://www.espn.com/soccer/match/_/gameId/723840/fluminense-botafogo,ESPN,https://www.espn.com/soccer/team/results/_/id/6086/season/2025
2025,Botafogo,6086,2025-02-02,"Sun, Feb 2",,Brazilian Supercopa Rei,Botafogo,6086,Flamengo,819,1,3,1 - 3,FT,D,casa,723487,https://www.espn.com/soccer/match/_/gameId/723487/flamengo-botafogo,ESPN,https://www.espn.com/soccer/team/results/_/id/6086/season/2025
2025,Botafogo,6086,2025-02-06,"Thu, Feb 6",,Brazilian Campeonato Carioca,Nova Iguaçu,6087,Botafogo,6086,0,1,0 - 1,FT,V,fora,723851,https://www.espn.com/soccer/match/_/gameId/723851/botafogo-nova-iguacu,ESPN,https://www.espn.com/soccer/team/results/_/id/6086/season/2025
2025,Botafogo,6086,2025-02-09,"Sun, Feb 9",,Brazilian Campeonato Carioca,Botafogo,6086,Madureira,4786,0,2,0 - 2,FT,D,casa,723856,https://www.espn.com/soccer/match/_/gameId/723856/madureira-botafogo,ESPN,https://www.espn.com/soccer/team/results/_/id/6086/season/2025
2025,Botafogo,6086,2025-02-12,"Wed, Feb 12",,Brazilian Campeonato Carioca,Flamengo,819,Botafogo,6086,1,0,1 - 0,FT,D,fora,723843,https://www.espn.com/soccer/match/_/gameId/723843/botafogo-flamengo,ESPN,https://www.espn.com/soccer/team/results/_/id/6086/season/2025
2025,Botafogo,6086,2025-02-15,"Sat, Feb 15",,Brazilian Campeonato Carioca,Boavista,900,Botafogo,6086,1,1,1 - 1,FT,E,fora,723862,https://www.espn.com/soccer/match/_/gameId/723862/botafogo-boavista,ESPN,https://www.espn.com/soccer/team/results/_/id/6086/season/2025
2025,Botafogo,6086,2025-02-20,"Thu, Feb 20",,CONMEBOL Recopa,Racing Club,15,Botafogo,6086,2,0,2 - 0 1st Leg,FT,D,fora,724185,https://www.espn.com/soccer/match/_/gameId/724185/botafogo-racing-club,ESPN,https://www.espn.com/soccer/team/results/_/id/6086/season/2025
2025,Botafogo,6086,2025-02-23,"Sun, Feb 23",,Brazilian Campeonato Carioca,Vasco da Gama,3454,Botafogo,6086,1,0,1 - 0,FT,D,fora,723872,https://www.espn.com/soccer/match/_/gameId/723872/botafogo-vasco-da-gama,ESPN,https://www.espn.com/soccer/team/results/_/id/6086/season/2025
2025,Botafogo,6086,2025-02-27,"Thu, Feb 27",,CONMEBOL Recopa,Botafogo,6086,Racing Club,15,0,2,0 - 2 2nd Leg,FT,D,casa,724186,https://www.espn.com/soccer/match/_/gameId/724186/racing-club-botafogo,ESPN,https://www.espn.com/soccer/team/results/_/id/6086/season/2025
2025,Botafogo,6086,2025-03-30,"Sun, Mar 30",,Brazilian Serie A,Palmeiras,2029,Botafogo,6086,0,0,0 - 0,FT,E,fora,732596,https://www.espn.com/soccer/match/_/gameId/732596/botafogo-palmeiras,ESPN,https://www.espn.com/soccer/team/results/_/id/6086/season/2025
2025,Botafogo,6086,2025-04-02,"Wed, Apr 2",,CONMEBOL Libertadores,Universidad de Chile,4139,Botafogo,6086,1,0,1 - 0,FT,D,fora,734782,https://www.espn.com/soccer/match/_/gameId/734782/botafogo-universidad-de-chile,ESPN,https://www.espn.com/soccer/team/results/_/id/6086/season/2025
2025,Botafogo,6086,2025-04-05,"Sat, Apr 5",,Brazilian Serie A,Botafogo,6086,Juventude,6270,2,0,2 - 0,FT,V,casa,732609,https://www.espn.com/soccer/match/_/gameId/732609/juventude-botafogo,ESPN,https://www.espn.com/soccer/team/results/_/id/6086/season/2025
2025,Botafogo,6086,2025-04-08,"Tue, Apr 8",,CONMEBOL Libertadores,Botafogo,6086,Carabobo,6037,2,0,2 - 0,FT,V,casa,734790,https://www.espn.com/soccer/match/_/gameId/734790/carabobo-botafogo,ESPN,https://www.espn.com/soccer/team/results/_/id/6086/season/2025
2025,Botafogo,6086,2025-04-12,"Sat, Apr 12",,Brazilian Serie A,Red Bull Bragantino,6079,Botafogo,6086,1,0,1 - 0,FT,D,fora,732612,https://www.espn.com/soccer/match/_/gameId/732612/botafogo-red-bull-bragantino,ESPN,https://www.espn.com/soccer/team/results/_/id/6086/season/2025
2025,Botafogo,6086,2025-04-16,"Wed, Apr 16",,Brazilian Serie A,Botafogo,6086,São Paulo,2026,2,2,2 - 2,FT,E,casa,732623,https://www.espn.com/soccer/match/_/gameId/732623/sao-paulo-botafogo,ESPN,https://www.espn.com/soccer/team/results/_/id/6086/season/2025
2025,Botafogo,6086,2025-04-20,"Sun, Apr 20",,Brazilian Serie A,Atlético-MG,7632,Botafogo,6086,1,0,1 - 0,FT,D,fora,732630,https://www.espn.com/soccer/match/_/gameId/732630/botafogo-atletico-mg,ESPN,https://www.espn.com/soccer/team/results/_/id/6086/season/2025
2025,Botafogo,6086,2025-04-23,"Wed, Apr 23",,CONMEBOL Libertadores,Estudiantes de La Plata,8,Botafogo,6086,1,0,1 - 0,FT,D,fora,734813,https://www.espn.com/soccer/match/_/gameId/734813/botafogo-estudiantes-de-la-plata,ESPN,https://www.espn.com/soccer/team/results/_/id/6086/season/2025
2025,Botafogo,6086,2025-04-26,"Sat, Apr 26",,Brazilian Serie A,Botafogo,6086,Fluminense,3445,2,0,2 - 0,FT,V,casa,732640,https://www.espn.com/soccer/match/_/gameId/732640/fluminense-botafogo,ESPN,https://www.espn.com/soccer/team/results/_/id/6086/season/2025
2025,Botafogo,6086,2025-04-30,"Wed, Apr 30",,Copa do Brasil,Botafogo,6086,Capital CF,22557,4,0,4 - 0 1st Leg,FT,V,casa,735270,https://www.espn.com/soccer/match/_/gameId/735270/capital-cf-botafogo,ESPN,https://www.espn.com/soccer/team/results/_/id/6086/season/2025
2025,Botafogo,6086,2025-05-03,"Sat, May 3",,Brazilian Serie A,Bahia,9967,Botafogo,6086,1,0,1 - 0,FT,D,fora,732658,https://www.espn.com/soccer/match/_/gameId/732658/botafogo-bahia,ESPN,https://www.espn.com/soccer/team/results/_/id/6086/season/2025
2025,Botafogo,6086,2025-05-06,"Tue, May 6",,CONMEBOL Libertadores,Carabobo,6037,Botafogo,6086,1,2,1 - 2,FT,V,fora,734829,https://www.espn.com/soccer/match/_/gameId/734829/botafogo-carabobo,ESPN,https://www.espn.com/soccer/team/results/_/id/6086/season/2025
2025,Botafogo,6086,2025-05-11,"Sun, May 11",,Brazilian Serie A,Botafogo,6086,Internacional,1936,4,0,4 - 0,FT,V,casa,732668,https://www.espn.com/soccer/match/_/gameId/732668/internacional-botafogo,ESPN,https://www.espn.com/soccer/team/results/_/id/6086/season/2025
2025,Botafogo,6086,2025-05-14,"Wed, May 14",,CONMEBOL Libertadores,Botafogo,6086,Estudiantes de La Plata,8,3,2,3 - 2,FT,V,casa,734847,https://www.espn.com/soccer/match/_/gameId/734847/estudiantes-de-la-plata-botafogo,ESPN,https://www.espn.com/soccer/team/results/_/id/6086/season/2025
2025,Botafogo,6086,2025-05-18,"Sun, May 18",,Brazilian Serie A,Flamengo,819,Botafogo,6086,0,0,0 - 0,FT,E,fora,732674,https://www.espn.com/soccer/match/_/gameId/732674/botafogo-flamengo,ESPN,https://www.espn.com/soccer/team/results/_/id/6086/season/2025
2025,Botafogo,6086,2025-05-22,"Thu, May 22",,Copa do Brasil,Capital CF,22557,Botafogo,6086,1,0,1 - 0 2nd Leg · Botafogo wins 4-1 on aggregate,FT,D,fora,735297,https://www.espn.com/soccer/match/_/gameId/735297/botafogo-capital-cf,ESPN,https://www.espn.com/soccer/team/results/_/id/6086/season/2025
2025,Botafogo,6086,2025-05-27,"Tue, May 27",,CONMEBOL Libertadores,Botafogo,6086,Universidad de Chile,4139,1,0,1 - 0,FT,V,casa,734862,https://www.espn.com/soccer/match/_/gameId/734862/universidad-de-chile-botafogo,ESPN,https://www.espn.com/soccer/team/results/_/id/6086/season/2025
2025,Botafogo,6086,2025-06-01,"Sun, Jun 1",,Brazilian Serie A,Santos,2674,Botafogo,6086,0,1,0 - 1,FT,V,fora,732695,https://www.espn.com/soccer/match/_/gameId/732695/botafogo-santos,ESPN,https://www.espn.com/soccer/team/results/_/id/6086/season/2025
2025,Botafogo,6086,2025-06-04,"Wed, Jun 4",,Brazilian Serie A,Botafogo,6086,Ceará,9969,3,2,3 - 2,FT,V,casa,732681,https://www.espn.com/soccer/match/_/gameId/732681/ceara-botafogo,ESPN,https://www.espn.com/soccer/team/results/_/id/6086/season/2025
2025,Botafogo,6086,2025-06-15,"Sun, Jun 15",,FIFA Club World Cup,Botafogo,6086,Seattle Sounders FC,9726,2,1,2 - 1,FT,V,casa,724427,https://www.espn.com/soccer/match/_/gameId/724427/seattle-sounders-fc-botafogo,ESPN,https://www.espn.com/soccer/team/results/_/id/6086/season/2025
2025,Botafogo,6086,2025-06-19,"Thu, Jun 19",,FIFA Club World Cup,Paris Saint-Germain,160,Botafogo,6086,0,1,0 - 1,FT,V,fora,724442,https://www.espn.com/soccer/match/_/gameId/724442/botafogo-paris-saint-germain,ESPN,https://www.espn.com/soccer/team/results/_/id/6086/season/2025
2025,Botafogo,6086,2025-06-23,"Mon, Jun 23",,FIFA Club World Cup,Atlético Madrid,1068,Botafogo,6086,1,0,1 - 0,FT,D,fora,724455,https://www.espn.com/soccer/match/_/gameId/724455/botafogo-atletico-madrid,ESPN,https://www.espn.com/soccer/team/results/_/id/6086/season/2025
2025,Botafogo,6086,2025-06-28,"Sat, Jun 28",,FIFA Club World Cup,Palmeiras,2029,Botafogo,6086,1,0,1 - 0,AET,D,fora,735944,https://www.espn.com/soccer/match/_/gameId/735944/botafogo-palmeiras,ESPN,https://www.espn.com/soccer/team/results/_/id/6086/season/2025
2025,Botafogo,6086,2025-07-12,"Sat, Jul 12",,Brazilian Serie A,Vasco da Gama,3454,Botafogo,6086,0,2,0 - 2,FT,V,fora,732712,https://www.espn.com/soccer/match/_/gameId/732712/botafogo-vasco-da-gama,ESPN,https://www.espn.com/soccer/team/results/_/id/6086/season/2025
2025,Botafogo,6086,2025-07-16,"Wed, Jul 16",,Brazilian Serie A,Botafogo,6086,Vitória,3457,0,0,0 - 0,FT,E,casa,732727,https://www.espn.com/soccer/match/_/gameId/732727/vitoria-botafogo,ESPN,https://www.espn.com/soccer/team/results/_/id/6086/season/2025
2025,Botafogo,6086,2025-07-20,"Sun, Jul 20",,Brazilian Serie A,Sport,7635,Botafogo,6086,0,1,0 - 1,FT,V,fora,732738,https://www.espn.com/soccer/match/_/gameId/732738/botafogo-sport,ESPN,https://www.espn.com/soccer/team/results/_/id/6086/season/2025
2025,Botafogo,6086,2025-07-26,"Sat, Jul 26",,Brazilian Serie A,Botafogo,6086,Corinthians,874,1,1,1 - 1,FT,E,casa,732758,https://www.espn.com/soccer/match/_/gameId/732758/corinthians-botafogo,ESPN,https://www.espn.com/soccer/team/results/_/id/6086/season/2025
2025,Botafogo,6086,2025-07-29,"Tue, Jul 29",,Copa do Brasil,Botafogo,6086,Red Bull Bragantino,6079,2,0,2 - 0 1st Leg,FT,V,casa,736501,https://www.espn.com/soccer/match/_/gameId/736501/red-bull-bragantino-botafogo,ESPN,https://www.espn.com/soccer/team/results/_/id/6086/season/2025
2025,Botafogo,6086,2025-08-03,"Sun, Aug 3",,Brazilian Serie A,Botafogo,6086,Cruzeiro,2022,0,2,0 - 2,FT,D,casa,732761,https://www.espn.com/soccer/match/_/gameId/732761/cruzeiro-botafogo,ESPN,https://www.espn.com/soccer/team/results/_/id/6086/season/2025
2025,Botafogo,6086,2025-08-06,"Wed, Aug 6",,Copa do Brasil,Red Bull Bragantino,6079,Botafogo,6086,0,1,0 - 1 2nd Leg,FT,V,fora,736512,https://www.espn.com/soccer/match/_/gameId/736512/botafogo-red-bull-bragantino,ESPN,https://www.espn.com/soccer/team/results/_/id/6086/season/2025
2025,Botafogo,6086,2025-08-09,"Sat, Aug 9",,Brazilian Serie A,Fortaleza,6272,Botafogo,6086,0,5,0 - 5,FT,V,fora,732773,https://www.espn.com/soccer/match/_/gameId/732773/botafogo-fortaleza,ESPN,https://www.espn.com/soccer/team/results/_/id/6086/season/2025
2025,Botafogo,6086,2025-08-14,"Thu, Aug 14",,CONMEBOL Libertadores,Botafogo,6086,Liga de Quito,4816,1,0,1 - 0 1st Leg,FT,V,casa,736523,https://www.espn.com/soccer/match/_/gameId/736523/liga-de-quito-botafogo,ESPN,https://www.espn.com/soccer/team/results/_/id/6086/season/2025
2025,Botafogo,6086,2025-08-17,"Sun, Aug 17",,Brazilian Serie A,Botafogo,6086,Palmeiras,2029,0,1,0 - 1,FT,D,casa,732782,https://www.espn.com/soccer/match/_/gameId/732782/palmeiras-botafogo,ESPN,https://www.espn.com/soccer/team/results/_/id/6086/season/2025
2025,Botafogo,6086,2025-08-21,"Thu, Aug 21",,CONMEBOL Libertadores,Liga de Quito,4816,Botafogo,6086,2,0,2 - 0 2nd Leg · Liga de Quito wins 2-1 on aggregate,FT,D,fora,736531,https://www.espn.com/soccer/match/_/gameId/736531/botafogo-liga-de-quito,ESPN,https://www.espn.com/soccer/team/results/_/id/6086/season/2025
2025,Botafogo,6086,2025-08-24,"Sun, Aug 24",,Brazilian Serie A,Juventude,6270,Botafogo,6086,1,3,1 - 3,FT,V,fora,732799,https://www.espn.com/soccer/match/_/gameId/732799/botafogo-juventude,ESPN,https://www.espn.com/soccer/team/results/_/id/6086/season/2025
2025,Botafogo,6086,2025-08-27,"Wed, Aug 27",,Copa do Brasil,Vasco da Gama,3454,Botafogo,6086,1,1,1 - 1 1st Leg,FT,E,fora,755892,https://www.espn.com/soccer/match/_/gameId/755892/botafogo-vasco-da-gama,ESPN,https://www.espn.com/soccer/team/results/_/id/6086/season/2025
2025,Botafogo,6086,2025-08-30,"Sat, Aug 30",,Brazilian Serie A,Botafogo,6086,Red Bull Bragantino,6079,4,1,4 - 1,FT,V,casa,732800,https://www.espn.com/soccer/match/_/gameId/732800/red-bull-bragantino-botafogo,ESPN,https://www.espn.com/soccer/team/results/_/id/6086/season/2025
2025,Botafogo,6086,2025-09-11,"Thu, Sep 11",,Copa do Brasil,Botafogo,6086,Vasco da Gama,3454,1,1,1 - 1 2nd Leg · Tied 2-2 on aggregate · Vasco da Gama wins 5-3 on Penalty Kicks,FT-Pens,E,casa,755897,https://www.espn.com/soccer/match/_/gameId/755897/vasco-da-gama-botafogo,ESPN,https://www.espn.com/soccer/team/results/_/id/6086/season/2025
2025,Botafogo,6086,2025-09-14,"Sun, Sep 14",,Brazilian Serie A,São Paulo,2026,Botafogo,6086,1,0,1 - 0,FT,D,fora,732818,https://www.espn.com/soccer/match/_/gameId/732818/botafogo-sao-paulo,ESPN,https://www.espn.com/soccer/team/results/_/id/6086/season/2025
2025,Botafogo,6086,2025-09-17,"Wed, Sep 17",,Brazilian Serie A,Botafogo,6086,Mirassol,9169,3,3,3 - 3,FT,E,casa,732701,https://www.espn.com/soccer/match/_/gameId/732701/mirassol-botafogo,ESPN,https://www.espn.com/soccer/team/results/_/id/6086/season/2025
2025,Botafogo,6086,2025-09-20,"Sat, Sep 20",,Brazilian Serie A,Botafogo,6086,Atlético-MG,7632,1,0,1 - 0,FT,V,casa,732823,https://www.espn.com/soccer/match/_/gameId/732823/atletico-mg-botafogo,ESPN,https://www.espn.com/soccer/team/results/_/id/6086/season/2025
2025,Botafogo,6086,2025-09-24,"Wed, Sep 24",,Brazilian Serie A,Grêmio,6273,Botafogo,6086,1,1,1 - 1,FT,E,fora,732747,https://www.espn.com/soccer/match/_/gameId/732747/botafogo-gremio,ESPN,https://www.espn.com/soccer/team/results/_/id/6086/season/2025
2025,Botafogo,6086,2025-09-28,"Sun, Sep 28",,Brazilian Serie A,Fluminense,3445,Botafogo,6086,2,0,2 - 0,FT,D,fora,732833,https://www.espn.com/soccer/match/_/gameId/732833/botafogo-fluminense,ESPN,https://www.espn.com/soccer/team/results/_/id/6086/season/2025
2025,Botafogo,6086,2025-10-01,"Wed, Oct 1",,Brazilian Serie A,Botafogo,6086,Bahia,9967,2,1,2 - 1,FT,V,casa,732842,https://www.espn.com/soccer/match/_/gameId/732842/bahia-botafogo,ESPN,https://www.espn.com/soccer/team/results/_/id/6086/season/2025
2025,Botafogo,6086,2025-10-04,"Sat, Oct 4",,Brazilian Serie A,Internacional,1936,Botafogo,6086,2,0,2 - 0,FT,D,fora,732859,https://www.espn.com/soccer/match/_/gameId/732859/botafogo-internacional,ESPN,https://www.espn.com/soccer/team/results/_/id/6086/season/2025
2025,Botafogo,6086,2025-10-15,"Wed, Oct 15",,Brazilian Serie A,Botafogo,6086,Flamengo,819,0,3,0 - 3,FT,D,casa,732861,https://www.espn.com/soccer/match/_/gameId/732861/flamengo-botafogo,ESPN,https://www.espn.com/soccer/team/results/_/id/6086/season/2025
2025,Botafogo,6086,2025-10-19,"Sun, Oct 19",,Brazilian Serie A,Ceará,9969,Botafogo,6086,0,2,0 - 2,FT,V,fora,732877,https://www.espn.com/soccer/match/_/gameId/732877/botafogo-ceara,ESPN,https://www.espn.com/soccer/team/results/_/id/6086/season/2025
2025,Botafogo,6086,2025-10-26,"Sun, Oct 26",,Brazilian Serie A,Botafogo,6086,Santos,2674,2,2,2 - 2,FT,E,casa,732887,https://www.espn.com/soccer/match/_/gameId/732887/santos-botafogo,ESPN,https://www.espn.com/soccer/team/results/_/id/6086/season/2025
2025,Botafogo,6086,2025-11-01,"Sat, Nov 1",,Brazilian Serie A,Mirassol,9169,Botafogo,6086,0,0,0 - 0,FT,E,fora,732894,https://www.espn.com/soccer/match/_/gameId/732894/botafogo-mirassol,ESPN,https://www.espn.com/soccer/team/results/_/id/6086/season/2025
2025,Botafogo,6086,2025-11-05,"Wed, Nov 5",,Brazilian Serie A,Botafogo,6086,Vasco da Gama,3454,3,0,3 - 0,FT,V,casa,732908,https://www.espn.com/soccer/match/_/gameId/732908/vasco-da-gama-botafogo,ESPN,https://www.espn.com/soccer/team/results/_/id/6086/season/2025
2025,Botafogo,6086,2025-11-09,"Sun, Nov 9",,Brazilian Serie A,Vitória,3457,Botafogo,6086,0,0,0 - 0,FT,E,fora,732912,https://www.espn.com/soccer/match/_/gameId/732912/botafogo-vitoria,ESPN,https://www.espn.com/soccer/team/results/_/id/6086/season/2025
2025,Botafogo,6086,2025-11-18,"Tue, Nov 18",,Brazilian Serie A,Botafogo,6086,Sport,7635,3,2,3 - 2,FT,V,casa,732927,https://www.espn.com/soccer/match/_/gameId/732927/sport-botafogo,ESPN,https://www.espn.com/soccer/team/results/_/id/6086/season/2025
2025,Botafogo,6086,2025-11-22,"Sat, Nov 22",,Brazilian Serie A,Botafogo,6086,Grêmio,6273,3,2,3 - 2,FT,V,casa,732937,https://www.espn.com/soccer/match/_/gameId/732937/gremio-botafogo,ESPN,https://www.espn.com/soccer/team/results/_/id/6086/season/2025
2025,Botafogo,6086,2025-11-30,"Sun, Nov 30",,Brazilian Serie A,Corinthians,874,Botafogo,6086,2,2,2 - 2,FT,E,fora,732941,https://www.espn.com/soccer/match/_/gameId/732941/botafogo-corinthians,ESPN,https://www.espn.com/soccer/team/results/_/id/6086/season/2025
2025,Botafogo,6086,2025-12-04,"Thu, Dec 4",,Brazilian Serie A,Cruzeiro,2022,Botafogo,6086,2,2,2 - 2,FT,E,fora,732952,https://www.espn.com/soccer/match/_/gameId/732952/botafogo-cruzeiro,ESPN,https://www.espn.com/soccer/team/results/_/id/6086/season/2025
2025,Botafogo,6086,2025-12-07,"Sun, Dec 7",,Brazilian Serie A,Botafogo,6086,Fortaleza,6272,4,2,4 - 2,FT,V,casa,732961,https://www.espn.com/soccer/match/_/gameId/732961/fortaleza-botafogo,ESPN,https://www.espn.com/soccer/team/results/_/id/6086/season/2025
2025,Ceará,9969,2025-01-22,"Wed, Jan 22",,Copa do Nordeste,Náutico,7633,Ceará,9969,1,0,1 - 0,FT,D,fora,730901,https://www.espn.com/soccer/match/_/gameId/730901/ceara-nautico,ESPN,https://www.espn.com/soccer/team/results/_/id/9969/season/2025
2025,Ceará,9969,2025-02-05,"Wed, Feb 5",,Copa do Nordeste,Ceará,9969,CSA,7531,1,0,1 - 0,FT,V,casa,730912,https://www.espn.com/soccer/match/_/gameId/730912/csa-ceara,ESPN,https://www.espn.com/soccer/team/results/_/id/9969/season/2025
2025,Ceará,9969,2025-02-12,"Wed, Feb 12",,Copa do Nordeste,Ceará,9969,Confiança,4875,1,1,1 - 1,FT,E,casa,730915,https://www.espn.com/soccer/match/_/gameId/730915/confianca-ceara,ESPN,https://www.espn.com/soccer/team/results/_/id/9969/season/2025
2025,Ceará,9969,2025-02-19,"Wed, Feb 19",,Copa do Brasil,Sergipe SE,4874,Ceará,9969,0,2,0 - 2,FT,V,fora,732328,https://www.espn.com/soccer/match/_/gameId/732328/ceara-sergipe-se,ESPN,https://www.espn.com/soccer/team/results/_/id/9969/season/2025
2025,Ceará,9969,2025-03-06,"Thu, Mar 6",,Copa do Nordeste,Ceará,9969,América-RN,7634,1,0,1 - 0,FT,V,casa,730930,https://www.espn.com/soccer/match/_/gameId/730930/america-rn-ceara,ESPN,https://www.espn.com/soccer/team/results/_/id/9969/season/2025
2025,Ceará,9969,2025-03-12,"Wed, Mar 12",,Copa do Brasil,Ceará,9969,Confiança,4875,2,2,2 - 2,FT-Pens,E,casa,733186,https://www.espn.com/soccer/match/_/gameId/733186/confianca-ceara,ESPN,https://www.espn.com/soccer/team/results/_/id/9969/season/2025
2025,Ceará,9969,2025-03-19,"Wed, Mar 19",,Copa do Nordeste,Ceará,9969,Juazeirense,18191,2,0,2 - 0,FT,V,casa,730941,https://www.espn.com/soccer/match/_/gameId/730941/juazeirense-ceara,ESPN,https://www.espn.com/soccer/team/results/_/id/9969/season/2025
2025,Ceará,9969,2025-03-26,"Wed, Mar 26",,Copa do Nordeste,Bahia,9967,Ceará,9969,3,2,3 - 2,FT,D,fora,730923,https://www.espn.com/soccer/match/_/gameId/730923/ceara-bahia,ESPN,https://www.espn.com/soccer/team/results/_/id/9969/season/2025
2025,Ceará,9969,2025-03-31,"Mon, Mar 31",,Brazilian Serie A,Red Bull Bragantino,6079,Ceará,9969,2,2,2 - 2,FT,E,fora,732597,https://www.espn.com/soccer/match/_/gameId/732597/ceara-red-bull-bragantino,ESPN,https://www.espn.com/soccer/team/results/_/id/9969/season/2025
2025,Ceará,9969,2025-04-05,"Sat, Apr 5",,Brazilian Serie A,Ceará,9969,Grêmio,6273,2,0,2 - 0,FT,V,casa,732601,https://www.espn.com/soccer/match/_/gameId/732601/gremio-ceara,ESPN,https://www.espn.com/soccer/team/results/_/id/9969/season/2025
2025,Ceará,9969,2025-04-12,"Sat, Apr 12",,Brazilian Serie A,Juventude,6270,Ceará,9969,2,1,2 - 1,FT,D,fora,732619,https://www.espn.com/soccer/match/_/gameId/732619/ceara-juventude,ESPN,https://www.espn.com/soccer/team/results/_/id/9969/season/2025
2025,Ceará,9969,2025-04-15,"Tue, Apr 15",,Brazilian Serie A,Ceará,9969,Vasco da Gama,3454,2,1,2 - 1,FT,V,casa,732622,https://www.espn.com/soccer/match/_/gameId/732622/vasco-da-gama-ceara,ESPN,https://www.espn.com/soccer/team/results/_/id/9969/season/2025
2025,Ceará,9969,2025-04-21,"Mon, Apr 21",,Brazilian Serie A,Bahia,9967,Ceará,9969,1,0,1 - 0,FT,D,fora,732631,https://www.espn.com/soccer/match/_/gameId/732631/ceara-bahia,ESPN,https://www.espn.com/soccer/team/results/_/id/9969/season/2025
2025,Ceará,9969,2025-04-26,"Sat, Apr 26",,Brazilian Serie A,Ceará,9969,São Paulo,2026,1,1,1 - 1,FT,E,casa,732648,https://www.espn.com/soccer/match/_/gameId/732648/sao-paulo-ceara,ESPN,https://www.espn.com/soccer/team/results/_/id/9969/season/2025
2025,Ceará,9969,2025-04-30,"Wed, Apr 30",,Copa do Brasil,Ceará,9969,Palmeiras,2029,0,1,0 - 1 1st Leg,FT,D,casa,735271,https://www.espn.com/soccer/match/_/gameId/735271/palmeiras-ceara,ESPN,https://www.espn.com/soccer/team/results/_/id/9969/season/2025
2025,Ceará,9969,2025-05-03,"Sat, May 3",,Brazilian Serie A,Ceará,9969,Vitória,3457,1,0,1 - 0,FT,V,casa,732659,https://www.espn.com/soccer/match/_/gameId/732659/vitoria-ceara,ESPN,https://www.espn.com/soccer/team/results/_/id/9969/season/2025
2025,Ceará,9969,2025-05-12,"Mon, May 12",,Brazilian Serie A,Santos,2674,Ceará,9969,0,0,0 - 0,FT,E,fora,732662,https://www.espn.com/soccer/match/_/gameId/732662/ceara-santos,ESPN,https://www.espn.com/soccer/team/results/_/id/9969/season/2025
2025,Ceará,9969,2025-05-17,"Sat, May 17",,Brazilian Serie A,Ceará,9969,Sport,7635,2,0,2 - 0,FT,V,casa,732672,https://www.espn.com/soccer/match/_/gameId/732672/sport-ceara,ESPN,https://www.espn.com/soccer/team/results/_/id/9969/season/2025
2025,Ceará,9969,2025-05-22,"Thu, May 22",,Copa do Brasil,Palmeiras,2029,Ceará,9969,3,0,3 - 0 2nd Leg,FT,D,fora,735289,https://www.espn.com/soccer/match/_/gameId/735289/ceara-palmeiras,ESPN,https://www.espn.com/soccer/team/results/_/id/9969/season/2025
2025,Ceará,9969,2025-06-01,"Sun, Jun 1",,Brazilian Serie A,Ceará,9969,Atlético-MG,7632,0,1,0 - 1,FT,D,casa,732698,https://www.espn.com/soccer/match/_/gameId/732698/atletico-mg-ceara,ESPN,https://www.espn.com/soccer/team/results/_/id/9969/season/2025
2025,Ceará,9969,2025-06-04,"Wed, Jun 4",,Brazilian Serie A,Botafogo,6086,Ceará,9969,3,2,3 - 2,FT,D,fora,732681,https://www.espn.com/soccer/match/_/gameId/732681/ceara-botafogo,ESPN,https://www.espn.com/soccer/team/results/_/id/9969/season/2025
2025,Ceará,9969,2025-06-07,"Sat, Jun 7",,Copa do Nordeste,Sampaio Corrêa,4873,Ceará,9969,1,2,1 - 2,FT,V,fora,730952,https://www.espn.com/soccer/match/_/gameId/730952/ceara-sampaio-correa,ESPN,https://www.espn.com/soccer/team/results/_/id/9969/season/2025
2025,Ceará,9969,2025-07-09,"Wed, Jul 9",,Copa do Nordeste,Sport,7635,Ceará,9969,0,0,0 - 0 Ceará wins 4-2 on Penalty Kicks,FT-Pens,E,fora,735079,https://www.espn.com/soccer/match/_/gameId/735079/ceara-sport,ESPN,https://www.espn.com/soccer/team/results/_/id/9969/season/2025
2025,Ceará,9969,2025-07-13,"Sun, Jul 13",,Brazilian Serie A,Fortaleza,6272,Ceará,9969,0,1,0 - 1,FT,V,fora,732717,https://www.espn.com/soccer/match/_/gameId/732717/ceara-fortaleza,ESPN,https://www.espn.com/soccer/team/results/_/id/9969/season/2025
2025,Ceará,9969,2025-07-16,"Wed, Jul 16",,Brazilian Serie A,Ceará,9969,Corinthians,874,0,1,0 - 1,FT,D,casa,732726,https://www.espn.com/soccer/match/_/gameId/732726/corinthians-ceara,ESPN,https://www.espn.com/soccer/team/results/_/id/9969/season/2025
2025,Ceará,9969,2025-07-20,"Sun, Jul 20",,Brazilian Serie A,Internacional,1936,Ceará,9969,1,0,1 - 0,FT,D,fora,732730,https://www.espn.com/soccer/match/_/gameId/732730/ceara-internacional,ESPN,https://www.espn.com/soccer/team/results/_/id/9969/season/2025
2025,Ceará,9969,2025-07-23,"Wed, Jul 23",,Brazilian Serie A,Ceará,9969,Mirassol,9169,0,2,0 - 2,FT,D,casa,732741,https://www.espn.com/soccer/match/_/gameId/732741/mirassol-ceara,ESPN,https://www.espn.com/soccer/team/results/_/id/9969/season/2025
2025,Ceará,9969,2025-07-27,"Sun, Jul 27",,Brazilian Serie A,Cruzeiro,2022,Ceará,9969,1,2,1 - 2,FT,V,fora,732757,https://www.espn.com/soccer/match/_/gameId/732757/ceara-cruzeiro,ESPN,https://www.espn.com/soccer/team/results/_/id/9969/season/2025
2025,Ceará,9969,2025-08-03,"Sun, Aug 3",,Brazilian Serie A,Ceará,9969,Flamengo,819,1,1,1 - 1,FT,E,casa,732762,https://www.espn.com/soccer/match/_/gameId/732762/flamengo-ceara,ESPN,https://www.espn.com/soccer/team/results/_/id/9969/season/2025
2025,Ceará,9969,2025-08-10,"Sun, Aug 10",,Brazilian Serie A,Palmeiras,2029,Ceará,9969,2,1,2 - 1,FT,D,fora,732776,https://www.espn.com/soccer/match/_/gameId/732776/ceara-palmeiras,ESPN,https://www.espn.com/soccer/team/results/_/id/9969/season/2025
2025,Ceará,9969,2025-08-16,"Sat, Aug 16",,Brazilian Serie A,Ceará,9969,Red Bull Bragantino,6079,1,0,1 - 0,FT,V,casa,732781,https://www.espn.com/soccer/match/_/gameId/732781/red-bull-bragantino-ceara,ESPN,https://www.espn.com/soccer/team/results/_/id/9969/season/2025
2025,Ceará,9969,2025-08-20,"Wed, Aug 20",,Copa do Nordeste,Bahia,9967,Ceará,9969,1,0,1 - 0,FT,D,fora,754532,https://www.espn.com/soccer/match/_/gameId/754532/ceara-bahia,ESPN,https://www.espn.com/soccer/team/results/_/id/9969/season/2025
2025,Ceará,9969,2025-08-23,"Sat, Aug 23",,Brazilian Serie A,Grêmio,6273,Ceará,9969,0,0,0 - 0,FT,E,fora,732794,https://www.espn.com/soccer/match/_/gameId/732794/ceara-gremio,ESPN,https://www.espn.com/soccer/team/results/_/id/9969/season/2025
2025,Ceará,9969,2025-08-30,"Sat, Aug 30",,Brazilian Serie A,Ceará,9969,Juventude,6270,0,1,0 - 1,FT,D,casa,732801,https://www.espn.com/soccer/match/_/gameId/732801/juventude-ceara,ESPN,https://www.espn.com/soccer/team/results/_/id/9969/season/2025
2025,Ceará,9969,2025-09-14,"Sun, Sep 14",,Brazilian Serie A,Vasco da Gama,3454,Ceará,9969,2,2,2 - 2,FT,E,fora,732814,https://www.espn.com/soccer/match/_/gameId/732814/ceara-vasco-da-gama,ESPN,https://www.espn.com/soccer/team/results/_/id/9969/season/2025
2025,Ceará,9969,2025-09-20,"Sat, Sep 20",,Brazilian Serie A,Ceará,9969,Bahia,9967,1,1,1 - 1,FT,E,casa,732822,https://www.espn.com/soccer/match/_/gameId/732822/bahia-ceara,ESPN,https://www.espn.com/soccer/team/results/_/id/9969/season/2025
2025,Ceará,9969,2025-09-29,"Mon, Sep 29",,Brazilian Serie A,São Paulo,2026,Ceará,9969,0,1,0 - 1,FT,V,fora,732839,https://www.espn.com/soccer/match/_/gameId/732839/ceara-sao-paulo,ESPN,https://www.espn.com/soccer/team/results/_/id/9969/season/2025
2025,Ceará,9969,2025-10-02,"Thu, Oct 2",,Brazilian Serie A,Vitória,3457,Ceará,9969,1,0,1 - 0,FT,D,fora,732844,https://www.espn.com/soccer/match/_/gameId/732844/ceara-vitoria,ESPN,https://www.espn.com/soccer/team/results/_/id/9969/season/2025
2025,Ceará,9969,2025-10-05,"Sun, Oct 5",,Brazilian Serie A,Ceará,9969,Santos,2674,3,0,3 - 0,FT,V,casa,732852,https://www.espn.com/soccer/match/_/gameId/732852/santos-ceara,ESPN,https://www.espn.com/soccer/team/results/_/id/9969/season/2025
2025,Ceará,9969,2025-10-15,"Wed, Oct 15",,Brazilian Serie A,Sport,7635,Ceará,9969,1,1,1 - 1,FT,E,fora,732869,https://www.espn.com/soccer/match/_/gameId/732869/ceara-sport,ESPN,https://www.espn.com/soccer/team/results/_/id/9969/season/2025
2025,Ceará,9969,2025-10-19,"Sun, Oct 19",,Brazilian Serie A,Ceará,9969,Botafogo,6086,0,2,0 - 2,FT,D,casa,732877,https://www.espn.com/soccer/match/_/gameId/732877/botafogo-ceara,ESPN,https://www.espn.com/soccer/team/results/_/id/9969/season/2025
2025,Ceará,9969,2025-10-25,"Sat, Oct 25",,Brazilian Serie A,Atlético-MG,7632,Ceará,9969,1,0,1 - 0,FT,D,fora,732888,https://www.espn.com/soccer/match/_/gameId/732888/ceara-atletico-mg,ESPN,https://www.espn.com/soccer/team/results/_/id/9969/season/2025
2025,Ceará,9969,2025-10-29,"Wed, Oct 29",,Brazilian Serie A,Fluminense,3445,Ceará,9969,1,0,1 - 0,FT,D,fora,732702,https://www.espn.com/soccer/match/_/gameId/732702/ceara-fluminense,ESPN,https://www.espn.com/soccer/team/results/_/id/9969/season/2025
2025,Ceará,9969,2025-11-02,"Sun, Nov 2",,Brazilian Serie A,Ceará,9969,Fluminense,3445,2,0,2 - 0,FT,V,casa,732891,https://www.espn.com/soccer/match/_/gameId/732891/fluminense-ceara,ESPN,https://www.espn.com/soccer/team/results/_/id/9969/season/2025
2025,Ceará,9969,2025-11-06,"Thu, Nov 6",,Brazilian Serie A,Ceará,9969,Fortaleza,6272,1,1,1 - 1,FT,E,casa,732907,https://www.espn.com/soccer/match/_/gameId/732907/fortaleza-ceara,ESPN,https://www.espn.com/soccer/team/results/_/id/9969/season/2025
2025,Ceará,9969,2025-11-09,"Sun, Nov 9",,Brazilian Serie A,Corinthians,874,Ceará,9969,0,1,0 - 1,FT,V,fora,732913,https://www.espn.com/soccer/match/_/gameId/732913/ceara-corinthians,ESPN,https://www.espn.com/soccer/team/results/_/id/9969/season/2025
2025,Ceará,9969,2025-11-20,"Thu, Nov 20",,Brazilian Serie A,Ceará,9969,Internacional,1936,1,2,1 - 2,FT,D,casa,732926,https://www.espn.com/soccer/match/_/gameId/732926/internacional-ceara,ESPN,https://www.espn.com/soccer/team/results/_/id/9969/season/2025
2025,Ceará,9969,2025-11-24,"Mon, Nov 24",,Brazilian Serie A,Mirassol,9169,Ceará,9969,3,0,3 - 0,FT,D,fora,732932,https://www.espn.com/soccer/match/_/gameId/732932/ceara-mirassol,ESPN,https://www.espn.com/soccer/team/results/_/id/9969/season/2025
2025,Ceará,9969,2025-11-29,"Sat, Nov 29",,Brazilian Serie A,Ceará,9969,Cruzeiro,2022,1,1,1 - 1,FT,E,casa,732942,https://www.espn.com/soccer/match/_/gameId/732942/cruzeiro-ceara,ESPN,https://www.espn.com/soccer/team/results/_/id/9969/season/2025
2025,Ceará,9969,2025-12-03,"Wed, Dec 3",,Brazilian Serie A,Flamengo,819,Ceará,9969,1,0,1 - 0,FT,D,fora,732951,https://www.espn.com/soccer/match/_/gameId/732951/ceara-flamengo,ESPN,https://www.espn.com/soccer/team/results/_/id/9969/season/2025
2025,Ceará,9969,2025-12-07,"Sun, Dec 7",,Brazilian Serie A,Ceará,9969,Palmeiras,2029,1,3,1 - 3,FT,D,casa,732962,https://www.espn.com/soccer/match/_/gameId/732962/palmeiras-ceara,ESPN,https://www.espn.com/soccer/team/results/_/id/9969/season/2025
2025,Corinthians,874,2025-01-16,"Thu, Jan 16",,Brazilian Campeonato Paulista,Red Bull Bragantino,6079,Corinthians,874,1,2,1 - 2,FT,V,fora,724071,https://www.espn.com/soccer/match/_/gameId/724071/corinthians-red-bull-bragantino,ESPN,https://www.espn.com/soccer/team/results/_/id/874/season/2025
2025,Corinthians,874,2025-01-19,"Sun, Jan 19",,Brazilian Campeonato Paulista,Corinthians,874,AE Velo Clube,22487,2,1,2 - 1,FT,V,casa,724082,https://www.espn.com/soccer/match/_/gameId/724082/ae-velo-clube-corinthians,ESPN,https://www.espn.com/soccer/team/results/_/id/874/season/2025
2025,Corinthians,874,2025-01-22,"Wed, Jan 22",,Brazilian Campeonato Paulista,Corinthians,874,Água Santa,18128,2,1,2 - 1,FT,V,casa,724090,https://www.espn.com/soccer/match/_/gameId/724090/agua-santa-corinthians,ESPN,https://www.espn.com/soccer/team/results/_/id/874/season/2025
2025,Corinthians,874,2025-01-26,"Sun, Jan 26",,Brazilian Campeonato Paulista,São Paulo,2026,Corinthians,874,3,1,3 - 1,FT,D,fora,724099,https://www.espn.com/soccer/match/_/gameId/724099/corinthians-sao-paulo,ESPN,https://www.espn.com/soccer/team/results/_/id/874/season/2025
2025,Corinthians,874,2025-01-29,"Wed, Jan 29",,Brazilian Campeonato Paulista,Ponte Preta,3459,Corinthians,874,0,1,0 - 1,FT,V,fora,724101,https://www.espn.com/soccer/match/_/gameId/724101/corinthians-ponte-preta,ESPN,https://www.espn.com/soccer/team/results/_/id/874/season/2025
2025,Corinthians,874,2025-02-01,"Sat, Feb 1",,Brazilian Campeonato Paulista,Corinthians,874,EC Noroeste,22486,2,1,2 - 1,FT,V,casa,724110,https://www.espn.com/soccer/match/_/gameId/724110/ec-noroeste-corinthians,ESPN,https://www.espn.com/soccer/team/results/_/id/874/season/2025
2025,Corinthians,874,2025-02-03,"Mon, Feb 3",,Brazilian Campeonato Paulista,Novorizontino,18127,Corinthians,874,0,1,0 - 1,FT,V,fora,724152,https://www.espn.com/soccer/match/_/gameId/724152/corinthians-novorizontino,ESPN,https://www.espn.com/soccer/team/results/_/id/874/season/2025
2025,Corinthians,874,2025-02-06,"Thu, Feb 6",,Brazilian Campeonato Paulista,Palmeiras,2029,Corinthians,874,1,1,1 - 1,FT,E,fora,724117,https://www.espn.com/soccer/match/_/gameId/724117/corinthians-palmeiras,ESPN,https://www.espn.com/soccer/team/results/_/id/874/season/2025
2025,Corinthians,874,2025-02-09,"Sun, Feb 9",,Brazilian Campeonato Paulista,Corinthians,874,São Bernardo,11268,2,0,2 - 0,FT,V,casa,724124,https://www.espn.com/soccer/match/_/gameId/724124/sao-bernardo-corinthians,ESPN,https://www.espn.com/soccer/team/results/_/id/874/season/2025
2025,Corinthians,874,2025-02-12,"Wed, Feb 12",,Brazilian Campeonato Paulista,Corinthians,874,Santos,2674,2,1,2 - 1,FT,V,casa,724139,https://www.espn.com/soccer/match/_/gameId/724139/santos-corinthians,ESPN,https://www.espn.com/soccer/team/results/_/id/874/season/2025
2025,Corinthians,874,2025-02-15,"Sat, Feb 15",,Brazilian Campeonato Paulista,Portuguesa,4773,Corinthians,874,2,2,2 - 2,FT,E,fora,724145,https://www.espn.com/soccer/match/_/gameId/724145/corinthians-portuguesa,ESPN,https://www.espn.com/soccer/team/results/_/id/874/season/2025
2025,Corinthians,874,2025-02-19,"Wed, Feb 19",,CONMEBOL Libertadores,Universidad Central,10094,Corinthians,874,1,1,1 - 1 1st Leg,FT,E,fora,726774,https://www.espn.com/soccer/match/_/gameId/726774/corinthians-universidad-central,ESPN,https://www.espn.com/soccer/team/results/_/id/874/season/2025
2025,Corinthians,874,2025-02-23,"Sun, Feb 23",,Brazilian Campeonato Paulista,Corinthians,874,Guarani,3448,2,2,2 - 2,FT,E,casa,724161,https://www.espn.com/soccer/match/_/gameId/724161/guarani-corinthians,ESPN,https://www.espn.com/soccer/team/results/_/id/874/season/2025
2025,Corinthians,874,2025-02-26,"Wed, Feb 26",,CONMEBOL Libertadores,Corinthians,874,Universidad Central,10094,3,2,3 - 2 2nd Leg · Corinthians wins 4-3 on aggregate,FT,V,casa,726782,https://www.espn.com/soccer/match/_/gameId/726782/universidad-central-corinthians,ESPN,https://www.espn.com/soccer/team/results/_/id/874/season/2025
2025,Corinthians,874,2025-03-02,"Sun, Mar 2",,Brazilian Campeonato Paulista,Corinthians,874,Mirassol,9169,2,0,2 - 0,FT,V,casa,733701,https://www.espn.com/soccer/match/_/gameId/733701/mirassol-corinthians,ESPN,https://www.espn.com/soccer/team/results/_/id/874/season/2025
2025,Corinthians,874,2025-03-05,"Wed, Mar 5",,CONMEBOL Libertadores,Barcelona SC,2686,Corinthians,874,3,0,3 - 0 1st Leg,FT,D,fora,733749,https://www.espn.com/soccer/match/_/gameId/733749/corinthians-barcelona-sc,ESPN,https://www.espn.com/soccer/team/results/_/id/874/season/2025
2025,Corinthians,874,2025-03-09,"Sun, Mar 9",,Brazilian Campeonato Paulista,Corinthians,874,Santos,2674,2,1,2 - 1,FT,V,casa,733961,https://www.espn.com/soccer/match/_/gameId/733961/santos-corinthians,ESPN,https://www.espn.com/soccer/team/results/_/id/874/season/2025
2025,Corinthians,874,2025-03-12,"Wed, Mar 12",,CONMEBOL Libertadores,Corinthians,874,Barcelona SC,2686,2,0,2 - 0 2nd Leg · Barcelona SC wins 3-2 on aggregate,FT,V,casa,733753,https://www.espn.com/soccer/match/_/gameId/733753/barcelona-sc-corinthians,ESPN,https://www.espn.com/soccer/team/results/_/id/874/season/2025
2025,Corinthians,874,2025-03-16,"Sun, Mar 16",,Brazilian Campeonato Paulista,Palmeiras,2029,Corinthians,874,0,1,0 - 1 1st Leg,FT,V,fora,734256,https://www.espn.com/soccer/match/_/gameId/734256/corinthians-palmeiras,ESPN,https://www.espn.com/soccer/team/results/_/id/874/season/2025
2025,Corinthians,874,2025-03-27,"Thu, Mar 27",,Brazilian Campeonato Paulista,Corinthians,874,Palmeiras,2029,0,0,0 - 0 2nd Leg,FT,E,casa,734257,https://www.espn.com/soccer/match/_/gameId/734257/palmeiras-corinthians,ESPN,https://www.espn.com/soccer/team/results/_/id/874/season/2025
2025,Corinthians,874,2025-03-30,"Sun, Mar 30",,Brazilian Serie A,Bahia,9967,Corinthians,874,1,1,1 - 1,FT,E,fora,732590,https://www.espn.com/soccer/match/_/gameId/732590/corinthians-bahia,ESPN,https://www.espn.com/soccer/team/results/_/id/874/season/2025
2025,Corinthians,874,2025-04-02,"Wed, Apr 2",,CONMEBOL Sudamericana,Corinthians,874,Huracán,10,1,2,1 - 2,FT,D,casa,734676,https://www.espn.com/soccer/match/_/gameId/734676/huracan-corinthians,ESPN,https://www.espn.com/soccer/team/results/_/id/874/season/2025
2025,Corinthians,874,2025-04-05,"Sat, Apr 5",,Brazilian Serie A,Corinthians,874,Vasco da Gama,3454,3,0,3 - 0,FT,V,casa,732600,https://www.espn.com/soccer/match/_/gameId/732600/vasco-da-gama-corinthians,ESPN,https://www.espn.com/soccer/team/results/_/id/874/season/2025
2025,Corinthians,874,2025-04-08,"Tue, Apr 8",,CONMEBOL Sudamericana,América de Cali,8109,Corinthians,874,1,1,1 - 1,FT,E,fora,734689,https://www.espn.com/soccer/match/_/gameId/734689/corinthians-america-de-cali,ESPN,https://www.espn.com/soccer/team/results/_/id/874/season/2025
2025,Corinthians,874,2025-04-12,"Sat, Apr 12",,Brazilian Serie A,Palmeiras,2029,Corinthians,874,2,0,2 - 0,FT,D,fora,732613,https://www.espn.com/soccer/match/_/gameId/732613/corinthians-palmeiras,ESPN,https://www.espn.com/soccer/team/results/_/id/874/season/2025
2025,Corinthians,874,2025-04-16,"Wed, Apr 16",,Brazilian Serie A,Corinthians,874,Fluminense,3445,0,2,0 - 2,FT,D,casa,732621,https://www.espn.com/soccer/match/_/gameId/732621/fluminense-corinthians,ESPN,https://www.espn.com/soccer/team/results/_/id/874/season/2025
2025,Corinthians,874,2025-04-19,"Sat, Apr 19",,Brazilian Serie A,Corinthians,874,Sport,7635,2,1,2 - 1,FT,V,casa,732639,https://www.espn.com/soccer/match/_/gameId/732639/sport-corinthians,ESPN,https://www.espn.com/soccer/team/results/_/id/874/season/2025
2025,Corinthians,874,2025-04-24,"Thu, Apr 24",,CONMEBOL Sudamericana,Corinthians,874,Racing (Montevideo),9903,1,0,1 - 0,FT,V,casa,734709,https://www.espn.com/soccer/match/_/gameId/734709/racing-montevideo-corinthians,ESPN,https://www.espn.com/soccer/team/results/_/id/874/season/2025
2025,Corinthians,874,2025-04-27,"Sun, Apr 27",,Brazilian Serie A,Flamengo,819,Corinthians,874,4,0,4 - 0,FT,D,fora,732646,https://www.espn.com/soccer/match/_/gameId/732646/corinthians-flamengo,ESPN,https://www.espn.com/soccer/team/results/_/id/874/season/2025
2025,Corinthians,874,2025-04-30,"Wed, Apr 30",,Copa do Brasil,Novorizontino,18127,Corinthians,874,0,1,0 - 1 1st Leg,FT,V,fora,735275,https://www.espn.com/soccer/match/_/gameId/735275/corinthians-novorizontino,ESPN,https://www.espn.com/soccer/team/results/_/id/874/season/2025
2025,Corinthians,874,2025-05-03,"Sat, May 3",,Brazilian Serie A,Corinthians,874,Internacional,1936,4,2,4 - 2,FT,V,casa,732651,https://www.espn.com/soccer/match/_/gameId/732651/internacional-corinthians,ESPN,https://www.espn.com/soccer/team/results/_/id/874/season/2025
2025,Corinthians,874,2025-05-06,"Tue, May 6",,CONMEBOL Sudamericana,Corinthians,874,América de Cali,8109,1,1,1 - 1,FT,E,casa,734736,https://www.espn.com/soccer/match/_/gameId/734736/america-de-cali-corinthians,ESPN,https://www.espn.com/soccer/team/results/_/id/874/season/2025
2025,Corinthians,874,2025-05-10,"Sat, May 10",,Brazilian Serie A,Mirassol,9169,Corinthians,874,2,1,2 - 1,FT,D,fora,732669,https://www.espn.com/soccer/match/_/gameId/732669/corinthians-mirassol,ESPN,https://www.espn.com/soccer/team/results/_/id/874/season/2025
2025,Corinthians,874,2025-05-15,"Thu, May 15",,CONMEBOL Sudamericana,Racing (Montevideo),9903,Corinthians,874,0,1,0 - 1,FT,V,fora,734747,https://www.espn.com/soccer/match/_/gameId/734747/corinthians-racing-montevideo,ESPN,https://www.espn.com/soccer/team/results/_/id/874/season/2025
2025,Corinthians,874,2025-05-18,"Sun, May 18",,Brazilian Serie A,Corinthians,874,Santos,2674,1,0,1 - 0,FT,V,casa,732671,https://www.espn.com/soccer/match/_/gameId/732671/santos-corinthians,ESPN,https://www.espn.com/soccer/team/results/_/id/874/season/2025
2025,Corinthians,874,2025-05-21,"Wed, May 21",,Copa do Brasil,Corinthians,874,Novorizontino,18127,1,0,1 - 0 2nd Leg,FT,V,casa,735295,https://www.espn.com/soccer/match/_/gameId/735295/novorizontino-corinthians,ESPN,https://www.espn.com/soccer/team/results/_/id/874/season/2025
2025,Corinthians,874,2025-05-24,"Sat, May 24",,Brazilian Serie A,Atlético-MG,7632,Corinthians,874,0,0,0 - 0,FT,E,fora,732680,https://www.espn.com/soccer/match/_/gameId/732680/corinthians-atletico-mg,ESPN,https://www.espn.com/soccer/team/results/_/id/874/season/2025
2025,Corinthians,874,2025-05-27,"Tue, May 27",,CONMEBOL Sudamericana,Huracán,10,Corinthians,874,1,0,1 - 0,FT,D,fora,734765,https://www.espn.com/soccer/match/_/gameId/734765/corinthians-huracan,ESPN,https://www.espn.com/soccer/team/results/_/id/874/season/2025
2025,Corinthians,874,2025-06-01,"Sun, Jun 1",,Brazilian Serie A,Corinthians,874,Vitória,3457,0,0,0 - 0,FT,E,casa,732697,https://www.espn.com/soccer/match/_/gameId/732697/vitoria-corinthians,ESPN,https://www.espn.com/soccer/team/results/_/id/874/season/2025
2025,Corinthians,874,2025-06-12,"Thu, Jun 12",,Brazilian Serie A,Grêmio,6273,Corinthians,874,1,1,1 - 1,FT,E,fora,732709,https://www.espn.com/soccer/match/_/gameId/732709/corinthians-gremio,ESPN,https://www.espn.com/soccer/team/results/_/id/874/season/2025
2025,Corinthians,874,2025-07-13,"Sun, Jul 13",,Brazilian Serie A,Corinthians,874,Red Bull Bragantino,6079,1,2,1 - 2,FT,D,casa,732719,https://www.espn.com/soccer/match/_/gameId/732719/red-bull-bragantino-corinthians,ESPN,https://www.espn.com/soccer/team/results/_/id/874/season/2025
2025,Corinthians,874,2025-07-16,"Wed, Jul 16",,Brazilian Serie A,Ceará,9969,Corinthians,874,0,1,0 - 1,FT,V,fora,732726,https://www.espn.com/soccer/match/_/gameId/732726/corinthians-ceara,ESPN,https://www.espn.com/soccer/team/results/_/id/874/season/2025
2025,Corinthians,874,2025-07-19,"Sat, Jul 19",,Brazilian Serie A,São Paulo,2026,Corinthians,874,2,0,2 - 0,FT,D,fora,732737,https://www.espn.com/soccer/match/_/gameId/732737/corinthians-sao-paulo,ESPN,https://www.espn.com/soccer/team/results/_/id/874/season/2025
2025,Corinthians,874,2025-07-23,"Wed, Jul 23",,Brazilian Serie A,Corinthians,874,Cruzeiro,2022,0,0,0 - 0,FT,E,casa,732749,https://www.espn.com/soccer/match/_/gameId/732749/cruzeiro-corinthians,ESPN,https://www.espn.com/soccer/team/results/_/id/874/season/2025
2025,Corinthians,874,2025-07-26,"Sat, Jul 26",,Brazilian Serie A,Botafogo,6086,Corinthians,874,1,1,1 - 1,FT,E,fora,732758,https://www.espn.com/soccer/match/_/gameId/732758/corinthians-botafogo,ESPN,https://www.espn.com/soccer/team/results/_/id/874/season/2025
2025,Corinthians,874,2025-07-30,"Wed, Jul 30",,Copa do Brasil,Corinthians,874,Palmeiras,2029,1,0,1 - 0 1st Leg,FT,V,casa,736503,https://www.espn.com/soccer/match/_/gameId/736503/palmeiras-corinthians,ESPN,https://www.espn.com/soccer/team/results/_/id/874/season/2025
2025,Corinthians,874,2025-08-03,"Sun, Aug 3",,Brazilian Serie A,Corinthians,874,Fortaleza,6272,1,1,1 - 1,FT,E,casa,732763,https://www.espn.com/soccer/match/_/gameId/732763/fortaleza-corinthians,ESPN,https://www.espn.com/soccer/team/results/_/id/874/season/2025
2025,Corinthians,874,2025-08-06,"Wed, Aug 6",,Copa do Brasil,Palmeiras,2029,Corinthians,874,0,2,0 - 2 2nd Leg,FT,V,fora,736513,https://www.espn.com/soccer/match/_/gameId/736513/corinthians-palmeiras,ESPN,https://www.espn.com/soccer/team/results/_/id/874/season/2025
2025,Corinthians,874,2025-08-11,"Mon, Aug 11",,Brazilian Serie A,Juventude,6270,Corinthians,874,2,1,2 - 1,FT,D,fora,732775,https://www.espn.com/soccer/match/_/gameId/732775/corinthians-juventude,ESPN,https://www.espn.com/soccer/team/results/_/id/874/season/2025
2025,Corinthians,874,2025-08-16,"Sat, Aug 16",,Brazilian Serie A,Corinthians,874,Bahia,9967,1,2,1 - 2,FT,D,casa,732780,https://www.espn.com/soccer/match/_/gameId/732780/bahia-corinthians,ESPN,https://www.espn.com/soccer/team/results/_/id/874/season/2025
2025,Corinthians,874,2025-08-24,"Sun, Aug 24",,Brazilian Serie A,Vasco da Gama,3454,Corinthians,874,2,3,2 - 3,FT,V,fora,732795,https://www.espn.com/soccer/match/_/gameId/732795/corinthians-vasco-da-gama,ESPN,https://www.espn.com/soccer/team/results/_/id/874/season/2025
2025,Corinthians,874,2025-08-27,"Wed, Aug 27",,Copa do Brasil,Athletico Paranaense,3458,Corinthians,874,0,1,0 - 1 1st Leg,FT,V,fora,755891,https://www.espn.com/soccer/match/_/gameId/755891/corinthians-athletico-paranaense,ESPN,https://www.espn.com/soccer/team/results/_/id/874/season/2025
2025,Corinthians,874,2025-08-31,"Sun, Aug 31",,Brazilian Serie A,Corinthians,874,Palmeiras,2029,1,1,1 - 1,FT,E,casa,732802,https://www.espn.com/soccer/match/_/gameId/732802/palmeiras-corinthians,ESPN,https://www.espn.com/soccer/team/results/_/id/874/season/2025
2025,Corinthians,874,2025-09-10,"Wed, Sep 10",,Copa do Brasil,Corinthians,874,Athletico Paranaense,3458,2,0,2 - 0 2nd Leg,FT,V,casa,755896,https://www.espn.com/soccer/match/_/gameId/755896/athletico-paranaense-corinthians,ESPN,https://www.espn.com/soccer/team/results/_/id/874/season/2025
2025,Corinthians,874,2025-09-13,"Sat, Sep 13",,Brazilian Serie A,Fluminense,3445,Corinthians,874,0,1,0 - 1,FT,V,fora,732811,https://www.espn.com/soccer/match/_/gameId/732811/corinthians-fluminense,ESPN,https://www.espn.com/soccer/team/results/_/id/874/season/2025
2025,Corinthians,874,2025-09-21,"Sun, Sep 21",,Brazilian Serie A,Sport,7635,Corinthians,874,1,0,1 - 0,FT,D,fora,732826,https://www.espn.com/soccer/match/_/gameId/732826/corinthians-sport,ESPN,https://www.espn.com/soccer/team/results/_/id/874/season/2025
2025,Corinthians,874,2025-09-28,"Sun, Sep 28",,Brazilian Serie A,Corinthians,874,Flamengo,819,1,2,1 - 2,FT,D,casa,732832,https://www.espn.com/soccer/match/_/gameId/732832/flamengo-corinthians,ESPN,https://www.espn.com/soccer/team/results/_/id/874/season/2025
2025,Corinthians,874,2025-10-01,"Wed, Oct 1",,Brazilian Serie A,Internacional,1936,Corinthians,874,1,1,1 - 1,FT,E,fora,732849,https://www.espn.com/soccer/match/_/gameId/732849/corinthians-internacional,ESPN,https://www.espn.com/soccer/team/results/_/id/874/season/2025
2025,Corinthians,874,2025-10-04,"Sat, Oct 4",,Brazilian Serie A,Corinthians,874,Mirassol,9169,3,0,3 - 0,FT,V,casa,732851,https://www.espn.com/soccer/match/_/gameId/732851/mirassol-corinthians,ESPN,https://www.espn.com/soccer/team/results/_/id/874/season/2025
2025,Corinthians,874,2025-10-15,"Wed, Oct 15",,Brazilian Serie A,Santos,2674,Corinthians,874,3,1,3 - 1,FT,D,fora,732865,https://www.espn.com/soccer/match/_/gameId/732865/corinthians-santos,ESPN,https://www.espn.com/soccer/team/results/_/id/874/season/2025
2025,Corinthians,874,2025-10-18,"Sat, Oct 18",,Brazilian Serie A,Corinthians,874,Atlético-MG,7632,1,0,1 - 0,FT,V,casa,732876,https://www.espn.com/soccer/match/_/gameId/732876/atletico-mg-corinthians,ESPN,https://www.espn.com/soccer/team/results/_/id/874/season/2025
2025,Corinthians,874,2025-10-25,"Sat, Oct 25",,Brazilian Serie A,Vitória,3457,Corinthians,874,0,1,0 - 1,FT,V,fora,732889,https://www.espn.com/soccer/match/_/gameId/732889/corinthians-vitoria,ESPN,https://www.espn.com/soccer/team/results/_/id/874/season/2025
2025,Corinthians,874,2025-11-02,"Sun, Nov 2",,Brazilian Serie A,Corinthians,874,Grêmio,6273,2,0,2 - 0,FT,V,casa,732899,https://www.espn.com/soccer/match/_/gameId/732899/gremio-corinthians,ESPN,https://www.espn.com/soccer/team/results/_/id/874/season/2025
2025,Corinthians,874,2025-11-05,"Wed, Nov 5",,Brazilian Serie A,Red Bull Bragantino,6079,Corinthians,874,2,1,2 - 1,FT,D,fora,732903,https://www.espn.com/soccer/match/_/gameId/732903/corinthians-red-bull-bragantino,ESPN,https://www.espn.com/soccer/team/results/_/id/874/season/2025
2025,Corinthians,874,2025-11-09,"Sun, Nov 9",,Brazilian Serie A,Corinthians,874,Ceará,9969,0,1,0 - 1,FT,D,casa,732913,https://www.espn.com/soccer/match/_/gameId/732913/ceara-corinthians,ESPN,https://www.espn.com/soccer/team/results/_/id/874/season/2025
2025,Corinthians,874,2025-11-20,"Thu, Nov 20",,Brazilian Serie A,Corinthians,874,São Paulo,2026,3,1,3 - 1,FT,V,casa,732925,https://www.espn.com/soccer/match/_/gameId/732925/sao-paulo-corinthians,ESPN,https://www.espn.com/soccer/team/results/_/id/874/season/2025
2025,Corinthians,874,2025-11-23,"Sun, Nov 23",,Brazilian Serie A,Cruzeiro,2022,Corinthians,874,3,0,3 - 0,FT,D,fora,732936,https://www.espn.com/soccer/match/_/gameId/732936/corinthians-cruzeiro,ESPN,https://www.espn.com/soccer/team/results/_/id/874/season/2025
2025,Corinthians,874,2025-11-30,"Sun, Nov 30",,Brazilian Serie A,Corinthians,874,Botafogo,6086,2,2,2 - 2,FT,E,casa,732941,https://www.espn.com/soccer/match/_/gameId/732941/botafogo-corinthians,ESPN,https://www.espn.com/soccer/team/results/_/id/874/season/2025
2025,Corinthians,874,2025-12-03,"Wed, Dec 3",,Brazilian Serie A,Fortaleza,6272,Corinthians,874,2,1,2 - 1,FT,D,fora,732950,https://www.espn.com/soccer/match/_/gameId/732950/corinthians-fortaleza,ESPN,https://www.espn.com/soccer/team/results/_/id/874/season/2025
2025,Corinthians,874,2025-12-07,"Sun, Dec 7",,Brazilian Serie A,Corinthians,874,Juventude,6270,1,1,1 - 1,FT,E,casa,732963,https://www.espn.com/soccer/match/_/gameId/732963/juventude-corinthians,ESPN,https://www.espn.com/soccer/team/results/_/id/874/season/2025
2025,Corinthians,874,2025-12-10,"Wed, Dec 10",,Copa do Brasil,Cruzeiro,2022,Corinthians,874,0,1,0 - 1 1st Leg,FT,V,fora,760847,https://www.espn.com/soccer/match/_/gameId/760847/corinthians-cruzeiro,ESPN,https://www.espn.com/soccer/team/results/_/id/874/season/2025
2025,Corinthians,874,2025-12-14,"Sun, Dec 14",,Copa do Brasil,Corinthians,874,Cruzeiro,2022,1,2,1 - 2 2nd Leg · Tied 2-2 on aggregate · Cruzeiro wins 4-5 on Penalty Kicks,FT-Pens,D,casa,760849,https://www.espn.com/soccer/match/_/gameId/760849/cruzeiro-corinthians,ESPN,https://www.espn.com/soccer/team/results/_/id/874/season/2025
2025,Corinthians,874,2025-12-17,"Wed, Dec 17",,Copa do Brasil,Corinthians,874,Vasco da Gama,3454,0,0,0 - 0 1st Leg,FT,E,casa,763014,https://www.espn.com/soccer/match/_/gameId/763014/vasco-da-gama-corinthians,ESPN,https://www.espn.com/soccer/team/results/_/id/874/season/2025
2025,Corinthians,874,2025-12-21,"Sun, Dec 21",,Copa do Brasil,Vasco da Gama,3454,Corinthians,874,1,2,1 - 2 2nd Leg · Corinthians wins 2-1 on aggregate,FT,V,fora,763015,https://www.espn.com/soccer/match/_/gameId/763015/corinthians-vasco-da-gama,ESPN,https://www.espn.com/soccer/team/results/_/id/874/season/2025
2025,Cruzeiro,2022,2025-01-19,"Sun, Jan 19",,Brazilian Campeonato Mineiro,Cruzeiro,2022,Tombense,17339,1,0,1 - 0,FT,V,casa,724378,https://www.espn.com/soccer/match/_/gameId/724378/tombense-cruzeiro,ESPN,https://www.espn.com/soccer/team/results/_/id/2022/season/2025
2025,Cruzeiro,2022,2025-01-22,"Wed, Jan 22",,Brazilian Campeonato Mineiro,Athletic,20851,Cruzeiro,2022,1,0,1 - 0,FT,D,fora,724382,https://www.espn.com/soccer/match/_/gameId/724382/cruzeiro-athletic,ESPN,https://www.espn.com/soccer/team/results/_/id/2022/season/2025
2025,Cruzeiro,2022,2025-01-25,"Sat, Jan 25",,Brazilian Campeonato Mineiro,Cruzeiro,2022,Betim FC,22489,1,1,1 - 1,FT,E,casa,724390,https://www.espn.com/soccer/match/_/gameId/724390/betim-fc-cruzeiro,ESPN,https://www.espn.com/soccer/team/results/_/id/2022/season/2025
2025,Cruzeiro,2022,2025-01-30,"Thu, Jan 30",,Brazilian Campeonato Mineiro,Itabirito,22142,Cruzeiro,2022,1,4,1 - 4,FT,V,fora,724397,https://www.espn.com/soccer/match/_/gameId/724397/cruzeiro-itabirito,ESPN,https://www.espn.com/soccer/team/results/_/id/2022/season/2025
2025,Cruzeiro,2022,2025-02-02,"Sun, Feb 2",,Brazilian Campeonato Mineiro,Cruzeiro,2022,Uberlândia,9460,3,1,3 - 1,FT,V,casa,724403,https://www.espn.com/soccer/match/_/gameId/724403/uberlandia-cruzeiro,ESPN,https://www.espn.com/soccer/team/results/_/id/2022/season/2025
2025,Cruzeiro,2022,2025-02-05,"Wed, Feb 5",,Brazilian Campeonato Mineiro,América Mineiro,6154,Cruzeiro,2022,1,1,1 - 1,FT,E,fora,724408,https://www.espn.com/soccer/match/_/gameId/724408/cruzeiro-america-mineiro,ESPN,https://www.espn.com/soccer/team/results/_/id/2022/season/2025
2025,Cruzeiro,2022,2025-02-09,"Sun, Feb 9",,Brazilian Campeonato Mineiro,Cruzeiro,2022,Atlético-MG,7632,0,2,0 - 2,FT,D,casa,724415,https://www.espn.com/soccer/match/_/gameId/724415/atletico-mg-cruzeiro,ESPN,https://www.espn.com/soccer/team/results/_/id/2022/season/2025
2025,Cruzeiro,2022,2025-02-12,"Wed, Feb 12",,Brazilian Campeonato Mineiro,Democrata GV,18396,Cruzeiro,2022,2,1,2 - 1,FT,D,fora,724419,https://www.espn.com/soccer/match/_/gameId/724419/cruzeiro-democrata-gv,ESPN,https://www.espn.com/soccer/team/results/_/id/2022/season/2025
2025,Cruzeiro,2022,2025-02-16,"Sun, Feb 16",,Brazilian Campeonato Mineiro,Cruzeiro,2022,América Mineiro,6154,1,1,1 - 1 1st Leg,FT,E,casa,732971,https://www.espn.com/soccer/match/_/gameId/732971/america-mineiro-cruzeiro,ESPN,https://www.espn.com/soccer/team/results/_/id/2022/season/2025
2025,Cruzeiro,2022,2025-02-22,"Sat, Feb 22",,Brazilian Campeonato Mineiro,América Mineiro,6154,Cruzeiro,2022,1,1,1 - 1 2nd Leg · Tied 2-2 on aggregate · América Mineiro wins 4-2 on Penalty Kicks,FT-Pens,E,fora,732972,https://www.espn.com/soccer/match/_/gameId/732972/cruzeiro-america-mineiro,ESPN,https://www.espn.com/soccer/team/results/_/id/2022/season/2025
2025,Cruzeiro,2022,2025-03-29,"Sat, Mar 29",,Brazilian Serie A,Cruzeiro,2022,Mirassol,9169,2,1,2 - 1,FT,V,casa,732591,https://www.espn.com/soccer/match/_/gameId/732591/mirassol-cruzeiro,ESPN,https://www.espn.com/soccer/team/results/_/id/2022/season/2025
2025,Cruzeiro,2022,2025-04-01,"Tue, Apr 1",,CONMEBOL Sudamericana,Unión (Santa Fe),20,Cruzeiro,2022,1,0,1 - 0,FT,D,fora,734684,https://www.espn.com/soccer/match/_/gameId/734684/cruzeiro-union-santa-fe,ESPN,https://www.espn.com/soccer/team/results/_/id/2022/season/2025
2025,Cruzeiro,2022,2025-04-06,"Sun, Apr 6",,Brazilian Serie A,Internacional,1936,Cruzeiro,2022,3,0,3 - 0,FT,D,fora,732606,https://www.espn.com/soccer/match/_/gameId/732606/cruzeiro-internacional,ESPN,https://www.espn.com/soccer/team/results/_/id/2022/season/2025
2025,Cruzeiro,2022,2025-04-09,"Wed, Apr 9",,CONMEBOL Sudamericana,Cruzeiro,2022,Mushuc Runa,17176,1,2,1 - 2,FT,D,casa,734693,https://www.espn.com/soccer/match/_/gameId/734693/mushuc-runa-cruzeiro,ESPN,https://www.espn.com/soccer/team/results/_/id/2022/season/2025
2025,Cruzeiro,2022,2025-04-13,"Sun, Apr 13",,Brazilian Serie A,São Paulo,2026,Cruzeiro,2022,1,1,1 - 1,FT,E,fora,732611,https://www.espn.com/soccer/match/_/gameId/732611/cruzeiro-sao-paulo,ESPN,https://www.espn.com/soccer/team/results/_/id/2022/season/2025
2025,Cruzeiro,2022,2025-04-17,"Thu, Apr 17",,Brazilian Serie A,Cruzeiro,2022,Bahia,9967,3,0,3 - 0,FT,V,casa,732620,https://www.espn.com/soccer/match/_/gameId/732620/bahia-cruzeiro,ESPN,https://www.espn.com/soccer/team/results/_/id/2022/season/2025
2025,Cruzeiro,2022,2025-04-20,"Sun, Apr 20",,Brazilian Serie A,Red Bull Bragantino,6079,Cruzeiro,2022,1,0,1 - 0,FT,D,fora,732634,https://www.espn.com/soccer/match/_/gameId/732634/cruzeiro-red-bull-bragantino,ESPN,https://www.espn.com/soccer/team/results/_/id/2022/season/2025
2025,Cruzeiro,2022,2025-04-24,"Thu, Apr 24",,CONMEBOL Sudamericana,Palestino,4422,Cruzeiro,2022,2,1,2 - 1,FT,D,fora,734716,https://www.espn.com/soccer/match/_/gameId/734716/cruzeiro-palestino,ESPN,https://www.espn.com/soccer/team/results/_/id/2022/season/2025
2025,Cruzeiro,2022,2025-04-27,"Sun, Apr 27",,Brazilian Serie A,Cruzeiro,2022,Vasco da Gama,3454,1,0,1 - 0,FT,V,casa,732647,https://www.espn.com/soccer/match/_/gameId/732647/vasco-da-gama-cruzeiro,ESPN,https://www.espn.com/soccer/team/results/_/id/2022/season/2025
2025,Cruzeiro,2022,2025-05-01,"Thu, May 1",,Copa do Brasil,Cruzeiro,2022,Vila Nova,9973,2,0,2 - 0 1st Leg,FT,V,casa,735273,https://www.espn.com/soccer/match/_/gameId/735273/vila-nova-cruzeiro,ESPN,https://www.espn.com/soccer/team/results/_/id/2022/season/2025
2025,Cruzeiro,2022,2025-05-04,"Sun, May 4",,Brazilian Serie A,Cruzeiro,2022,Flamengo,819,2,1,2 - 1,FT,V,casa,732650,https://www.espn.com/soccer/match/_/gameId/732650/flamengo-cruzeiro,ESPN,https://www.espn.com/soccer/team/results/_/id/2022/season/2025
2025,Cruzeiro,2022,2025-05-07,"Wed, May 7",,CONMEBOL Sudamericana,Mushuc Runa,17176,Cruzeiro,2022,1,1,1 - 1,FT,E,fora,734730,https://www.espn.com/soccer/match/_/gameId/734730/cruzeiro-mushuc-runa,ESPN,https://www.espn.com/soccer/team/results/_/id/2022/season/2025
2025,Cruzeiro,2022,2025-05-11,"Sun, May 11",,Brazilian Serie A,Sport,7635,Cruzeiro,2022,0,4,0 - 4,FT,V,fora,732661,https://www.espn.com/soccer/match/_/gameId/732661/cruzeiro-sport,ESPN,https://www.espn.com/soccer/team/results/_/id/2022/season/2025
2025,Cruzeiro,2022,2025-05-14,"Wed, May 14",,CONMEBOL Sudamericana,Cruzeiro,2022,Palestino,4422,2,1,2 - 1,FT,V,casa,734738,https://www.espn.com/soccer/match/_/gameId/734738/palestino-cruzeiro,ESPN,https://www.espn.com/soccer/team/results/_/id/2022/season/2025
2025,Cruzeiro,2022,2025-05-18,"Sun, May 18",,Brazilian Serie A,Cruzeiro,2022,Atlético-MG,7632,0,0,0 - 0,FT,E,casa,732670,https://www.espn.com/soccer/match/_/gameId/732670/atletico-mg-cruzeiro,ESPN,https://www.espn.com/soccer/team/results/_/id/2022/season/2025
2025,Cruzeiro,2022,2025-05-22,"Thu, May 22",,Copa do Brasil,Vila Nova,9973,Cruzeiro,2022,0,3,0 - 3 2nd Leg,FT,V,fora,735286,https://www.espn.com/soccer/match/_/gameId/735286/cruzeiro-vila-nova,ESPN,https://www.espn.com/soccer/team/results/_/id/2022/season/2025
2025,Cruzeiro,2022,2025-05-25,"Sun, May 25",,Brazilian Serie A,Fortaleza,6272,Cruzeiro,2022,0,2,0 - 2,FT,V,fora,732688,https://www.espn.com/soccer/match/_/gameId/732688/cruzeiro-fortaleza,ESPN,https://www.espn.com/soccer/team/results/_/id/2022/season/2025
2025,Cruzeiro,2022,2025-05-28,"Wed, May 28",,CONMEBOL Sudamericana,Cruzeiro,2022,Unión (Santa Fe),20,0,0,0 - 0,FT,E,casa,734757,https://www.espn.com/soccer/match/_/gameId/734757/union-santa-fe-cruzeiro,ESPN,https://www.espn.com/soccer/team/results/_/id/2022/season/2025
2025,Cruzeiro,2022,2025-06-01,"Sun, Jun 1",,Brazilian Serie A,Cruzeiro,2022,Palmeiras,2029,2,1,2 - 1,FT,V,casa,732696,https://www.espn.com/soccer/match/_/gameId/732696/palmeiras-cruzeiro,ESPN,https://www.espn.com/soccer/team/results/_/id/2022/season/2025
2025,Cruzeiro,2022,2025-06-12,"Thu, Jun 12",,Brazilian Serie A,Vitória,3457,Cruzeiro,2022,0,0,0 - 0,FT,E,fora,732704,https://www.espn.com/soccer/match/_/gameId/732704/cruzeiro-vitoria,ESPN,https://www.espn.com/soccer/team/results/_/id/2022/season/2025
2025,Cruzeiro,2022,2025-07-13,"Sun, Jul 13",,Brazilian Serie A,Cruzeiro,2022,Grêmio,6273,4,1,4 - 1,FT,V,casa,732711,https://www.espn.com/soccer/match/_/gameId/732711/gremio-cruzeiro,ESPN,https://www.espn.com/soccer/team/results/_/id/2022/season/2025
2025,Cruzeiro,2022,2025-07-17,"Thu, Jul 17",,Brazilian Serie A,Fluminense,3445,Cruzeiro,2022,0,2,0 - 2,FT,V,fora,732725,https://www.espn.com/soccer/match/_/gameId/732725/cruzeiro-fluminense,ESPN,https://www.espn.com/soccer/team/results/_/id/2022/season/2025
2025,Cruzeiro,2022,2025-07-20,"Sun, Jul 20",,Brazilian Serie A,Cruzeiro,2022,Juventude,6270,4,0,4 - 0,FT,V,casa,732733,https://www.espn.com/soccer/match/_/gameId/732733/juventude-cruzeiro,ESPN,https://www.espn.com/soccer/team/results/_/id/2022/season/2025
2025,Cruzeiro,2022,2025-07-23,"Wed, Jul 23",,Brazilian Serie A,Corinthians,874,Cruzeiro,2022,0,0,0 - 0,FT,E,fora,732749,https://www.espn.com/soccer/match/_/gameId/732749/cruzeiro-corinthians,ESPN,https://www.espn.com/soccer/team/results/_/id/2022/season/2025
2025,Cruzeiro,2022,2025-07-27,"Sun, Jul 27",,Brazilian Serie A,Cruzeiro,2022,Ceará,9969,1,2,1 - 2,FT,D,casa,732757,https://www.espn.com/soccer/match/_/gameId/732757/ceara-cruzeiro,ESPN,https://www.espn.com/soccer/team/results/_/id/2022/season/2025
2025,Cruzeiro,2022,2025-07-30,"Wed, Jul 30",,Copa do Brasil,Cruzeiro,2022,CRB,9970,0,0,0 - 0 1st Leg,FT,E,casa,736507,https://www.espn.com/soccer/match/_/gameId/736507/crb-cruzeiro,ESPN,https://www.espn.com/soccer/team/results/_/id/2022/season/2025
2025,Cruzeiro,2022,2025-08-03,"Sun, Aug 3",,Brazilian Serie A,Botafogo,6086,Cruzeiro,2022,0,2,0 - 2,FT,V,fora,732761,https://www.espn.com/soccer/match/_/gameId/732761/cruzeiro-botafogo,ESPN,https://www.espn.com/soccer/team/results/_/id/2022/season/2025
2025,Cruzeiro,2022,2025-08-07,"Thu, Aug 7",,Copa do Brasil,CRB,9970,Cruzeiro,2022,0,2,0 - 2 2nd Leg,FT,V,fora,736510,https://www.espn.com/soccer/match/_/gameId/736510/cruzeiro-crb,ESPN,https://www.espn.com/soccer/team/results/_/id/2022/season/2025
2025,Cruzeiro,2022,2025-08-10,"Sun, Aug 10",,Brazilian Serie A,Cruzeiro,2022,Santos,2674,1,2,1 - 2,FT,D,casa,732771,https://www.espn.com/soccer/match/_/gameId/732771/santos-cruzeiro,ESPN,https://www.espn.com/soccer/team/results/_/id/2022/season/2025
2025,Cruzeiro,2022,2025-08-18,"Mon, Aug 18",,Brazilian Serie A,Mirassol,9169,Cruzeiro,2022,1,1,1 - 1,FT,E,fora,732786,https://www.espn.com/soccer/match/_/gameId/732786/cruzeiro-mirassol,ESPN,https://www.espn.com/soccer/team/results/_/id/2022/season/2025
2025,Cruzeiro,2022,2025-08-23,"Sat, Aug 23",,Brazilian Serie A,Cruzeiro,2022,Internacional,1936,2,1,2 - 1,FT,V,casa,732792,https://www.espn.com/soccer/match/_/gameId/732792/internacional-cruzeiro,ESPN,https://www.espn.com/soccer/team/results/_/id/2022/season/2025
2025,Cruzeiro,2022,2025-08-27,"Wed, Aug 27",,Copa do Brasil,Atlético-MG,7632,Cruzeiro,2022,0,2,0 - 2 1st Leg,FT,V,fora,755894,https://www.espn.com/soccer/match/_/gameId/755894/cruzeiro-atletico-mg,ESPN,https://www.espn.com/soccer/team/results/_/id/2022/season/2025
2025,Cruzeiro,2022,2025-08-30,"Sat, Aug 30",,Brazilian Serie A,Cruzeiro,2022,São Paulo,2026,1,0,1 - 0,FT,V,casa,732803,https://www.espn.com/soccer/match/_/gameId/732803/sao-paulo-cruzeiro,ESPN,https://www.espn.com/soccer/team/results/_/id/2022/season/2025
2025,Cruzeiro,2022,2025-09-11,"Thu, Sep 11",,Copa do Brasil,Cruzeiro,2022,Atlético-MG,7632,2,0,2 - 0 2nd Leg,FT,V,casa,755895,https://www.espn.com/soccer/match/_/gameId/755895/atletico-mg-cruzeiro,ESPN,https://www.espn.com/soccer/team/results/_/id/2022/season/2025
2025,Cruzeiro,2022,2025-09-15,"Mon, Sep 15",,Brazilian Serie A,Bahia,9967,Cruzeiro,2022,1,2,1 - 2,FT,V,fora,732812,https://www.espn.com/soccer/match/_/gameId/732812/cruzeiro-bahia,ESPN,https://www.espn.com/soccer/team/results/_/id/2022/season/2025
2025,Cruzeiro,2022,2025-09-21,"Sun, Sep 21",,Brazilian Serie A,Cruzeiro,2022,Red Bull Bragantino,6079,2,1,2 - 1,FT,V,casa,732821,https://www.espn.com/soccer/match/_/gameId/732821/red-bull-bragantino-cruzeiro,ESPN,https://www.espn.com/soccer/team/results/_/id/2022/season/2025
2025,Cruzeiro,2022,2025-09-27,"Sat, Sep 27",,Brazilian Serie A,Vasco da Gama,3454,Cruzeiro,2022,2,0,2 - 0,FT,D,fora,732834,https://www.espn.com/soccer/match/_/gameId/732834/cruzeiro-vasco-da-gama,ESPN,https://www.espn.com/soccer/team/results/_/id/2022/season/2025
2025,Cruzeiro,2022,2025-10-02,"Thu, Oct 2",,Brazilian Serie A,Flamengo,819,Cruzeiro,2022,0,0,0 - 0,FT,E,fora,732841,https://www.espn.com/soccer/match/_/gameId/732841/cruzeiro-flamengo,ESPN,https://www.espn.com/soccer/team/results/_/id/2022/season/2025
2025,Cruzeiro,2022,2025-10-05,"Sun, Oct 5",,Brazilian Serie A,Cruzeiro,2022,Sport,7635,1,1,1 - 1,FT,E,casa,732850,https://www.espn.com/soccer/match/_/gameId/732850/sport-cruzeiro,ESPN,https://www.espn.com/soccer/team/results/_/id/2022/season/2025
2025,Cruzeiro,2022,2025-10-15,"Wed, Oct 15",,Brazilian Serie A,Atlético-MG,7632,Cruzeiro,2022,1,1,1 - 1,FT,E,fora,732860,https://www.espn.com/soccer/match/_/gameId/732860/cruzeiro-atletico-mg,ESPN,https://www.espn.com/soccer/team/results/_/id/2022/season/2025
2025,Cruzeiro,2022,2025-10-18,"Sat, Oct 18",,Brazilian Serie A,Cruzeiro,2022,Fortaleza,6272,1,0,1 - 0,FT,V,casa,732875,https://www.espn.com/soccer/match/_/gameId/732875/fortaleza-cruzeiro,ESPN,https://www.espn.com/soccer/team/results/_/id/2022/season/2025
2025,Cruzeiro,2022,2025-10-26,"Sun, Oct 26",,Brazilian Serie A,Palmeiras,2029,Cruzeiro,2022,0,0,0 - 0,FT,E,fora,732883,https://www.espn.com/soccer/match/_/gameId/732883/cruzeiro-palmeiras,ESPN,https://www.espn.com/soccer/team/results/_/id/2022/season/2025
2025,Cruzeiro,2022,2025-11-01,"Sat, Nov 1",,Brazilian Serie A,Cruzeiro,2022,Vitória,3457,3,1,3 - 1,FT,V,casa,732898,https://www.espn.com/soccer/match/_/gameId/732898/vitoria-cruzeiro,ESPN,https://www.espn.com/soccer/team/results/_/id/2022/season/2025
2025,Cruzeiro,2022,2025-11-05,"Wed, Nov 5",,Brazilian Serie A,Grêmio,6273,Cruzeiro,2022,0,1,0 - 1,FT,V,fora,732905,https://www.espn.com/soccer/match/_/gameId/732905/cruzeiro-gremio,ESPN,https://www.espn.com/soccer/team/results/_/id/2022/season/2025
2025,Cruzeiro,2022,2025-11-09,"Sun, Nov 9",,Brazilian Serie A,Cruzeiro,2022,Fluminense,3445,0,0,0 - 0,FT,E,casa,732914,https://www.espn.com/soccer/match/_/gameId/732914/fluminense-cruzeiro,ESPN,https://www.espn.com/soccer/team/results/_/id/2022/season/2025
2025,Cruzeiro,2022,2025-11-20,"Thu, Nov 20",,Brazilian Serie A,Juventude,6270,Cruzeiro,2022,3,3,3 - 3,FT,E,fora,732922,https://www.espn.com/soccer/match/_/gameId/732922/cruzeiro-juventude,ESPN,https://www.espn.com/soccer/team/results/_/id/2022/season/2025
2025,Cruzeiro,2022,2025-11-23,"Sun, Nov 23",,Brazilian Serie A,Cruzeiro,2022,Corinthians,874,3,0,3 - 0,FT,V,casa,732936,https://www.espn.com/soccer/match/_/gameId/732936/corinthians-cruzeiro,ESPN,https://www.espn.com/soccer/team/results/_/id/2022/season/2025
2025,Cruzeiro,2022,2025-11-29,"Sat, Nov 29",,Brazilian Serie A,Ceará,9969,Cruzeiro,2022,1,1,1 - 1,FT,E,fora,732942,https://www.espn.com/soccer/match/_/gameId/732942/cruzeiro-ceara,ESPN,https://www.espn.com/soccer/team/results/_/id/2022/season/2025
2025,Cruzeiro,2022,2025-12-04,"Thu, Dec 4",,Brazilian Serie A,Cruzeiro,2022,Botafogo,6086,2,2,2 - 2,FT,E,casa,732952,https://www.espn.com/soccer/match/_/gameId/732952/botafogo-cruzeiro,ESPN,https://www.espn.com/soccer/team/results/_/id/2022/season/2025
2025,Cruzeiro,2022,2025-12-07,"Sun, Dec 7",,Brazilian Serie A,Santos,2674,Cruzeiro,2022,3,0,3 - 0,FT,D,fora,732965,https://www.espn.com/soccer/match/_/gameId/732965/cruzeiro-santos,ESPN,https://www.espn.com/soccer/team/results/_/id/2022/season/2025
2025,Cruzeiro,2022,2025-12-10,"Wed, Dec 10",,Copa do Brasil,Cruzeiro,2022,Corinthians,874,0,1,0 - 1 1st Leg,FT,D,casa,760847,https://www.espn.com/soccer/match/_/gameId/760847/corinthians-cruzeiro,ESPN,https://www.espn.com/soccer/team/results/_/id/2022/season/2025
2025,Cruzeiro,2022,2025-12-14,"Sun, Dec 14",,Copa do Brasil,Corinthians,874,Cruzeiro,2022,1,2,1 - 2 2nd Leg · Tied 2-2 on aggregate · Cruzeiro wins 4-5 on Penalty Kicks,FT-Pens,V,fora,760849,https://www.espn.com/soccer/match/_/gameId/760849/cruzeiro-corinthians,ESPN,https://www.espn.com/soccer/team/results/_/id/2022/season/2025
2025,Flamengo,819,2025-01-12,"Sun, Jan 12",,Brazilian Campeonato Carioca,Flamengo,819,Boavista,900,1,2,1 - 2,FT,D,casa,723808,https://www.espn.com/soccer/match/_/gameId/723808/boavista-flamengo,ESPN,https://www.espn.com/soccer/team/results/_/id/819/season/2025
2025,Flamengo,819,2025-01-16,"Thu, Jan 16",,Brazilian Campeonato Carioca,Madureira,4786,Flamengo,819,1,1,1 - 1,FT,E,fora,723814,https://www.espn.com/soccer/match/_/gameId/723814/flamengo-madureira,ESPN,https://www.espn.com/soccer/team/results/_/id/819/season/2025
2025,Flamengo,819,2025-01-19,"Sun, Jan 19",,Brazilian Campeonato Carioca,Flamengo,819,Nova Iguaçu,6087,1,2,1 - 2,FT,D,casa,723821,https://www.espn.com/soccer/match/_/gameId/723821/nova-iguacu-flamengo,ESPN,https://www.espn.com/soccer/team/results/_/id/819/season/2025
2025,Flamengo,819,2025-01-22,"Wed, Jan 22",,Brazilian Campeonato Carioca,Bangu,10265,Flamengo,819,0,5,0 - 5,FT,V,fora,723825,https://www.espn.com/soccer/match/_/gameId/723825/flamengo-bangu,ESPN,https://www.espn.com/soccer/team/results/_/id/819/season/2025
2025,Flamengo,819,2025-01-25,"Sat, Jan 25",,Brazilian Campeonato Carioca,Volta Redonda,4806,Flamengo,819,0,2,0 - 2,FT,V,fora,723836,https://www.espn.com/soccer/match/_/gameId/723836/flamengo-volta-redonda,ESPN,https://www.espn.com/soccer/team/results/_/id/819/season/2025
2025,Flamengo,819,2025-01-30,"Thu, Jan 30",,Brazilian Campeonato Carioca,Flamengo,819,Sampaio Correa RJ,20855,2,0,2 - 0,FT,V,casa,723839,https://www.espn.com/soccer/match/_/gameId/723839/sampaio-correa-rj-flamengo,ESPN,https://www.espn.com/soccer/team/results/_/id/819/season/2025
2025,Flamengo,819,2025-02-02,"Sun, Feb 2",,Brazilian Supercopa Rei,Botafogo,6086,Flamengo,819,1,3,1 - 3,FT,V,fora,723487,https://www.espn.com/soccer/match/_/gameId/723487/flamengo-botafogo,ESPN,https://www.espn.com/soccer/team/results/_/id/819/season/2025
2025,Flamengo,819,2025-02-05,"Wed, Feb 5",,Brazilian Campeonato Carioca,Portuguesa-RJ,18134,Flamengo,819,0,5,0 - 5,FT,V,fora,723852,https://www.espn.com/soccer/match/_/gameId/723852/flamengo-portuguesa-rj,ESPN,https://www.espn.com/soccer/team/results/_/id/819/season/2025
2025,Flamengo,819,2025-02-08,"Sat, Feb 8",,Brazilian Campeonato Carioca,Fluminense,3445,Flamengo,819,0,0,0 - 0,FT,E,fora,723857,https://www.espn.com/soccer/match/_/gameId/723857/flamengo-fluminense,ESPN,https://www.espn.com/soccer/team/results/_/id/819/season/2025
2025,Flamengo,819,2025-02-12,"Wed, Feb 12",,Brazilian Campeonato Carioca,Flamengo,819,Botafogo,6086,1,0,1 - 0,FT,V,casa,723843,https://www.espn.com/soccer/match/_/gameId/723843/botafogo-flamengo,ESPN,https://www.espn.com/soccer/team/results/_/id/819/season/2025
2025,Flamengo,819,2025-02-15,"Sat, Feb 15",,Brazilian Campeonato Carioca,Flamengo,819,Vasco da Gama,3454,2,0,2 - 0,FT,V,casa,723863,https://www.espn.com/soccer/match/_/gameId/723863/vasco-da-gama-flamengo,ESPN,https://www.espn.com/soccer/team/results/_/id/819/season/2025
2025,Flamengo,819,2025-02-22,"Sat, Feb 22",,Brazilian Campeonato Carioca,Flamengo,819,Maricá,21387,5,0,5 - 0,FT,V,casa,723868,https://www.espn.com/soccer/match/_/gameId/723868/marica-flamengo,ESPN,https://www.espn.com/soccer/team/results/_/id/819/season/2025
2025,Flamengo,819,2025-03-01,"Sat, Mar 1",,Brazilian Campeonato Carioca,Vasco da Gama,3454,Flamengo,819,0,1,0 - 1 1st Leg,FT,V,fora,733677,https://www.espn.com/soccer/match/_/gameId/733677/flamengo-vasco-da-gama,ESPN,https://www.espn.com/soccer/team/results/_/id/819/season/2025
2025,Flamengo,819,2025-03-08,"Sat, Mar 8",,Brazilian Campeonato Carioca,Flamengo,819,Vasco da Gama,3454,2,1,2 - 1 2nd Leg · Flamengo wins 3-1 on aggregate,FT,V,casa,733679,https://www.espn.com/soccer/match/_/gameId/733679/vasco-da-gama-flamengo,ESPN,https://www.espn.com/soccer/team/results/_/id/819/season/2025
2025,Flamengo,819,2025-03-12,"Wed, Mar 12",,Brazilian Campeonato Carioca,Fluminense,3445,Flamengo,819,1,2,1 - 2 1st Leg,FT,V,fora,734204,https://www.espn.com/soccer/match/_/gameId/734204/flamengo-fluminense,ESPN,https://www.espn.com/soccer/team/results/_/id/819/season/2025
2025,Flamengo,819,2025-03-16,"Sun, Mar 16",,Brazilian Campeonato Carioca,Flamengo,819,Fluminense,3445,0,0,0 - 0 2nd Leg · Flamengo wins 2-1 on aggregate,FT,E,casa,734205,https://www.espn.com/soccer/match/_/gameId/734205/fluminense-flamengo,ESPN,https://www.espn.com/soccer/team/results/_/id/819/season/2025
2025,Flamengo,819,2025-03-29,"Sat, Mar 29",,Brazilian Serie A,Flamengo,819,Internacional,1936,1,1,1 - 1,FT,E,casa,732592,https://www.espn.com/soccer/match/_/gameId/732592/internacional-flamengo,ESPN,https://www.espn.com/soccer/team/results/_/id/819/season/2025
2025,Flamengo,819,2025-04-03,"Thu, Apr 3",,CONMEBOL Libertadores,Deportivo Táchira,4818,Flamengo,819,0,1,0 - 1,FT,V,fora,734777,https://www.espn.com/soccer/match/_/gameId/734777/flamengo-deportivo-tachira,ESPN,https://www.espn.com/soccer/team/results/_/id/819/season/2025
2025,Flamengo,819,2025-04-06,"Sun, Apr 6",,Brazilian Serie A,Vitória,3457,Flamengo,819,1,2,1 - 2,FT,V,fora,732602,https://www.espn.com/soccer/match/_/gameId/732602/flamengo-vitoria,ESPN,https://www.espn.com/soccer/team/results/_/id/819/season/2025
2025,Flamengo,819,2025-04-09,"Wed, Apr 9",,CONMEBOL Libertadores,Flamengo,819,Central Córdoba (Santiago del Estero),11989,1,2,1 - 2,FT,D,casa,734787,https://www.espn.com/soccer/match/_/gameId/734787/central-cordoba-santiago-del-estero-flamengo,ESPN,https://www.espn.com/soccer/team/results/_/id/819/season/2025
2025,Flamengo,819,2025-04-13,"Sun, Apr 13",,Brazilian Serie A,Grêmio,6273,Flamengo,819,0,2,0 - 2,FT,V,fora,732615,https://www.espn.com/soccer/match/_/gameId/732615/flamengo-gremio,ESPN,https://www.espn.com/soccer/team/results/_/id/819/season/2025
2025,Flamengo,819,2025-04-16,"Wed, Apr 16",,Brazilian Serie A,Flamengo,819,Juventude,6270,6,0,6 - 0,FT,V,casa,732624,https://www.espn.com/soccer/match/_/gameId/732624/juventude-flamengo,ESPN,https://www.espn.com/soccer/team/results/_/id/819/season/2025
2025,Flamengo,819,2025-04-19,"Sat, Apr 19",,Brazilian Serie A,Vasco da Gama,3454,Flamengo,819,0,0,0 - 0,FT,E,fora,732632,https://www.espn.com/soccer/match/_/gameId/732632/flamengo-vasco-da-gama,ESPN,https://www.espn.com/soccer/team/results/_/id/819/season/2025
2025,Flamengo,819,2025-04-22,"Tue, Apr 22",,CONMEBOL Libertadores,Liga de Quito,4816,Flamengo,819,0,0,0 - 0,FT,E,fora,734803,https://www.espn.com/soccer/match/_/gameId/734803/flamengo-liga-de-quito,ESPN,https://www.espn.com/soccer/team/results/_/id/819/season/2025
2025,Flamengo,819,2025-04-27,"Sun, Apr 27",,Brazilian Serie A,Flamengo,819,Corinthians,874,4,0,4 - 0,FT,V,casa,732646,https://www.espn.com/soccer/match/_/gameId/732646/corinthians-flamengo,ESPN,https://www.espn.com/soccer/team/results/_/id/819/season/2025
2025,Flamengo,819,2025-05-01,"Thu, May 1",,Copa do Brasil,Botafogo PB,17317,Flamengo,819,0,1,0 - 1 1st Leg,FT,V,fora,735284,https://www.espn.com/soccer/match/_/gameId/735284/flamengo-botafogo-pb,ESPN,https://www.espn.com/soccer/team/results/_/id/819/season/2025
2025,Flamengo,819,2025-05-04,"Sun, May 4",,Brazilian Serie A,Cruzeiro,2022,Flamengo,819,2,1,2 - 1,FT,D,fora,732650,https://www.espn.com/soccer/match/_/gameId/732650/flamengo-cruzeiro,ESPN,https://www.espn.com/soccer/team/results/_/id/819/season/2025
2025,Flamengo,819,2025-05-07,"Wed, May 7",,CONMEBOL Libertadores,Central Córdoba (Santiago del Estero),11989,Flamengo,819,1,1,1 - 1,FT,E,fora,734828,https://www.espn.com/soccer/match/_/gameId/734828/flamengo-central-cordoba-santiago-del-estero,ESPN,https://www.espn.com/soccer/team/results/_/id/819/season/2025
2025,Flamengo,819,2025-05-10,"Sat, May 10",,Brazilian Serie A,Flamengo,819,Bahia,9967,1,0,1 - 0,FT,V,casa,732667,https://www.espn.com/soccer/match/_/gameId/732667/bahia-flamengo,ESPN,https://www.espn.com/soccer/team/results/_/id/819/season/2025
2025,Flamengo,819,2025-05-15,"Thu, May 15",,CONMEBOL Libertadores,Flamengo,819,Liga de Quito,4816,2,0,2 - 0,FT,V,casa,734845,https://www.espn.com/soccer/match/_/gameId/734845/liga-de-quito-flamengo,ESPN,https://www.espn.com/soccer/team/results/_/id/819/season/2025
2025,Flamengo,819,2025-05-18,"Sun, May 18",,Brazilian Serie A,Flamengo,819,Botafogo,6086,0,0,0 - 0,FT,E,casa,732674,https://www.espn.com/soccer/match/_/gameId/732674/botafogo-flamengo,ESPN,https://www.espn.com/soccer/team/results/_/id/819/season/2025
2025,Flamengo,819,2025-05-21,"Wed, May 21",,Copa do Brasil,Flamengo,819,Botafogo PB,17317,4,2,4 - 2 2nd Leg · Flamengo wins 5-2 on aggregate,FT,V,casa,735294,https://www.espn.com/soccer/match/_/gameId/735294/botafogo-pb-flamengo,ESPN,https://www.espn.com/soccer/team/results/_/id/819/season/2025
2025,Flamengo,819,2025-05-25,"Sun, May 25",,Brazilian Serie A,Palmeiras,2029,Flamengo,819,0,2,0 - 2,FT,V,fora,732686,https://www.espn.com/soccer/match/_/gameId/732686/flamengo-palmeiras,ESPN,https://www.espn.com/soccer/team/results/_/id/819/season/2025
2025,Flamengo,819,2025-05-28,"Wed, May 28",,CONMEBOL Libertadores,Flamengo,819,Deportivo Táchira,4818,1,0,1 - 0,FT,V,casa,734849,https://www.espn.com/soccer/match/_/gameId/734849/deportivo-tachira-flamengo,ESPN,https://www.espn.com/soccer/team/results/_/id/819/season/2025
2025,Flamengo,819,2025-06-01,"Sun, Jun 1",,Brazilian Serie A,Flamengo,819,Fortaleza,6272,5,0,5 - 0,FT,V,casa,732691,https://www.espn.com/soccer/match/_/gameId/732691/fortaleza-flamengo,ESPN,https://www.espn.com/soccer/team/results/_/id/819/season/2025
2025,Flamengo,819,2025-06-16,"Mon, Jun 16",,FIFA Club World Cup,Flamengo,819,Esperance Sportive de Tunis,8377,2,0,2 - 0,FT,V,casa,724430,https://www.espn.com/soccer/match/_/gameId/724430/esperance-sportive-de-tunis-flamengo,ESPN,https://www.espn.com/soccer/team/results/_/id/819/season/2025
2025,Flamengo,819,2025-06-20,"Fri, Jun 20",,FIFA Club World Cup,Flamengo,819,Chelsea,363,3,1,3 - 1,FT,V,casa,724444,https://www.espn.com/soccer/match/_/gameId/724444/chelsea-flamengo,ESPN,https://www.espn.com/soccer/team/results/_/id/819/season/2025
2025,Flamengo,819,2025-06-24,"Tue, Jun 24",,FIFA Club World Cup,LAFC,18966,Flamengo,819,1,1,1 - 1,FT,E,fora,724461,https://www.espn.com/soccer/match/_/gameId/724461/flamengo-lafc,ESPN,https://www.espn.com/soccer/team/results/_/id/819/season/2025
2025,Flamengo,819,2025-06-29,"Sun, Jun 29",,FIFA Club World Cup,Flamengo,819,Bayern Munich,132,2,4,2 - 4,FT,D,casa,735947,https://www.espn.com/soccer/match/_/gameId/735947/bayern-munich-flamengo,ESPN,https://www.espn.com/soccer/team/results/_/id/819/season/2025
2025,Flamengo,819,2025-07-12,"Sat, Jul 12",,Brazilian Serie A,Flamengo,819,São Paulo,2026,2,0,2 - 0,FT,V,casa,732710,https://www.espn.com/soccer/match/_/gameId/732710/sao-paulo-flamengo,ESPN,https://www.espn.com/soccer/team/results/_/id/819/season/2025
2025,Flamengo,819,2025-07-16,"Wed, Jul 16",,Brazilian Serie A,Santos,2674,Flamengo,819,1,0,1 - 0,FT,D,fora,732724,https://www.espn.com/soccer/match/_/gameId/732724/flamengo-santos,ESPN,https://www.espn.com/soccer/team/results/_/id/819/season/2025
2025,Flamengo,819,2025-07-20,"Sun, Jul 20",,Brazilian Serie A,Flamengo,819,Fluminense,3445,1,0,1 - 0,FT,V,casa,732732,https://www.espn.com/soccer/match/_/gameId/732732/fluminense-flamengo,ESPN,https://www.espn.com/soccer/team/results/_/id/819/season/2025
2025,Flamengo,819,2025-07-23,"Wed, Jul 23",,Brazilian Serie A,Red Bull Bragantino,6079,Flamengo,819,1,2,1 - 2,FT,V,fora,732745,https://www.espn.com/soccer/match/_/gameId/732745/flamengo-red-bull-bragantino,ESPN,https://www.espn.com/soccer/team/results/_/id/819/season/2025
2025,Flamengo,819,2025-07-27,"Sun, Jul 27",,Brazilian Serie A,Flamengo,819,Atlético-MG,7632,1,0,1 - 0,FT,V,casa,732756,https://www.espn.com/soccer/match/_/gameId/732756/atletico-mg-flamengo,ESPN,https://www.espn.com/soccer/team/results/_/id/819/season/2025
2025,Flamengo,819,2025-07-31,"Thu, Jul 31",,Copa do Brasil,Flamengo,819,Atlético-MG,7632,0,1,0 - 1 1st Leg,FT,D,casa,736506,https://www.espn.com/soccer/match/_/gameId/736506/atletico-mg-flamengo,ESPN,https://www.espn.com/soccer/team/results/_/id/819/season/2025
2025,Flamengo,819,2025-08-03,"Sun, Aug 3",,Brazilian Serie A,Ceará,9969,Flamengo,819,1,1,1 - 1,FT,E,fora,732762,https://www.espn.com/soccer/match/_/gameId/732762/flamengo-ceara,ESPN,https://www.espn.com/soccer/team/results/_/id/819/season/2025
2025,Flamengo,819,2025-08-06,"Wed, Aug 6",,Copa do Brasil,Atlético-MG,7632,Flamengo,819,0,1,0 - 1 2nd Leg · Tied 1-1 on aggregate · Flamengo wins 3-4 on Penalty Kicks,FT-Pens,V,fora,736509,https://www.espn.com/soccer/match/_/gameId/736509/flamengo-atletico-mg,ESPN,https://www.espn.com/soccer/team/results/_/id/819/season/2025
2025,Flamengo,819,2025-08-09,"Sat, Aug 9",,Brazilian Serie A,Flamengo,819,Mirassol,9169,2,1,2 - 1,FT,V,casa,732772,https://www.espn.com/soccer/match/_/gameId/732772/mirassol-flamengo,ESPN,https://www.espn.com/soccer/team/results/_/id/819/season/2025
2025,Flamengo,819,2025-08-13,"Wed, Aug 13",,CONMEBOL Libertadores,Flamengo,819,Internacional,1936,1,0,1 - 0 1st Leg,FT,V,casa,736522,https://www.espn.com/soccer/match/_/gameId/736522/internacional-flamengo,ESPN,https://www.espn.com/soccer/team/results/_/id/819/season/2025
2025,Flamengo,819,2025-08-17,"Sun, Aug 17",,Brazilian Serie A,Internacional,1936,Flamengo,819,1,3,1 - 3,FT,V,fora,732785,https://www.espn.com/soccer/match/_/gameId/732785/flamengo-internacional,ESPN,https://www.espn.com/soccer/team/results/_/id/819/season/2025
2025,Flamengo,819,2025-08-20,"Wed, Aug 20",,CONMEBOL Libertadores,Internacional,1936,Flamengo,819,0,2,0 - 2 2nd Leg,FT,V,fora,736530,https://www.espn.com/soccer/match/_/gameId/736530/flamengo-internacional,ESPN,https://www.espn.com/soccer/team/results/_/id/819/season/2025
2025,Flamengo,819,2025-08-25,"Mon, Aug 25",,Brazilian Serie A,Flamengo,819,Vitória,3457,8,0,8 - 0,FT,V,casa,732791,https://www.espn.com/soccer/match/_/gameId/732791/vitoria-flamengo,ESPN,https://www.espn.com/soccer/team/results/_/id/819/season/2025
2025,Flamengo,819,2025-08-31,"Sun, Aug 31",,Brazilian Serie A,Flamengo,819,Grêmio,6273,1,1,1 - 1,FT,E,casa,732808,https://www.espn.com/soccer/match/_/gameId/732808/gremio-flamengo,ESPN,https://www.espn.com/soccer/team/results/_/id/819/season/2025
2025,Flamengo,819,2025-09-14,"Sun, Sep 14",,Brazilian Serie A,Juventude,6270,Flamengo,819,0,2,0 - 2,FT,V,fora,732815,https://www.espn.com/soccer/match/_/gameId/732815/flamengo-juventude,ESPN,https://www.espn.com/soccer/team/results/_/id/819/season/2025
2025,Flamengo,819,2025-09-18,"Thu, Sep 18",,CONMEBOL Libertadores,Flamengo,819,Estudiantes de La Plata,8,2,1,2 - 1 1st Leg,FT,V,casa,757078,https://www.espn.com/soccer/match/_/gameId/757078/estudiantes-de-la-plata-flamengo,ESPN,https://www.espn.com/soccer/team/results/_/id/819/season/2025
2025,Flamengo,819,2025-09-21,"Sun, Sep 21",,Brazilian Serie A,Flamengo,819,Vasco da Gama,3454,1,1,1 - 1,FT,E,casa,732820,https://www.espn.com/soccer/match/_/gameId/732820/vasco-da-gama-flamengo,ESPN,https://www.espn.com/soccer/team/results/_/id/819/season/2025
2025,Flamengo,819,2025-09-25,"Thu, Sep 25",,CONMEBOL Libertadores,Estudiantes de La Plata,8,Flamengo,819,1,0,1 - 0 2nd Leg · Tied 2-2 on aggregate · Flamengo wins 4-2 on Penalty Kicks,FT-Pens,D,fora,757081,https://www.espn.com/soccer/match/_/gameId/757081/flamengo-estudiantes-de-la-plata,ESPN,https://www.espn.com/soccer/team/results/_/id/819/season/2025
2025,Flamengo,819,2025-09-28,"Sun, Sep 28",,Brazilian Serie A,Corinthians,874,Flamengo,819,1,2,1 - 2,FT,V,fora,732832,https://www.espn.com/soccer/match/_/gameId/732832/flamengo-corinthians,ESPN,https://www.espn.com/soccer/team/results/_/id/819/season/2025
2025,Flamengo,819,2025-10-02,"Thu, Oct 2",,Brazilian Serie A,Flamengo,819,Cruzeiro,2022,0,0,0 - 0,FT,E,casa,732841,https://www.espn.com/soccer/match/_/gameId/732841/cruzeiro-flamengo,ESPN,https://www.espn.com/soccer/team/results/_/id/819/season/2025
2025,Flamengo,819,2025-10-05,"Sun, Oct 5",,Brazilian Serie A,Bahia,9967,Flamengo,819,1,0,1 - 0,FT,D,fora,732853,https://www.espn.com/soccer/match/_/gameId/732853/flamengo-bahia,ESPN,https://www.espn.com/soccer/team/results/_/id/819/season/2025
2025,Flamengo,819,2025-10-15,"Wed, Oct 15",,Brazilian Serie A,Botafogo,6086,Flamengo,819,0,3,0 - 3,FT,V,fora,732861,https://www.espn.com/soccer/match/_/gameId/732861/flamengo-botafogo,ESPN,https://www.espn.com/soccer/team/results/_/id/819/season/2025
2025,Flamengo,819,2025-10-19,"Sun, Oct 19",,Brazilian Serie A,Flamengo,819,Palmeiras,2029,3,2,3 - 2,FT,V,casa,732879,https://www.espn.com/soccer/match/_/gameId/732879/palmeiras-flamengo,ESPN,https://www.espn.com/soccer/team/results/_/id/819/season/2025
2025,Flamengo,819,2025-10-22,"Wed, Oct 22",,CONMEBOL Libertadores,Flamengo,819,Racing Club,15,1,0,1 - 0 1st Leg,FT,V,casa,759126,https://www.espn.com/soccer/match/_/gameId/759126/racing-club-flamengo,ESPN,https://www.espn.com/soccer/team/results/_/id/819/season/2025
2025,Flamengo,819,2025-10-25,"Sat, Oct 25",,Brazilian Serie A,Fortaleza,6272,Flamengo,819,1,0,1 - 0,FT,D,fora,732885,https://www.espn.com/soccer/match/_/gameId/732885/flamengo-fortaleza,ESPN,https://www.espn.com/soccer/team/results/_/id/819/season/2025
2025,Flamengo,819,2025-10-29,"Wed, Oct 29",,CONMEBOL Libertadores,Racing Club,15,Flamengo,819,0,0,0 - 0 2nd Leg,FT,E,fora,759128,https://www.espn.com/soccer/match/_/gameId/759128/flamengo-racing-club,ESPN,https://www.espn.com/soccer/team/results/_/id/819/season/2025
2025,Flamengo,819,2025-11-01,"Sat, Nov 1",,Brazilian Serie A,Flamengo,819,Sport,7635,3,0,3 - 0,FT,V,casa,732897,https://www.espn.com/soccer/match/_/gameId/732897/sport-flamengo,ESPN,https://www.espn.com/soccer/team/results/_/id/819/season/2025
2025,Flamengo,819,2025-11-05,"Wed, Nov 5",,Brazilian Serie A,São Paulo,2026,Flamengo,819,2,2,2 - 2,FT,E,fora,732901,https://www.espn.com/soccer/match/_/gameId/732901/flamengo-sao-paulo,ESPN,https://www.espn.com/soccer/team/results/_/id/819/season/2025
2025,Flamengo,819,2025-11-09,"Sun, Nov 9",,Brazilian Serie A,Flamengo,819,Santos,2674,3,2,3 - 2,FT,V,casa,732915,https://www.espn.com/soccer/match/_/gameId/732915/santos-flamengo,ESPN,https://www.espn.com/soccer/team/results/_/id/819/season/2025
2025,Flamengo,819,2025-11-15,"Sat, Nov 15",,Brazilian Serie A,Sport,7635,Flamengo,819,1,5,1 - 5,FT,V,fora,732707,https://www.espn.com/soccer/match/_/gameId/732707/flamengo-sport,ESPN,https://www.espn.com/soccer/team/results/_/id/819/season/2025
2025,Flamengo,819,2025-11-19,"Wed, Nov 19",,Brazilian Serie A,Fluminense,3445,Flamengo,819,2,1,2 - 1,FT,D,fora,732929,https://www.espn.com/soccer/match/_/gameId/732929/flamengo-fluminense,ESPN,https://www.espn.com/soccer/team/results/_/id/819/season/2025
2025,Flamengo,819,2025-11-22,"Sat, Nov 22",,Brazilian Serie A,Flamengo,819,Red Bull Bragantino,6079,3,0,3 - 0,FT,V,casa,732935,https://www.espn.com/soccer/match/_/gameId/732935/red-bull-bragantino-flamengo,ESPN,https://www.espn.com/soccer/team/results/_/id/819/season/2025
2025,Flamengo,819,2025-11-25,"Tue, Nov 25",,Brazilian Serie A,Atlético-MG,7632,Flamengo,819,1,1,1 - 1,FT,E,fora,732943,https://www.espn.com/soccer/match/_/gameId/732943/flamengo-atletico-mg,ESPN,https://www.espn.com/soccer/team/results/_/id/819/season/2025
2025,Flamengo,819,2025-11-29,"Sat, Nov 29",,CONMEBOL Libertadores,Palmeiras,2029,Flamengo,819,0,1,0 - 1,FT,V,fora,760339,https://www.espn.com/soccer/match/_/gameId/760339/flamengo-palmeiras,ESPN,https://www.espn.com/soccer/team/results/_/id/819/season/2025
2025,Flamengo,819,2025-12-03,"Wed, Dec 3",,Brazilian Serie A,Flamengo,819,Ceará,9969,1,0,1 - 0,FT,V,casa,732951,https://www.espn.com/soccer/match/_/gameId/732951/ceara-flamengo,ESPN,https://www.espn.com/soccer/team/results/_/id/819/season/2025
2025,Flamengo,819,2025-12-06,"Sat, Dec 6",,Brazilian Serie A,Mirassol,9169,Flamengo,819,3,3,3 - 3,FT,E,fora,732966,https://www.espn.com/soccer/match/_/gameId/732966/flamengo-mirassol,ESPN,https://www.espn.com/soccer/team/results/_/id/819/season/2025
2025,Flamengo,819,2025-12-10,"Wed, Dec 10",,FIFA Intercontinental Cup,Cruz Azul,218,Flamengo,819,1,2,1 - 2,FT,V,fora,758760,https://www.espn.com/soccer/match/_/gameId/758760/flamengo-cruz-azul,ESPN,https://www.espn.com/soccer/team/results/_/id/819/season/2025
2025,Flamengo,819,2025-12-13,"Sat, Dec 13",,FIFA Intercontinental Cup,Flamengo,819,Pyramids FC,20220,2,0,2 - 0,FT,V,casa,759123,https://www.espn.com/soccer/match/_/gameId/759123/pyramids-fc-flamengo,ESPN,https://www.espn.com/soccer/team/results/_/id/819/season/2025
2025,Flamengo,819,2025-12-17,"Wed, Dec 17",,FIFA Intercontinental Cup,Paris Saint-Germain,160,Flamengo,819,1,1,1 - 1 Paris Saint-Germain wins 2-1 on Penalty Kicks,FT-Pens,E,fora,759124,https://www.espn.com/soccer/match/_/gameId/759124/flamengo-paris-saint-germain,ESPN,https://www.espn.com/soccer/team/results/_/id/819/season/2025
2025,Fluminense,3445,2025-01-12,"Sun, Jan 12",,Brazilian Campeonato Carioca,Fluminense,3445,Sampaio Correa RJ,20855,0,0,0 - 0,FT,E,casa,723809,https://www.espn.com/soccer/match/_/gameId/723809/sampaio-correa-rj-fluminense,ESPN,https://www.espn.com/soccer/team/results/_/id/3445/season/2025
2025,Fluminense,3445,2025-01-15,"Wed, Jan 15",,Brazilian Campeonato Carioca,Volta Redonda,4806,Fluminense,3445,1,0,1 - 0,FT,D,fora,723818,https://www.espn.com/soccer/match/_/gameId/723818/fluminense-volta-redonda,ESPN,https://www.espn.com/soccer/team/results/_/id/3445/season/2025
2025,Fluminense,3445,2025-01-18,"Sat, Jan 18",,Brazilian Campeonato Carioca,Fluminense,3445,Maricá,21387,1,1,1 - 1,FT,E,casa,723824,https://www.espn.com/soccer/match/_/gameId/723824/marica-fluminense,ESPN,https://www.espn.com/soccer/team/results/_/id/3445/season/2025
2025,Fluminense,3445,2025-01-23,"Thu, Jan 23",,Brazilian Campeonato Carioca,Portuguesa-RJ,18134,Fluminense,3445,1,3,1 - 3,FT,V,fora,723829,https://www.espn.com/soccer/match/_/gameId/723829/fluminense-portuguesa-rj,ESPN,https://www.espn.com/soccer/team/results/_/id/3445/season/2025
2025,Fluminense,3445,2025-01-26,"Sun, Jan 26",,Brazilian Campeonato Carioca,Madureira,4786,Fluminense,3445,0,0,0 - 0,FT,E,fora,723832,https://www.espn.com/soccer/match/_/gameId/723832/fluminense-madureira,ESPN,https://www.espn.com/soccer/team/results/_/id/3445/season/2025
2025,Fluminense,3445,2025-01-29,"Wed, Jan 29",,Brazilian Campeonato Carioca,Botafogo,6086,Fluminense,3445,2,1,2 - 1,FT,D,fora,723840,https://www.espn.com/soccer/match/_/gameId/723840/fluminense-botafogo,ESPN,https://www.espn.com/soccer/team/results/_/id/3445/season/2025
2025,Fluminense,3445,2025-02-02,"Sun, Feb 2",,Brazilian Campeonato Carioca,Fluminense,3445,Boavista,900,1,1,1 - 1,FT,E,casa,723844,https://www.espn.com/soccer/match/_/gameId/723844/boavista-fluminense,ESPN,https://www.espn.com/soccer/team/results/_/id/3445/season/2025
2025,Fluminense,3445,2025-02-05,"Wed, Feb 5",,Brazilian Campeonato Carioca,Vasco da Gama,3454,Fluminense,3445,1,2,1 - 2,FT,V,fora,723853,https://www.espn.com/soccer/match/_/gameId/723853/fluminense-vasco-da-gama,ESPN,https://www.espn.com/soccer/team/results/_/id/3445/season/2025
2025,Fluminense,3445,2025-02-08,"Sat, Feb 8",,Brazilian Campeonato Carioca,Fluminense,3445,Flamengo,819,0,0,0 - 0,FT,E,casa,723857,https://www.espn.com/soccer/match/_/gameId/723857/flamengo-fluminense,ESPN,https://www.espn.com/soccer/team/results/_/id/3445/season/2025
2025,Fluminense,3445,2025-02-16,"Sun, Feb 16",,Brazilian Campeonato Carioca,Fluminense,3445,Nova Iguaçu,6087,2,0,2 - 0,FT,V,casa,723864,https://www.espn.com/soccer/match/_/gameId/723864/nova-iguacu-fluminense,ESPN,https://www.espn.com/soccer/team/results/_/id/3445/season/2025
2025,Fluminense,3445,2025-02-23,"Sun, Feb 23",,Brazilian Campeonato Carioca,Fluminense,3445,Bangu,10265,3,2,3 - 2,FT,V,casa,723869,https://www.espn.com/soccer/match/_/gameId/723869/bangu-fluminense,ESPN,https://www.espn.com/soccer/team/results/_/id/3445/season/2025
2025,Fluminense,3445,2025-02-26,"Wed, Feb 26",,Copa do Brasil,Aguia de Maraba,15562,Fluminense,3445,0,8,0 - 8,FT,V,fora,732308,https://www.espn.com/soccer/match/_/gameId/732308/fluminense-aguia-de-maraba,ESPN,https://www.espn.com/soccer/team/results/_/id/3445/season/2025
2025,Fluminense,3445,2025-03-02,"Sun, Mar 2",,Brazilian Campeonato Carioca,Fluminense,3445,Volta Redonda,4806,4,0,4 - 0 1st Leg,FT,V,casa,733678,https://www.espn.com/soccer/match/_/gameId/733678/volta-redonda-fluminense,ESPN,https://www.espn.com/soccer/team/results/_/id/3445/season/2025
2025,Fluminense,3445,2025-03-05,"Wed, Mar 5",,Copa do Brasil,Caxias do Sul,17131,Fluminense,3445,1,2,1 - 2,FT,V,fora,733743,https://www.espn.com/soccer/match/_/gameId/733743/fluminense-caxias-do-sul,ESPN,https://www.espn.com/soccer/team/results/_/id/3445/season/2025
2025,Fluminense,3445,2025-03-09,"Sun, Mar 9",,Brazilian Campeonato Carioca,Volta Redonda,4806,Fluminense,3445,0,0,0 - 0 2nd Leg,FT,E,fora,733680,https://www.espn.com/soccer/match/_/gameId/733680/fluminense-volta-redonda,ESPN,https://www.espn.com/soccer/team/results/_/id/3445/season/2025
2025,Fluminense,3445,2025-03-12,"Wed, Mar 12",,Brazilian Campeonato Carioca,Fluminense,3445,Flamengo,819,1,2,1 - 2 1st Leg,FT,D,casa,734204,https://www.espn.com/soccer/match/_/gameId/734204/flamengo-fluminense,ESPN,https://www.espn.com/soccer/team/results/_/id/3445/season/2025
2025,Fluminense,3445,2025-03-16,"Sun, Mar 16",,Brazilian Campeonato Carioca,Flamengo,819,Fluminense,3445,0,0,0 - 0 2nd Leg · Flamengo wins 2-1 on aggregate,FT,E,fora,734205,https://www.espn.com/soccer/match/_/gameId/734205/fluminense-flamengo,ESPN,https://www.espn.com/soccer/team/results/_/id/3445/season/2025
2025,Fluminense,3445,2025-03-29,"Sat, Mar 29",,Brazilian Serie A,Fortaleza,6272,Fluminense,3445,2,0,2 - 0,FT,D,fora,732593,https://www.espn.com/soccer/match/_/gameId/732593/fluminense-fortaleza,ESPN,https://www.espn.com/soccer/team/results/_/id/3445/season/2025
2025,Fluminense,3445,2025-04-01,"Tue, Apr 1",,CONMEBOL Sudamericana,Once Caldas,2919,Fluminense,3445,0,1,0 - 1,FT,V,fora,734687,https://www.espn.com/soccer/match/_/gameId/734687/fluminense-once-caldas,ESPN,https://www.espn.com/soccer/team/results/_/id/3445/season/2025
2025,Fluminense,3445,2025-04-06,"Sun, Apr 6",,Brazilian Serie A,Fluminense,3445,Red Bull Bragantino,6079,2,1,2 - 1,FT,V,casa,732607,https://www.espn.com/soccer/match/_/gameId/732607/red-bull-bragantino-fluminense,ESPN,https://www.espn.com/soccer/team/results/_/id/3445/season/2025
2025,Fluminense,3445,2025-04-10,"Thu, Apr 10",,CONMEBOL Sudamericana,Fluminense,3445,GV San José,22174,5,0,5 - 0,FT,V,casa,734695,https://www.espn.com/soccer/match/_/gameId/734695/gv-san-jose-fluminense,ESPN,https://www.espn.com/soccer/team/results/_/id/3445/season/2025
2025,Fluminense,3445,2025-04-13,"Sun, Apr 13",,Brazilian Serie A,Fluminense,3445,Santos,2674,1,0,1 - 0,FT,V,casa,732617,https://www.espn.com/soccer/match/_/gameId/732617/santos-fluminense,ESPN,https://www.espn.com/soccer/team/results/_/id/3445/season/2025
2025,Fluminense,3445,2025-04-16,"Wed, Apr 16",,Brazilian Serie A,Corinthians,874,Fluminense,3445,0,2,0 - 2,FT,V,fora,732621,https://www.espn.com/soccer/match/_/gameId/732621/fluminense-corinthians,ESPN,https://www.espn.com/soccer/team/results/_/id/3445/season/2025
2025,Fluminense,3445,2025-04-20,"Sun, Apr 20",,Brazilian Serie A,Fluminense,3445,Vitória,3457,1,1,1 - 1,FT,E,casa,732638,https://www.espn.com/soccer/match/_/gameId/732638/vitoria-fluminense,ESPN,https://www.espn.com/soccer/team/results/_/id/3445/season/2025
2025,Fluminense,3445,2025-04-23,"Wed, Apr 23",,CONMEBOL Sudamericana,Unión Española,4132,Fluminense,3445,1,1,1 - 1,FT,E,fora,734718,https://www.espn.com/soccer/match/_/gameId/734718/fluminense-union-espanola,ESPN,https://www.espn.com/soccer/team/results/_/id/3445/season/2025
2025,Fluminense,3445,2025-04-26,"Sat, Apr 26",,Brazilian Serie A,Botafogo,6086,Fluminense,3445,2,0,2 - 0,FT,D,fora,732640,https://www.espn.com/soccer/match/_/gameId/732640/fluminense-botafogo,ESPN,https://www.espn.com/soccer/team/results/_/id/3445/season/2025
2025,Fluminense,3445,2025-04-29,"Tue, Apr 29",,Copa do Brasil,Fluminense,3445,Aparecidense,18188,1,0,1 - 0 1st Leg,FT,V,casa,735274,https://www.espn.com/soccer/match/_/gameId/735274/aparecidense-fluminense,ESPN,https://www.espn.com/soccer/team/results/_/id/3445/season/2025
2025,Fluminense,3445,2025-05-03,"Sat, May 3",,Brazilian Serie A,Fluminense,3445,Sport,7635,2,1,2 - 1,FT,V,casa,732657,https://www.espn.com/soccer/match/_/gameId/732657/sport-fluminense,ESPN,https://www.espn.com/soccer/team/results/_/id/3445/season/2025
2025,Fluminense,3445,2025-05-08,"Thu, May 8",,CONMEBOL Sudamericana,GV San José,22174,Fluminense,3445,1,0,1 - 0,FT,D,fora,734728,https://www.espn.com/soccer/match/_/gameId/734728/fluminense-gv-san-jose,ESPN,https://www.espn.com/soccer/team/results/_/id/3445/season/2025
2025,Fluminense,3445,2025-05-11,"Sun, May 11",,Brazilian Serie A,Atlético-MG,7632,Fluminense,3445,3,2,3 - 2,FT,D,fora,732660,https://www.espn.com/soccer/match/_/gameId/732660/fluminense-atletico-mg,ESPN,https://www.espn.com/soccer/team/results/_/id/3445/season/2025
2025,Fluminense,3445,2025-05-14,"Wed, May 14",,CONMEBOL Sudamericana,Fluminense,3445,Unión Española,4132,2,0,2 - 0,FT,V,casa,734744,https://www.espn.com/soccer/match/_/gameId/734744/union-espanola-fluminense,ESPN,https://www.espn.com/soccer/team/results/_/id/3445/season/2025
2025,Fluminense,3445,2025-05-18,"Sun, May 18",,Brazilian Serie A,Juventude,6270,Fluminense,3445,1,1,1 - 1,FT,E,fora,732678,https://www.espn.com/soccer/match/_/gameId/732678/fluminense-juventude,ESPN,https://www.espn.com/soccer/team/results/_/id/3445/season/2025
2025,Fluminense,3445,2025-05-21,"Wed, May 21",,Copa do Brasil,Aparecidense,18188,Fluminense,3445,1,4,1 - 4 2nd Leg · Fluminense wins 5-1 on aggregate,FT,V,fora,735285,https://www.espn.com/soccer/match/_/gameId/735285/fluminense-aparecidense,ESPN,https://www.espn.com/soccer/team/results/_/id/3445/season/2025
2025,Fluminense,3445,2025-05-24,"Sat, May 24",,Brazilian Serie A,Fluminense,3445,Vasco da Gama,3454,2,1,2 - 1,FT,V,casa,732689,https://www.espn.com/soccer/match/_/gameId/732689/vasco-da-gama-fluminense,ESPN,https://www.espn.com/soccer/team/results/_/id/3445/season/2025
2025,Fluminense,3445,2025-05-29,"Thu, May 29",,CONMEBOL Sudamericana,Fluminense,3445,Once Caldas,2919,2,0,2 - 0,FT,V,casa,734759,https://www.espn.com/soccer/match/_/gameId/734759/once-caldas-fluminense,ESPN,https://www.espn.com/soccer/team/results/_/id/3445/season/2025
2025,Fluminense,3445,2025-06-01,"Sun, Jun 1",,Brazilian Serie A,Internacional,1936,Fluminense,3445,0,2,0 - 2,FT,V,fora,732692,https://www.espn.com/soccer/match/_/gameId/732692/fluminense-internacional,ESPN,https://www.espn.com/soccer/team/results/_/id/3445/season/2025
2025,Fluminense,3445,2025-06-17,"Tue, Jun 17",,FIFA Club World Cup,Fluminense,3445,Borussia Dortmund,124,0,0,0 - 0,FT,E,casa,724431,https://www.espn.com/soccer/match/_/gameId/724431/borussia-dortmund-fluminense,ESPN,https://www.espn.com/soccer/team/results/_/id/3445/season/2025
2025,Fluminense,3445,2025-06-21,"Sat, Jun 21",,FIFA Club World Cup,Fluminense,3445,Ulsan HD,7120,4,2,4 - 2,FT,V,casa,724449,https://www.espn.com/soccer/match/_/gameId/724449/ulsan-hd-fluminense,ESPN,https://www.espn.com/soccer/team/results/_/id/3445/season/2025
2025,Fluminense,3445,2025-06-25,"Wed, Jun 25",,FIFA Club World Cup,Mamelodi Sundowns,7084,Fluminense,3445,0,0,0 - 0,FT,E,fora,724464,https://www.espn.com/soccer/match/_/gameId/724464/fluminense-mamelodi-sundowns,ESPN,https://www.espn.com/soccer/team/results/_/id/3445/season/2025
2025,Fluminense,3445,2025-06-30,"Mon, Jun 30",,FIFA Club World Cup,Internazionale,110,Fluminense,3445,0,2,0 - 2,FT,V,fora,735948,https://www.espn.com/soccer/match/_/gameId/735948/fluminense-internazionale,ESPN,https://www.espn.com/soccer/team/results/_/id/3445/season/2025
2025,Fluminense,3445,2025-07-04,"Fri, Jul 4",,FIFA Club World Cup,Fluminense,3445,Al Hilal,929,2,1,2 - 1,FT,V,casa,735952,https://www.espn.com/soccer/match/_/gameId/735952/al-hilal-fluminense,ESPN,https://www.espn.com/soccer/team/results/_/id/3445/season/2025
2025,Fluminense,3445,2025-07-08,"Tue, Jul 8",,FIFA Club World Cup,Fluminense,3445,Chelsea,363,0,2,0 - 2,FT,D,casa,735956,https://www.espn.com/soccer/match/_/gameId/735956/chelsea-fluminense,ESPN,https://www.espn.com/soccer/team/results/_/id/3445/season/2025
2025,Fluminense,3445,2025-07-17,"Thu, Jul 17",,Brazilian Serie A,Fluminense,3445,Cruzeiro,2022,0,2,0 - 2,FT,D,casa,732725,https://www.espn.com/soccer/match/_/gameId/732725/cruzeiro-fluminense,ESPN,https://www.espn.com/soccer/team/results/_/id/3445/season/2025
2025,Fluminense,3445,2025-07-20,"Sun, Jul 20",,Brazilian Serie A,Flamengo,819,Fluminense,3445,1,0,1 - 0,FT,D,fora,732732,https://www.espn.com/soccer/match/_/gameId/732732/fluminense-flamengo,ESPN,https://www.espn.com/soccer/team/results/_/id/3445/season/2025
2025,Fluminense,3445,2025-07-23,"Wed, Jul 23",,Brazilian Serie A,Fluminense,3445,Palmeiras,2029,1,2,1 - 2,FT,D,casa,732748,https://www.espn.com/soccer/match/_/gameId/732748/palmeiras-fluminense,ESPN,https://www.espn.com/soccer/team/results/_/id/3445/season/2025
2025,Fluminense,3445,2025-07-27,"Sun, Jul 27",,Brazilian Serie A,São Paulo,2026,Fluminense,3445,3,1,3 - 1,FT,D,fora,732754,https://www.espn.com/soccer/match/_/gameId/732754/fluminense-sao-paulo,ESPN,https://www.espn.com/soccer/team/results/_/id/3445/season/2025
2025,Fluminense,3445,2025-07-30,"Wed, Jul 30",,Copa do Brasil,Internacional,1936,Fluminense,3445,1,2,1 - 2 1st Leg,FT,V,fora,736505,https://www.espn.com/soccer/match/_/gameId/736505/fluminense-internacional,ESPN,https://www.espn.com/soccer/team/results/_/id/3445/season/2025
2025,Fluminense,3445,2025-08-02,"Sat, Aug 2",,Brazilian Serie A,Fluminense,3445,Grêmio,6273,1,0,1 - 0,FT,V,casa,732769,https://www.espn.com/soccer/match/_/gameId/732769/gremio-fluminense,ESPN,https://www.espn.com/soccer/team/results/_/id/3445/season/2025
2025,Fluminense,3445,2025-08-06,"Wed, Aug 6",,Copa do Brasil,Fluminense,3445,Internacional,1936,1,1,1 - 1 2nd Leg · Fluminense wins 3-2 on aggregate,FT,E,casa,736514,https://www.espn.com/soccer/match/_/gameId/736514/internacional-fluminense,ESPN,https://www.espn.com/soccer/team/results/_/id/3445/season/2025
2025,Fluminense,3445,2025-08-09,"Sat, Aug 9",,Brazilian Serie A,Bahia,9967,Fluminense,3445,3,3,3 - 3,FT,E,fora,732770,https://www.espn.com/soccer/match/_/gameId/732770/fluminense-bahia,ESPN,https://www.espn.com/soccer/team/results/_/id/3445/season/2025
2025,Fluminense,3445,2025-08-12,"Tue, Aug 12",,CONMEBOL Sudamericana,América de Cali,8109,Fluminense,3445,1,2,1 - 2 1st Leg,FT,V,fora,736466,https://www.espn.com/soccer/match/_/gameId/736466/fluminense-america-de-cali,ESPN,https://www.espn.com/soccer/team/results/_/id/3445/season/2025
2025,Fluminense,3445,2025-08-16,"Sat, Aug 16",,Brazilian Serie A,Fluminense,3445,Fortaleza,6272,2,1,2 - 1,FT,V,casa,732789,https://www.espn.com/soccer/match/_/gameId/732789/fortaleza-fluminense,ESPN,https://www.espn.com/soccer/team/results/_/id/3445/season/2025
2025,Fluminense,3445,2025-08-19,"Tue, Aug 19",,CONMEBOL Sudamericana,Fluminense,3445,América de Cali,8109,2,0,2 - 0 2nd Leg · Fluminense wins 4-1 on aggregate,FT,V,casa,736476,https://www.espn.com/soccer/match/_/gameId/736476/america-de-cali-fluminense,ESPN,https://www.espn.com/soccer/team/results/_/id/3445/season/2025
2025,Fluminense,3445,2025-08-23,"Sat, Aug 23",,Brazilian Serie A,Red Bull Bragantino,6079,Fluminense,3445,4,2,4 - 2,FT,D,fora,732797,https://www.espn.com/soccer/match/_/gameId/732797/fluminense-red-bull-bragantino,ESPN,https://www.espn.com/soccer/team/results/_/id/3445/season/2025
2025,Fluminense,3445,2025-08-28,"Thu, Aug 28",,Copa do Brasil,Bahia,9967,Fluminense,3445,1,0,1 - 0 1st Leg,FT,D,fora,755893,https://www.espn.com/soccer/match/_/gameId/755893/fluminense-bahia,ESPN,https://www.espn.com/soccer/team/results/_/id/3445/season/2025
2025,Fluminense,3445,2025-08-31,"Sun, Aug 31",,Brazilian Serie A,Santos,2674,Fluminense,3445,0,0,0 - 0,FT,E,fora,732805,https://www.espn.com/soccer/match/_/gameId/732805/fluminense-santos,ESPN,https://www.espn.com/soccer/team/results/_/id/3445/season/2025
2025,Fluminense,3445,2025-09-10,"Wed, Sep 10",,Copa do Brasil,Fluminense,3445,Bahia,9967,2,0,2 - 0 2nd Leg · Fluminense wins 2-1 on aggregate,FT,V,casa,755898,https://www.espn.com/soccer/match/_/gameId/755898/bahia-fluminense,ESPN,https://www.espn.com/soccer/team/results/_/id/3445/season/2025
2025,Fluminense,3445,2025-09-13,"Sat, Sep 13",,Brazilian Serie A,Fluminense,3445,Corinthians,874,0,1,0 - 1,FT,D,casa,732811,https://www.espn.com/soccer/match/_/gameId/732811/corinthians-fluminense,ESPN,https://www.espn.com/soccer/team/results/_/id/3445/season/2025
2025,Fluminense,3445,2025-09-16,"Tue, Sep 16",,CONMEBOL Sudamericana,Lanús,12,Fluminense,3445,1,0,1 - 0 1st Leg,FT,D,fora,757086,https://www.espn.com/soccer/match/_/gameId/757086/fluminense-lanus,ESPN,https://www.espn.com/soccer/team/results/_/id/3445/season/2025
2025,Fluminense,3445,2025-09-20,"Sat, Sep 20",,Brazilian Serie A,Vitória,3457,Fluminense,3445,0,1,0 - 1,FT,V,fora,732825,https://www.espn.com/soccer/match/_/gameId/732825/fluminense-vitoria,ESPN,https://www.espn.com/soccer/team/results/_/id/3445/season/2025
2025,Fluminense,3445,2025-09-23,"Tue, Sep 23",,CONMEBOL Sudamericana,Fluminense,3445,Lanús,12,1,1,1 - 1 2nd Leg · Lanús wins 2-1 on aggregate,FT,E,casa,757089,https://www.espn.com/soccer/match/_/gameId/757089/lanus-fluminense,ESPN,https://www.espn.com/soccer/team/results/_/id/3445/season/2025
2025,Fluminense,3445,2025-09-28,"Sun, Sep 28",,Brazilian Serie A,Fluminense,3445,Botafogo,6086,2,0,2 - 0,FT,V,casa,732833,https://www.espn.com/soccer/match/_/gameId/732833/botafogo-fluminense,ESPN,https://www.espn.com/soccer/team/results/_/id/3445/season/2025
2025,Fluminense,3445,2025-10-01,"Wed, Oct 1",,Brazilian Serie A,Sport,7635,Fluminense,3445,2,2,2 - 2,FT,E,fora,732848,https://www.espn.com/soccer/match/_/gameId/732848/fluminense-sport,ESPN,https://www.espn.com/soccer/team/results/_/id/3445/season/2025
2025,Fluminense,3445,2025-10-04,"Sat, Oct 4",,Brazilian Serie A,Fluminense,3445,Atlético-MG,7632,3,0,3 - 0,FT,V,casa,732854,https://www.espn.com/soccer/match/_/gameId/732854/atletico-mg-fluminense,ESPN,https://www.espn.com/soccer/team/results/_/id/3445/season/2025
2025,Fluminense,3445,2025-10-08,"Wed, Oct 8",,Brazilian Serie A,Mirassol,9169,Fluminense,3445,2,1,2 - 1,FT,D,fora,732714,https://www.espn.com/soccer/match/_/gameId/732714/fluminense-mirassol,ESPN,https://www.espn.com/soccer/team/results/_/id/3445/season/2025
2025,Fluminense,3445,2025-10-16,"Thu, Oct 16",,Brazilian Serie A,Fluminense,3445,Juventude,6270,1,0,1 - 0,FT,V,casa,732862,https://www.espn.com/soccer/match/_/gameId/732862/juventude-fluminense,ESPN,https://www.espn.com/soccer/team/results/_/id/3445/season/2025
2025,Fluminense,3445,2025-10-20,"Mon, Oct 20",,Brazilian Serie A,Vasco da Gama,3454,Fluminense,3445,2,0,2 - 0,FT,D,fora,732874,https://www.espn.com/soccer/match/_/gameId/732874/fluminense-vasco-da-gama,ESPN,https://www.espn.com/soccer/team/results/_/id/3445/season/2025
2025,Fluminense,3445,2025-10-25,"Sat, Oct 25",,Brazilian Serie A,Fluminense,3445,Internacional,1936,1,0,1 - 0,FT,V,casa,732886,https://www.espn.com/soccer/match/_/gameId/732886/internacional-fluminense,ESPN,https://www.espn.com/soccer/team/results/_/id/3445/season/2025
2025,Fluminense,3445,2025-10-29,"Wed, Oct 29",,Brazilian Serie A,Fluminense,3445,Ceará,9969,1,0,1 - 0,FT,V,casa,732702,https://www.espn.com/soccer/match/_/gameId/732702/ceara-fluminense,ESPN,https://www.espn.com/soccer/team/results/_/id/3445/season/2025
2025,Fluminense,3445,2025-11-02,"Sun, Nov 2",,Brazilian Serie A,Ceará,9969,Fluminense,3445,2,0,2 - 0,FT,D,fora,732891,https://www.espn.com/soccer/match/_/gameId/732891/fluminense-ceara,ESPN,https://www.espn.com/soccer/team/results/_/id/3445/season/2025
2025,Fluminense,3445,2025-11-06,"Thu, Nov 6",,Brazilian Serie A,Fluminense,3445,Mirassol,9169,1,0,1 - 0,FT,V,casa,732906,https://www.espn.com/soccer/match/_/gameId/732906/mirassol-fluminense,ESPN,https://www.espn.com/soccer/team/results/_/id/3445/season/2025
2025,Fluminense,3445,2025-11-09,"Sun, Nov 9",,Brazilian Serie A,Cruzeiro,2022,Fluminense,3445,0,0,0 - 0,FT,E,fora,732914,https://www.espn.com/soccer/match/_/gameId/732914/fluminense-cruzeiro,ESPN,https://www.espn.com/soccer/team/results/_/id/3445/season/2025
2025,Fluminense,3445,2025-11-19,"Wed, Nov 19",,Brazilian Serie A,Fluminense,3445,Flamengo,819,2,1,2 - 1,FT,V,casa,732929,https://www.espn.com/soccer/match/_/gameId/732929/flamengo-fluminense,ESPN,https://www.espn.com/soccer/team/results/_/id/3445/season/2025
2025,Fluminense,3445,2025-11-22,"Sat, Nov 22",,Brazilian Serie A,Palmeiras,2029,Fluminense,3445,0,0,0 - 0,FT,E,fora,732931,https://www.espn.com/soccer/match/_/gameId/732931/fluminense-palmeiras,ESPN,https://www.espn.com/soccer/team/results/_/id/3445/season/2025
2025,Fluminense,3445,2025-11-27,"Thu, Nov 27",,Brazilian Serie A,Fluminense,3445,São Paulo,2026,6,0,6 - 0,FT,V,casa,732940,https://www.espn.com/soccer/match/_/gameId/732940/sao-paulo-fluminense,ESPN,https://www.espn.com/soccer/team/results/_/id/3445/season/2025
2025,Fluminense,3445,2025-12-02,"Tue, Dec 2",,Brazilian Serie A,Grêmio,6273,Fluminense,3445,1,2,1 - 2,FT,V,fora,732954,https://www.espn.com/soccer/match/_/gameId/732954/fluminense-gremio,ESPN,https://www.espn.com/soccer/team/results/_/id/3445/season/2025
2025,Fluminense,3445,2025-12-07,"Sun, Dec 7",,Brazilian Serie A,Fluminense,3445,Bahia,9967,2,0,2 - 0,FT,V,casa,732968,https://www.espn.com/soccer/match/_/gameId/732968/bahia-fluminense,ESPN,https://www.espn.com/soccer/team/results/_/id/3445/season/2025
2025,Fluminense,3445,2025-12-11,"Thu, Dec 11",,Copa do Brasil,Vasco da Gama,3454,Fluminense,3445,2,1,2 - 1 1st Leg,FT,D,fora,760848,https://www.espn.com/soccer/match/_/gameId/760848/fluminense-vasco-da-gama,ESPN,https://www.espn.com/soccer/team/results/_/id/3445/season/2025
2025,Fluminense,3445,2025-12-14,"Sun, Dec 14",,Copa do Brasil,Fluminense,3445,Vasco da Gama,3454,1,0,1 - 0 2nd Leg · Tied 2-2 on aggregate · Fluminense wins 3-4 on Penalty Kicks,FT-Pens,V,casa,760850,https://www.espn.com/soccer/match/_/gameId/760850/vasco-da-gama-fluminense,ESPN,https://www.espn.com/soccer/team/results/_/id/3445/season/2025
2025,Fortaleza,6272,2025-01-23,"Thu, Jan 23",,Copa do Nordeste,Fortaleza,6272,Moto Club,4908,2,0,2 - 0,FT,V,casa,730898,https://www.espn.com/soccer/match/_/gameId/730898/moto-club-fortaleza,ESPN,https://www.espn.com/soccer/team/results/_/id/6272/season/2025
2025,Fortaleza,6272,2025-02-04,"Tue, Feb 4",,Copa do Nordeste,Sport,7635,Fortaleza,6272,0,2,0 - 2,FT,V,fora,730907,https://www.espn.com/soccer/match/_/gameId/730907/fortaleza-sport,ESPN,https://www.espn.com/soccer/team/results/_/id/6272/season/2025
2025,Fortaleza,6272,2025-02-11,"Tue, Feb 11",,Copa do Nordeste,Altos,18433,Fortaleza,6272,2,1,2 - 1,FT,D,fora,730916,https://www.espn.com/soccer/match/_/gameId/730916/fortaleza-altos,ESPN,https://www.espn.com/soccer/team/results/_/id/6272/season/2025
2025,Fortaleza,6272,2025-02-19,"Wed, Feb 19",,Copa do Nordeste,Fortaleza,6272,Vitória,3457,1,2,1 - 2,FT,D,casa,730927,https://www.espn.com/soccer/match/_/gameId/730927/vitoria-fortaleza,ESPN,https://www.espn.com/soccer/team/results/_/id/6272/season/2025
2025,Fortaleza,6272,2025-03-05,"Wed, Mar 5",,Copa do Nordeste,Fortaleza,6272,Ferroviário,21901,4,0,4 - 0,FT,V,casa,730932,https://www.espn.com/soccer/match/_/gameId/730932/ferroviario-fortaleza,ESPN,https://www.espn.com/soccer/team/results/_/id/6272/season/2025
2025,Fortaleza,6272,2025-03-19,"Wed, Mar 19",,Copa do Nordeste,Sousa EC,15561,Fortaleza,6272,2,1,2 - 1,FT,D,fora,730944,https://www.espn.com/soccer/match/_/gameId/730944/fortaleza-sousa-ec,ESPN,https://www.espn.com/soccer/team/results/_/id/6272/season/2025
2025,Fortaleza,6272,2025-03-26,"Wed, Mar 26",,Copa do Nordeste,Fortaleza,6272,CRB,9970,0,1,0 - 1,FT,D,casa,730949,https://www.espn.com/soccer/match/_/gameId/730949/crb-fortaleza,ESPN,https://www.espn.com/soccer/team/results/_/id/6272/season/2025
2025,Fortaleza,6272,2025-03-29,"Sat, Mar 29",,Brazilian Serie A,Fortaleza,6272,Fluminense,3445,2,0,2 - 0,FT,V,casa,732593,https://www.espn.com/soccer/match/_/gameId/732593/fluminense-fortaleza,ESPN,https://www.espn.com/soccer/team/results/_/id/6272/season/2025
2025,Fortaleza,6272,2025-04-01,"Tue, Apr 1",,CONMEBOL Libertadores,Fortaleza,6272,Racing Club,15,0,3,0 - 3,FT,D,casa,734778,https://www.espn.com/soccer/match/_/gameId/734778/racing-club-fortaleza,ESPN,https://www.espn.com/soccer/team/results/_/id/6272/season/2025
2025,Fortaleza,6272,2025-04-06,"Sun, Apr 6",,Brazilian Serie A,Mirassol,9169,Fortaleza,6272,1,1,1 - 1,FT,E,fora,732605,https://www.espn.com/soccer/match/_/gameId/732605/fortaleza-mirassol,ESPN,https://www.espn.com/soccer/team/results/_/id/6272/season/2025
2025,Fortaleza,6272,2025-04-13,"Sun, Apr 13",,Brazilian Serie A,Fortaleza,6272,Internacional,1936,0,0,0 - 0,FT,E,casa,732616,https://www.espn.com/soccer/match/_/gameId/732616/internacional-fortaleza,ESPN,https://www.espn.com/soccer/team/results/_/id/6272/season/2025
2025,Fortaleza,6272,2025-04-16,"Wed, Apr 16",,Brazilian Serie A,Vitória,3457,Fortaleza,6272,2,1,2 - 1,FT,D,fora,732625,https://www.espn.com/soccer/match/_/gameId/732625/fortaleza-vitoria,ESPN,https://www.espn.com/soccer/team/results/_/id/6272/season/2025
2025,Fortaleza,6272,2025-04-20,"Sun, Apr 20",,Brazilian Serie A,Fortaleza,6272,Palmeiras,2029,1,2,1 - 2,FT,D,casa,732637,https://www.espn.com/soccer/match/_/gameId/732637/palmeiras-fortaleza,ESPN,https://www.espn.com/soccer/team/results/_/id/6272/season/2025
2025,Fortaleza,6272,2025-04-23,"Wed, Apr 23",,CONMEBOL Libertadores,Bucaramanga,6137,Fortaleza,6272,1,1,1 - 1,FT,E,fora,734816,https://www.espn.com/soccer/match/_/gameId/734816/fortaleza-bucaramanga,ESPN,https://www.espn.com/soccer/team/results/_/id/6272/season/2025
2025,Fortaleza,6272,2025-04-26,"Sat, Apr 26",,Brazilian Serie A,Sport,7635,Fortaleza,6272,0,0,0 - 0,FT,E,fora,732645,https://www.espn.com/soccer/match/_/gameId/732645/fortaleza-sport,ESPN,https://www.espn.com/soccer/team/results/_/id/6272/season/2025
2025,Fortaleza,6272,2025-04-29,"Tue, Apr 29",,Copa do Brasil,Retró,20896,Fortaleza,6272,1,1,1 - 1 1st Leg,FT,E,fora,735278,https://www.espn.com/soccer/match/_/gameId/735278/fortaleza-retro,ESPN,https://www.espn.com/soccer/team/results/_/id/6272/season/2025
2025,Fortaleza,6272,2025-05-02,"Fri, May 2",,Brazilian Serie A,São Paulo,2026,Fortaleza,6272,0,0,0 - 0,FT,E,fora,732653,https://www.espn.com/soccer/match/_/gameId/732653/fortaleza-sao-paulo,ESPN,https://www.espn.com/soccer/team/results/_/id/6272/season/2025
2025,Fortaleza,6272,2025-05-06,"Tue, May 6",,CONMEBOL Libertadores,Fortaleza,6272,Colo Colo,2688,4,0,4 - 0,FT,V,casa,734825,https://www.espn.com/soccer/match/_/gameId/734825/colo-colo-fortaleza,ESPN,https://www.espn.com/soccer/team/results/_/id/6272/season/2025
2025,Fortaleza,6272,2025-05-10,"Sat, May 10",,Brazilian Serie A,Fortaleza,6272,Juventude,6270,5,0,5 - 0,FT,V,casa,732666,https://www.espn.com/soccer/match/_/gameId/732666/juventude-fortaleza,ESPN,https://www.espn.com/soccer/team/results/_/id/6272/season/2025
2025,Fortaleza,6272,2025-05-13,"Tue, May 13",,CONMEBOL Libertadores,Fortaleza,6272,Bucaramanga,6137,0,0,0 - 0,FT,E,casa,734844,https://www.espn.com/soccer/match/_/gameId/734844/bucaramanga-fortaleza,ESPN,https://www.espn.com/soccer/team/results/_/id/6272/season/2025
2025,Fortaleza,6272,2025-05-17,"Sat, May 17",,Brazilian Serie A,Vasco da Gama,3454,Fortaleza,6272,3,0,3 - 0,FT,D,fora,732675,https://www.espn.com/soccer/match/_/gameId/732675/fortaleza-vasco-da-gama,ESPN,https://www.espn.com/soccer/team/results/_/id/6272/season/2025
2025,Fortaleza,6272,2025-05-21,"Wed, May 21",,Copa do Brasil,Fortaleza,6272,Retró,20896,1,1,1 - 1 2nd Leg · Tied 2-2 on aggregate · Retró wins 4-1 on Penalty Kicks,FT-Pens,E,casa,735293,https://www.espn.com/soccer/match/_/gameId/735293/retro-fortaleza,ESPN,https://www.espn.com/soccer/team/results/_/id/6272/season/2025
2025,Fortaleza,6272,2025-05-25,"Sun, May 25",,Brazilian Serie A,Fortaleza,6272,Cruzeiro,2022,0,2,0 - 2,FT,D,casa,732688,https://www.espn.com/soccer/match/_/gameId/732688/cruzeiro-fortaleza,ESPN,https://www.espn.com/soccer/team/results/_/id/6272/season/2025
2025,Fortaleza,6272,2025-05-29,"Thu, May 29",,CONMEBOL Libertadores,Racing Club,15,Fortaleza,6272,1,0,1 - 0,FT,D,fora,734858,https://www.espn.com/soccer/match/_/gameId/734858/fortaleza-racing-club,ESPN,https://www.espn.com/soccer/team/results/_/id/6272/season/2025
2025,Fortaleza,6272,2025-06-01,"Sun, Jun 1",,Brazilian Serie A,Flamengo,819,Fortaleza,6272,5,0,5 - 0,FT,D,fora,732691,https://www.espn.com/soccer/match/_/gameId/732691/fortaleza-flamengo,ESPN,https://www.espn.com/soccer/team/results/_/id/6272/season/2025
2025,Fortaleza,6272,2025-06-12,"Thu, Jun 12",,Brazilian Serie A,Fortaleza,6272,Santos,2674,2,3,2 - 3,FT,D,casa,732703,https://www.espn.com/soccer/match/_/gameId/732703/santos-fortaleza,ESPN,https://www.espn.com/soccer/team/results/_/id/6272/season/2025
2025,Fortaleza,6272,2025-07-09,"Wed, Jul 9",,Copa do Nordeste,Bahia,9967,Fortaleza,6272,2,1,2 - 1,FT,D,fora,735078,https://www.espn.com/soccer/match/_/gameId/735078/fortaleza-bahia,ESPN,https://www.espn.com/soccer/team/results/_/id/6272/season/2025
2025,Fortaleza,6272,2025-07-13,"Sun, Jul 13",,Brazilian Serie A,Fortaleza,6272,Ceará,9969,0,1,0 - 1,FT,D,casa,732717,https://www.espn.com/soccer/match/_/gameId/732717/ceara-fortaleza,ESPN,https://www.espn.com/soccer/team/results/_/id/6272/season/2025
2025,Fortaleza,6272,2025-07-19,"Sat, Jul 19",,Brazilian Serie A,Fortaleza,6272,Bahia,9967,1,1,1 - 1,FT,E,casa,732731,https://www.espn.com/soccer/match/_/gameId/732731/bahia-fortaleza,ESPN,https://www.espn.com/soccer/team/results/_/id/6272/season/2025
2025,Fortaleza,6272,2025-07-26,"Sat, Jul 26",,Brazilian Serie A,Fortaleza,6272,Red Bull Bragantino,6079,3,1,3 - 1,FT,V,casa,732751,https://www.espn.com/soccer/match/_/gameId/732751/red-bull-bragantino-fortaleza,ESPN,https://www.espn.com/soccer/team/results/_/id/6272/season/2025
2025,Fortaleza,6272,2025-07-29,"Tue, Jul 29",,Brazilian Serie A,Grêmio,6273,Fortaleza,6272,2,1,2 - 1,FT,D,fora,732729,https://www.espn.com/soccer/match/_/gameId/732729/fortaleza-gremio,ESPN,https://www.espn.com/soccer/team/results/_/id/6272/season/2025
2025,Fortaleza,6272,2025-08-03,"Sun, Aug 3",,Brazilian Serie A,Corinthians,874,Fortaleza,6272,1,1,1 - 1,FT,E,fora,732763,https://www.espn.com/soccer/match/_/gameId/732763/fortaleza-corinthians,ESPN,https://www.espn.com/soccer/team/results/_/id/6272/season/2025
2025,Fortaleza,6272,2025-08-09,"Sat, Aug 9",,Brazilian Serie A,Fortaleza,6272,Botafogo,6086,0,5,0 - 5,FT,D,casa,732773,https://www.espn.com/soccer/match/_/gameId/732773/botafogo-fortaleza,ESPN,https://www.espn.com/soccer/team/results/_/id/6272/season/2025
2025,Fortaleza,6272,2025-08-12,"Tue, Aug 12",,CONMEBOL Libertadores,Fortaleza,6272,Vélez Sarsfield,21,0,0,0 - 0 1st Leg,FT,E,casa,736518,https://www.espn.com/soccer/match/_/gameId/736518/velez-sarsfield-fortaleza,ESPN,https://www.espn.com/soccer/team/results/_/id/6272/season/2025
2025,Fortaleza,6272,2025-08-16,"Sat, Aug 16",,Brazilian Serie A,Fluminense,3445,Fortaleza,6272,2,1,2 - 1,FT,D,fora,732789,https://www.espn.com/soccer/match/_/gameId/732789/fortaleza-fluminense,ESPN,https://www.espn.com/soccer/team/results/_/id/6272/season/2025
2025,Fortaleza,6272,2025-08-19,"Tue, Aug 19",,CONMEBOL Libertadores,Vélez Sarsfield,21,Fortaleza,6272,2,0,2 - 0 2nd Leg,FT,D,fora,736526,https://www.espn.com/soccer/match/_/gameId/736526/fortaleza-velez-sarsfield,ESPN,https://www.espn.com/soccer/team/results/_/id/6272/season/2025
2025,Fortaleza,6272,2025-08-24,"Sun, Aug 24",,Brazilian Serie A,Fortaleza,6272,Mirassol,9169,0,1,0 - 1,FT,D,casa,732790,https://www.espn.com/soccer/match/_/gameId/732790/mirassol-fortaleza,ESPN,https://www.espn.com/soccer/team/results/_/id/6272/season/2025
2025,Fortaleza,6272,2025-08-31,"Sun, Aug 31",,Brazilian Serie A,Internacional,1936,Fortaleza,6272,2,1,2 - 1,FT,D,fora,732807,https://www.espn.com/soccer/match/_/gameId/732807/fortaleza-internacional,ESPN,https://www.espn.com/soccer/team/results/_/id/6272/season/2025
2025,Fortaleza,6272,2025-09-13,"Sat, Sep 13",,Brazilian Serie A,Fortaleza,6272,Vitória,3457,2,0,2 - 0,FT,V,casa,732810,https://www.espn.com/soccer/match/_/gameId/732810/vitoria-fortaleza,ESPN,https://www.espn.com/soccer/team/results/_/id/6272/season/2025
2025,Fortaleza,6272,2025-09-20,"Sat, Sep 20",,Brazilian Serie A,Palmeiras,2029,Fortaleza,6272,4,1,4 - 1,FT,D,fora,732828,https://www.espn.com/soccer/match/_/gameId/732828/fortaleza-palmeiras,ESPN,https://www.espn.com/soccer/team/results/_/id/6272/season/2025
2025,Fortaleza,6272,2025-09-27,"Sat, Sep 27",,Brazilian Serie A,Fortaleza,6272,Sport,7635,1,0,1 - 0,FT,V,casa,732838,https://www.espn.com/soccer/match/_/gameId/732838/sport-fortaleza,ESPN,https://www.espn.com/soccer/team/results/_/id/6272/season/2025
2025,Fortaleza,6272,2025-10-02,"Thu, Oct 2",,Brazilian Serie A,Fortaleza,6272,São Paulo,2026,0,2,0 - 2,FT,D,casa,732840,https://www.espn.com/soccer/match/_/gameId/732840/sao-paulo-fortaleza,ESPN,https://www.espn.com/soccer/team/results/_/id/6272/season/2025
2025,Fortaleza,6272,2025-10-05,"Sun, Oct 5",,Brazilian Serie A,Juventude,6270,Fortaleza,6272,1,2,1 - 2,FT,V,fora,732858,https://www.espn.com/soccer/match/_/gameId/732858/fortaleza-juventude,ESPN,https://www.espn.com/soccer/team/results/_/id/6272/season/2025
2025,Fortaleza,6272,2025-10-15,"Wed, Oct 15",,Brazilian Serie A,Fortaleza,6272,Vasco da Gama,3454,0,2,0 - 2,FT,D,casa,732863,https://www.espn.com/soccer/match/_/gameId/732863/vasco-da-gama-fortaleza,ESPN,https://www.espn.com/soccer/team/results/_/id/6272/season/2025
2025,Fortaleza,6272,2025-10-18,"Sat, Oct 18",,Brazilian Serie A,Cruzeiro,2022,Fortaleza,6272,1,0,1 - 0,FT,D,fora,732875,https://www.espn.com/soccer/match/_/gameId/732875/fortaleza-cruzeiro,ESPN,https://www.espn.com/soccer/team/results/_/id/6272/season/2025
2025,Fortaleza,6272,2025-10-25,"Sat, Oct 25",,Brazilian Serie A,Fortaleza,6272,Flamengo,819,1,0,1 - 0,FT,V,casa,732885,https://www.espn.com/soccer/match/_/gameId/732885/flamengo-fortaleza,ESPN,https://www.espn.com/soccer/team/results/_/id/6272/season/2025
2025,Fortaleza,6272,2025-11-01,"Sat, Nov 1",,Brazilian Serie A,Santos,2674,Fortaleza,6272,1,1,1 - 1,FT,E,fora,732893,https://www.espn.com/soccer/match/_/gameId/732893/fortaleza-santos,ESPN,https://www.espn.com/soccer/team/results/_/id/6272/season/2025
2025,Fortaleza,6272,2025-11-06,"Thu, Nov 6",,Brazilian Serie A,Ceará,9969,Fortaleza,6272,1,1,1 - 1,FT,E,fora,732907,https://www.espn.com/soccer/match/_/gameId/732907/fortaleza-ceara,ESPN,https://www.espn.com/soccer/team/results/_/id/6272/season/2025
2025,Fortaleza,6272,2025-11-09,"Sun, Nov 9",,Brazilian Serie A,Fortaleza,6272,Grêmio,6273,2,2,2 - 2,FT,E,casa,732916,https://www.espn.com/soccer/match/_/gameId/732916/gremio-fortaleza,ESPN,https://www.espn.com/soccer/team/results/_/id/6272/season/2025
2025,Fortaleza,6272,2025-11-12,"Wed, Nov 12",,Brazilian Serie A,Atlético-MG,7632,Fortaleza,6272,3,3,3 - 3,FT,E,fora,732740,https://www.espn.com/soccer/match/_/gameId/732740/fortaleza-atletico-mg,ESPN,https://www.espn.com/soccer/team/results/_/id/6272/season/2025
2025,Fortaleza,6272,2025-11-20,"Thu, Nov 20",,Brazilian Serie A,Bahia,9967,Fortaleza,6272,2,3,2 - 3,FT,V,fora,732928,https://www.espn.com/soccer/match/_/gameId/732928/fortaleza-bahia,ESPN,https://www.espn.com/soccer/team/results/_/id/6272/season/2025
2025,Fortaleza,6272,2025-11-26,"Wed, Nov 26",,Brazilian Serie A,Red Bull Bragantino,6079,Fortaleza,6272,0,1,0 - 1,FT,V,fora,732946,https://www.espn.com/soccer/match/_/gameId/732946/fortaleza-red-bull-bragantino,ESPN,https://www.espn.com/soccer/team/results/_/id/6272/season/2025
2025,Fortaleza,6272,2025-11-30,"Sun, Nov 30",,Brazilian Serie A,Fortaleza,6272,Atlético-MG,7632,1,0,1 - 0,FT,V,casa,732934,https://www.espn.com/soccer/match/_/gameId/732934/atletico-mg-fortaleza,ESPN,https://www.espn.com/soccer/team/results/_/id/6272/season/2025
2025,Fortaleza,6272,2025-12-03,"Wed, Dec 3",,Brazilian Serie A,Fortaleza,6272,Corinthians,874,2,1,2 - 1,FT,V,casa,732950,https://www.espn.com/soccer/match/_/gameId/732950/corinthians-fortaleza,ESPN,https://www.espn.com/soccer/team/results/_/id/6272/season/2025
2025,Fortaleza,6272,2025-12-07,"Sun, Dec 7",,Brazilian Serie A,Botafogo,6086,Fortaleza,6272,4,2,4 - 2,FT,D,fora,732961,https://www.espn.com/soccer/match/_/gameId/732961/fortaleza-botafogo,ESPN,https://www.espn.com/soccer/team/results/_/id/6272/season/2025
2025,Grêmio,6273,2025-01-22,"Wed, Jan 22",,Brazilian Campeonato Gaucho,Brasil de Pelotas,17134,Grêmio,6273,0,0,0 - 0,FT,E,fora,724749,https://www.espn.com/soccer/match/_/gameId/724749/gremio-brasil-de-pelotas,ESPN,https://www.espn.com/soccer/team/results/_/id/6273/season/2025
2025,Grêmio,6273,2025-01-26,"Sun, Jan 26",,Brazilian Campeonato Gaucho,Grêmio,6273,Caxias do Sul,17131,4,0,4 - 0,FT,V,casa,724755,https://www.espn.com/soccer/match/_/gameId/724755/caxias-do-sul-gremio,ESPN,https://www.espn.com/soccer/team/results/_/id/6273/season/2025
2025,Grêmio,6273,2025-01-29,"Wed, Jan 29",,Brazilian Campeonato Gaucho,Monsoon,22520,Grêmio,6273,0,3,0 - 3,FT,V,fora,724760,https://www.espn.com/soccer/match/_/gameId/724760/gremio-monsoon,ESPN,https://www.espn.com/soccer/team/results/_/id/6273/season/2025
2025,Grêmio,6273,2025-02-01,"Sat, Feb 1",,Brazilian Campeonato Gaucho,Grêmio,6273,São Luiz-RS,7391,5,0,5 - 0,FT,V,casa,724770,https://www.espn.com/soccer/match/_/gameId/724770/sao-luiz-rs-gremio,ESPN,https://www.espn.com/soccer/team/results/_/id/6273/season/2025
2025,Grêmio,6273,2025-02-05,"Wed, Feb 5",,Brazilian Campeonato Gaucho,Juventude,6270,Grêmio,6273,2,0,2 - 0,FT,D,fora,724773,https://www.espn.com/soccer/match/_/gameId/724773/gremio-juventude,ESPN,https://www.espn.com/soccer/team/results/_/id/6273/season/2025
2025,Grêmio,6273,2025-02-08,"Sat, Feb 8",,Brazilian Campeonato Gaucho,Grêmio,6273,Internacional,1936,1,1,1 - 1,FT,E,casa,724777,https://www.espn.com/soccer/match/_/gameId/724777/internacional-gremio,ESPN,https://www.espn.com/soccer/team/results/_/id/6273/season/2025
2025,Grêmio,6273,2025-02-11,"Tue, Feb 11",,Brazilian Campeonato Gaucho,Grêmio,6273,EC Pelotas,17129,5,0,5 - 0,FT,V,casa,724785,https://www.espn.com/soccer/match/_/gameId/724785/ec-pelotas-gremio,ESPN,https://www.espn.com/soccer/team/results/_/id/6273/season/2025
2025,Grêmio,6273,2025-02-15,"Sat, Feb 15",,Brazilian Campeonato Gaucho,Ypiranga,4935,Grêmio,6273,0,1,0 - 1,FT,V,fora,724794,https://www.espn.com/soccer/match/_/gameId/724794/gremio-ypiranga,ESPN,https://www.espn.com/soccer/team/results/_/id/6273/season/2025
2025,Grêmio,6273,2025-02-19,"Wed, Feb 19",,Copa do Brasil,São Raimundo-RR,17723,Grêmio,6273,1,1,1 - 1 Grêmio wins 4-1 on Penalty Kicks,FT-Pens,E,fora,732330,https://www.espn.com/soccer/match/_/gameId/732330/gremio-sao-raimundo-rr,ESPN,https://www.espn.com/soccer/team/results/_/id/6273/season/2025
2025,Grêmio,6273,2025-02-22,"Sat, Feb 22",,Brazilian Campeonato Gaucho,Grêmio,6273,Juventude,6270,2,1,2 - 1 1st Leg,FT,V,casa,733062,https://www.espn.com/soccer/match/_/gameId/733062/juventude-gremio,ESPN,https://www.espn.com/soccer/team/results/_/id/6273/season/2025
2025,Grêmio,6273,2025-03-01,"Sat, Mar 1",,Brazilian Campeonato Gaucho,Juventude,6270,Grêmio,6273,2,1,2 - 1 2nd Leg · Tied 3-3 on aggregate · Juventude wins 2-3 on Penalty Kicks,FT-Pens,D,fora,733063,https://www.espn.com/soccer/match/_/gameId/733063/gremio-juventude,ESPN,https://www.espn.com/soccer/team/results/_/id/6273/season/2025
2025,Grêmio,6273,2025-03-08,"Sat, Mar 8",,Brazilian Campeonato Gaucho,Grêmio,6273,Internacional,1936,0,2,0 - 2 1st Leg,FT,D,casa,733953,https://www.espn.com/soccer/match/_/gameId/733953/internacional-gremio,ESPN,https://www.espn.com/soccer/team/results/_/id/6273/season/2025
2025,Grêmio,6273,2025-03-12,"Wed, Mar 12",,Copa do Brasil,Athletic,20851,Grêmio,6273,3,3,3 - 3 Grêmio wins 8-7 on Penalty Kicks,FT-Pens,E,fora,733188,https://www.espn.com/soccer/match/_/gameId/733188/gremio-athletic,ESPN,https://www.espn.com/soccer/team/results/_/id/6273/season/2025
2025,Grêmio,6273,2025-03-16,"Sun, Mar 16",,Brazilian Campeonato Gaucho,Internacional,1936,Grêmio,6273,1,1,1 - 1 2nd Leg · Internacional wins 3-1 on aggregate,FT,E,fora,733954,https://www.espn.com/soccer/match/_/gameId/733954/gremio-internacional,ESPN,https://www.espn.com/soccer/team/results/_/id/6273/season/2025
2025,Grêmio,6273,2025-03-29,"Sat, Mar 29",,Brazilian Serie A,Grêmio,6273,Atlético-MG,7632,2,1,2 - 1,FT,V,casa,732599,https://www.espn.com/soccer/match/_/gameId/732599/atletico-mg-gremio,ESPN,https://www.espn.com/soccer/team/results/_/id/6273/season/2025
2025,Grêmio,6273,2025-04-02,"Wed, Apr 2",,CONMEBOL Sudamericana,Sportivo Luqueño,5583,Grêmio,6273,1,2,1 - 2,FT,V,fora,734685,https://www.espn.com/soccer/match/_/gameId/734685/gremio-sportivo-luqueno,ESPN,https://www.espn.com/soccer/team/results/_/id/6273/season/2025
2025,Grêmio,6273,2025-04-05,"Sat, Apr 5",,Brazilian Serie A,Ceará,9969,Grêmio,6273,2,0,2 - 0,FT,D,fora,732601,https://www.espn.com/soccer/match/_/gameId/732601/gremio-ceara,ESPN,https://www.espn.com/soccer/team/results/_/id/6273/season/2025
2025,Grêmio,6273,2025-04-08,"Tue, Apr 8",,CONMEBOL Sudamericana,Grêmio,6273,Atlético Grau,20293,2,0,2 - 0,FT,V,casa,734702,https://www.espn.com/soccer/match/_/gameId/734702/atletico-grau-gremio,ESPN,https://www.espn.com/soccer/team/results/_/id/6273/season/2025
2025,Grêmio,6273,2025-04-13,"Sun, Apr 13",,Brazilian Serie A,Grêmio,6273,Flamengo,819,0,2,0 - 2,FT,D,casa,732615,https://www.espn.com/soccer/match/_/gameId/732615/flamengo-gremio,ESPN,https://www.espn.com/soccer/team/results/_/id/6273/season/2025
2025,Grêmio,6273,2025-04-16,"Wed, Apr 16",,Brazilian Serie A,Mirassol,9169,Grêmio,6273,4,1,4 - 1,FT,D,fora,732628,https://www.espn.com/soccer/match/_/gameId/732628/gremio-mirassol,ESPN,https://www.espn.com/soccer/team/results/_/id/6273/season/2025
2025,Grêmio,6273,2025-04-19,"Sat, Apr 19",,Brazilian Serie A,Grêmio,6273,Internacional,1936,1,1,1 - 1,FT,E,casa,732636,https://www.espn.com/soccer/match/_/gameId/732636/internacional-gremio,ESPN,https://www.espn.com/soccer/team/results/_/id/6273/season/2025
2025,Grêmio,6273,2025-04-24,"Thu, Apr 24",,CONMEBOL Sudamericana,Godoy Cruz Antonio Tomba,6756,Grêmio,6273,2,2,2 - 2,FT,E,fora,734711,https://www.espn.com/soccer/match/_/gameId/734711/gremio-godoy-cruz-antonio-tomba,ESPN,https://www.espn.com/soccer/team/results/_/id/6273/season/2025
2025,Grêmio,6273,2025-04-27,"Sun, Apr 27",,Brazilian Serie A,Vitória,3457,Grêmio,6273,1,1,1 - 1,FT,E,fora,732644,https://www.espn.com/soccer/match/_/gameId/732644/gremio-vitoria,ESPN,https://www.espn.com/soccer/team/results/_/id/6273/season/2025
2025,Grêmio,6273,2025-04-30,"Wed, Apr 30",,Copa do Brasil,CSA,7531,Grêmio,6273,3,2,3 - 2 1st Leg,FT,D,fora,735269,https://www.espn.com/soccer/match/_/gameId/735269/gremio-csa,ESPN,https://www.espn.com/soccer/team/results/_/id/6273/season/2025
2025,Grêmio,6273,2025-05-04,"Sun, May 4",,Brazilian Serie A,Grêmio,6273,Santos,2674,1,0,1 - 0,FT,V,casa,732656,https://www.espn.com/soccer/match/_/gameId/732656/santos-gremio,ESPN,https://www.espn.com/soccer/team/results/_/id/6273/season/2025
2025,Grêmio,6273,2025-05-07,"Wed, May 7",,CONMEBOL Sudamericana,Atlético Grau,20293,Grêmio,6273,0,0,0 - 0,FT,E,fora,734726,https://www.espn.com/soccer/match/_/gameId/734726/gremio-atletico-grau,ESPN,https://www.espn.com/soccer/team/results/_/id/6273/season/2025
2025,Grêmio,6273,2025-05-10,"Sat, May 10",,Brazilian Serie A,Grêmio,6273,Red Bull Bragantino,6079,1,1,1 - 1,FT,E,casa,732665,https://www.espn.com/soccer/match/_/gameId/732665/red-bull-bragantino-gremio,ESPN,https://www.espn.com/soccer/team/results/_/id/6273/season/2025
2025,Grêmio,6273,2025-05-13,"Tue, May 13",,CONMEBOL Sudamericana,Grêmio,6273,Godoy Cruz Antonio Tomba,6756,1,1,1 - 1,FT,E,casa,734752,https://www.espn.com/soccer/match/_/gameId/734752/godoy-cruz-antonio-tomba-gremio,ESPN,https://www.espn.com/soccer/team/results/_/id/6273/season/2025
2025,Grêmio,6273,2025-05-17,"Sat, May 17",,Brazilian Serie A,São Paulo,2026,Grêmio,6273,2,1,2 - 1,FT,D,fora,732676,https://www.espn.com/soccer/match/_/gameId/732676/gremio-sao-paulo,ESPN,https://www.espn.com/soccer/team/results/_/id/6273/season/2025
2025,Grêmio,6273,2025-05-20,"Tue, May 20",,Copa do Brasil,Grêmio,6273,CSA,7531,0,0,0 - 0 2nd Leg · CSA wins 3-2 on aggregate,FT,E,casa,735292,https://www.espn.com/soccer/match/_/gameId/735292/csa-gremio,ESPN,https://www.espn.com/soccer/team/results/_/id/6273/season/2025
2025,Grêmio,6273,2025-05-25,"Sun, May 25",,Brazilian Serie A,Grêmio,6273,Bahia,9967,1,0,1 - 0,FT,V,casa,732687,https://www.espn.com/soccer/match/_/gameId/732687/bahia-gremio,ESPN,https://www.espn.com/soccer/team/results/_/id/6273/season/2025
2025,Grêmio,6273,2025-05-29,"Thu, May 29",,CONMEBOL Sudamericana,Grêmio,6273,Sportivo Luqueño,5583,1,0,1 - 0,FT,V,casa,734766,https://www.espn.com/soccer/match/_/gameId/734766/sportivo-luqueno-gremio,ESPN,https://www.espn.com/soccer/team/results/_/id/6273/season/2025
2025,Grêmio,6273,2025-06-01,"Sun, Jun 1",,Brazilian Serie A,Juventude,6270,Grêmio,6273,0,2,0 - 2,FT,V,fora,732693,https://www.espn.com/soccer/match/_/gameId/732693/gremio-juventude,ESPN,https://www.espn.com/soccer/team/results/_/id/6273/season/2025
2025,Grêmio,6273,2025-06-12,"Thu, Jun 12",,Brazilian Serie A,Grêmio,6273,Corinthians,874,1,1,1 - 1,FT,E,casa,732709,https://www.espn.com/soccer/match/_/gameId/732709/corinthians-gremio,ESPN,https://www.espn.com/soccer/team/results/_/id/6273/season/2025
2025,Grêmio,6273,2025-07-13,"Sun, Jul 13",,Brazilian Serie A,Cruzeiro,2022,Grêmio,6273,4,1,4 - 1,FT,D,fora,732711,https://www.espn.com/soccer/match/_/gameId/732711/gremio-cruzeiro,ESPN,https://www.espn.com/soccer/team/results/_/id/6273/season/2025
2025,Grêmio,6273,2025-07-16,"Wed, Jul 16",,CONMEBOL Sudamericana,Alianza Lima,2680,Grêmio,6273,2,0,2 - 0 1st Leg,FT,D,fora,736256,https://www.espn.com/soccer/match/_/gameId/736256/gremio-alianza-lima,ESPN,https://www.espn.com/soccer/team/results/_/id/6273/season/2025
2025,Grêmio,6273,2025-07-19,"Sat, Jul 19",,Brazilian Serie A,Vasco da Gama,3454,Grêmio,6273,1,1,1 - 1,FT,E,fora,732736,https://www.espn.com/soccer/match/_/gameId/732736/gremio-vasco-da-gama,ESPN,https://www.espn.com/soccer/team/results/_/id/6273/season/2025
2025,Grêmio,6273,2025-07-23,"Wed, Jul 23",,CONMEBOL Sudamericana,Grêmio,6273,Alianza Lima,2680,1,1,1 - 1 2nd Leg · Alianza Lima wins 3-1 on aggregate,FT,E,casa,736260,https://www.espn.com/soccer/match/_/gameId/736260/alianza-lima-gremio,ESPN,https://www.espn.com/soccer/team/results/_/id/6273/season/2025
2025,Grêmio,6273,2025-07-26,"Sat, Jul 26",,Brazilian Serie A,Palmeiras,2029,Grêmio,6273,1,0,1 - 0,FT,D,fora,732759,https://www.espn.com/soccer/match/_/gameId/732759/gremio-palmeiras,ESPN,https://www.espn.com/soccer/team/results/_/id/6273/season/2025
2025,Grêmio,6273,2025-07-29,"Tue, Jul 29",,Brazilian Serie A,Grêmio,6273,Fortaleza,6272,2,1,2 - 1,FT,V,casa,732729,https://www.espn.com/soccer/match/_/gameId/732729/fortaleza-gremio,ESPN,https://www.espn.com/soccer/team/results/_/id/6273/season/2025
2025,Grêmio,6273,2025-08-02,"Sat, Aug 2",,Brazilian Serie A,Fluminense,3445,Grêmio,6273,1,0,1 - 0,FT,D,fora,732769,https://www.espn.com/soccer/match/_/gameId/732769/gremio-fluminense,ESPN,https://www.espn.com/soccer/team/results/_/id/6273/season/2025
2025,Grêmio,6273,2025-08-10,"Sun, Aug 10",,Brazilian Serie A,Grêmio,6273,Sport,7635,0,1,0 - 1,FT,D,casa,732774,https://www.espn.com/soccer/match/_/gameId/732774/sport-gremio,ESPN,https://www.espn.com/soccer/team/results/_/id/6273/season/2025
2025,Grêmio,6273,2025-08-17,"Sun, Aug 17",,Brazilian Serie A,Atlético-MG,7632,Grêmio,6273,1,3,1 - 3,FT,V,fora,732783,https://www.espn.com/soccer/match/_/gameId/732783/gremio-atletico-mg,ESPN,https://www.espn.com/soccer/team/results/_/id/6273/season/2025
2025,Grêmio,6273,2025-08-23,"Sat, Aug 23",,Brazilian Serie A,Grêmio,6273,Ceará,9969,0,0,0 - 0,FT,E,casa,732794,https://www.espn.com/soccer/match/_/gameId/732794/ceara-gremio,ESPN,https://www.espn.com/soccer/team/results/_/id/6273/season/2025
2025,Grêmio,6273,2025-08-31,"Sun, Aug 31",,Brazilian Serie A,Flamengo,819,Grêmio,6273,1,1,1 - 1,FT,E,fora,732808,https://www.espn.com/soccer/match/_/gameId/732808/gremio-flamengo,ESPN,https://www.espn.com/soccer/team/results/_/id/6273/season/2025
2025,Grêmio,6273,2025-09-13,"Sat, Sep 13",,Brazilian Serie A,Grêmio,6273,Mirassol,9169,0,1,0 - 1,FT,D,casa,732819,https://www.espn.com/soccer/match/_/gameId/732819/mirassol-gremio,ESPN,https://www.espn.com/soccer/team/results/_/id/6273/season/2025
2025,Grêmio,6273,2025-09-21,"Sun, Sep 21",,Brazilian Serie A,Internacional,1936,Grêmio,6273,2,3,2 - 3,FT,V,fora,732824,https://www.espn.com/soccer/match/_/gameId/732824/gremio-internacional,ESPN,https://www.espn.com/soccer/team/results/_/id/6273/season/2025
2025,Grêmio,6273,2025-09-24,"Wed, Sep 24",,Brazilian Serie A,Grêmio,6273,Botafogo,6086,1,1,1 - 1,FT,E,casa,732747,https://www.espn.com/soccer/match/_/gameId/732747/botafogo-gremio,ESPN,https://www.espn.com/soccer/team/results/_/id/6273/season/2025
2025,Grêmio,6273,2025-09-28,"Sun, Sep 28",,Brazilian Serie A,Grêmio,6273,Vitória,3457,3,1,3 - 1,FT,V,casa,732837,https://www.espn.com/soccer/match/_/gameId/732837/vitoria-gremio,ESPN,https://www.espn.com/soccer/team/results/_/id/6273/season/2025
2025,Grêmio,6273,2025-10-01,"Wed, Oct 1",,Brazilian Serie A,Santos,2674,Grêmio,6273,1,1,1 - 1,FT,E,fora,732847,https://www.espn.com/soccer/match/_/gameId/732847/gremio-santos,ESPN,https://www.espn.com/soccer/team/results/_/id/6273/season/2025
2025,Grêmio,6273,2025-10-04,"Sat, Oct 4",,Brazilian Serie A,Red Bull Bragantino,6079,Grêmio,6273,1,0,1 - 0,FT,D,fora,732857,https://www.espn.com/soccer/match/_/gameId/732857/gremio-red-bull-bragantino,ESPN,https://www.espn.com/soccer/team/results/_/id/6273/season/2025
2025,Grêmio,6273,2025-10-16,"Thu, Oct 16",,Brazilian Serie A,Grêmio,6273,São Paulo,2026,2,0,2 - 0,FT,V,casa,732868,https://www.espn.com/soccer/match/_/gameId/732868/sao-paulo-gremio,ESPN,https://www.espn.com/soccer/team/results/_/id/6273/season/2025
2025,Grêmio,6273,2025-10-19,"Sun, Oct 19",,Brazilian Serie A,Bahia,9967,Grêmio,6273,4,0,4 - 0,FT,D,fora,732878,https://www.espn.com/soccer/match/_/gameId/732878/gremio-bahia,ESPN,https://www.espn.com/soccer/team/results/_/id/6273/season/2025
2025,Grêmio,6273,2025-10-26,"Sun, Oct 26",,Brazilian Serie A,Grêmio,6273,Juventude,6270,3,1,3 - 1,FT,V,casa,732884,https://www.espn.com/soccer/match/_/gameId/732884/juventude-gremio,ESPN,https://www.espn.com/soccer/team/results/_/id/6273/season/2025
2025,Grêmio,6273,2025-11-02,"Sun, Nov 2",,Brazilian Serie A,Corinthians,874,Grêmio,6273,2,0,2 - 0,FT,D,fora,732899,https://www.espn.com/soccer/match/_/gameId/732899/gremio-corinthians,ESPN,https://www.espn.com/soccer/team/results/_/id/6273/season/2025
2025,Grêmio,6273,2025-11-05,"Wed, Nov 5",,Brazilian Serie A,Grêmio,6273,Cruzeiro,2022,0,1,0 - 1,FT,D,casa,732905,https://www.espn.com/soccer/match/_/gameId/732905/cruzeiro-gremio,ESPN,https://www.espn.com/soccer/team/results/_/id/6273/season/2025
2025,Grêmio,6273,2025-11-09,"Sun, Nov 9",,Brazilian Serie A,Fortaleza,6272,Grêmio,6273,2,2,2 - 2,FT,E,fora,732916,https://www.espn.com/soccer/match/_/gameId/732916/gremio-fortaleza,ESPN,https://www.espn.com/soccer/team/results/_/id/6273/season/2025
2025,Grêmio,6273,2025-11-19,"Wed, Nov 19",,Brazilian Serie A,Grêmio,6273,Vasco da Gama,3454,2,0,2 - 0,FT,V,casa,732923,https://www.espn.com/soccer/match/_/gameId/732923/vasco-da-gama-gremio,ESPN,https://www.espn.com/soccer/team/results/_/id/6273/season/2025
2025,Grêmio,6273,2025-11-22,"Sat, Nov 22",,Brazilian Serie A,Botafogo,6086,Grêmio,6273,3,2,3 - 2,FT,D,fora,732937,https://www.espn.com/soccer/match/_/gameId/732937/gremio-botafogo,ESPN,https://www.espn.com/soccer/team/results/_/id/6273/season/2025
2025,Grêmio,6273,2025-11-25,"Tue, Nov 25",,Brazilian Serie A,Grêmio,6273,Palmeiras,2029,3,2,3 - 2,FT,V,casa,732949,https://www.espn.com/soccer/match/_/gameId/732949/palmeiras-gremio,ESPN,https://www.espn.com/soccer/team/results/_/id/6273/season/2025
2025,Grêmio,6273,2025-12-02,"Tue, Dec 2",,Brazilian Serie A,Grêmio,6273,Fluminense,3445,1,2,1 - 2,FT,D,casa,732954,https://www.espn.com/soccer/match/_/gameId/732954/fluminense-gremio,ESPN,https://www.espn.com/soccer/team/results/_/id/6273/season/2025
2025,Grêmio,6273,2025-12-07,"Sun, Dec 7",,Brazilian Serie A,Sport,7635,Grêmio,6273,0,4,0 - 4,FT,V,fora,732969,https://www.espn.com/soccer/match/_/gameId/732969/gremio-sport,ESPN,https://www.espn.com/soccer/team/results/_/id/6273/season/2025
2025,Internacional,1936,2025-01-22,"Wed, Jan 22",,Brazilian Campeonato Gaucho,Guarany de Bagé,21369,Internacional,1936,2,2,2 - 2,FT,E,fora,724751,https://www.espn.com/soccer/match/_/gameId/724751/internacional-guarany-de-bage,ESPN,https://www.espn.com/soccer/team/results/_/id/1936/season/2025
2025,Internacional,1936,2025-01-25,"Sat, Jan 25",,Brazilian Campeonato Gaucho,Internacional,1936,Juventude,6270,2,0,2 - 0,FT,V,casa,724753,https://www.espn.com/soccer/match/_/gameId/724753/juventude-internacional,ESPN,https://www.espn.com/soccer/team/results/_/id/1936/season/2025
2025,Internacional,1936,2025-01-28,"Tue, Jan 28",,Brazilian Campeonato Gaucho,São José-RS,7389,Internacional,1936,0,2,0 - 2,FT,V,fora,724762,https://www.espn.com/soccer/match/_/gameId/724762/internacional-sao-jose-rs,ESPN,https://www.espn.com/soccer/team/results/_/id/1936/season/2025
2025,Internacional,1936,2025-02-02,"Sun, Feb 2",,Brazilian Campeonato Gaucho,Internacional,1936,Avenida,10266,1,0,1 - 0,FT,V,casa,724769,https://www.espn.com/soccer/match/_/gameId/724769/avenida-internacional,ESPN,https://www.espn.com/soccer/team/results/_/id/1936/season/2025
2025,Internacional,1936,2025-02-05,"Wed, Feb 5",,Brazilian Campeonato Gaucho,Internacional,1936,Brasil de Pelotas,17134,3,0,3 - 0,FT,V,casa,724772,https://www.espn.com/soccer/match/_/gameId/724772/brasil-de-pelotas-internacional,ESPN,https://www.espn.com/soccer/team/results/_/id/1936/season/2025
2025,Internacional,1936,2025-02-08,"Sat, Feb 8",,Brazilian Campeonato Gaucho,Grêmio,6273,Internacional,1936,1,1,1 - 1,FT,E,fora,724777,https://www.espn.com/soccer/match/_/gameId/724777/internacional-gremio,ESPN,https://www.espn.com/soccer/team/results/_/id/1936/season/2025
2025,Internacional,1936,2025-02-12,"Wed, Feb 12",,Brazilian Campeonato Gaucho,São Luiz-RS,7391,Internacional,1936,1,3,1 - 3,FT,V,fora,724783,https://www.espn.com/soccer/match/_/gameId/724783/internacional-sao-luiz-rs,ESPN,https://www.espn.com/soccer/team/results/_/id/1936/season/2025
2025,Internacional,1936,2025-02-15,"Sat, Feb 15",,Brazilian Campeonato Gaucho,Internacional,1936,Monsoon,22520,2,0,2 - 0,FT,V,casa,724790,https://www.espn.com/soccer/match/_/gameId/724790/monsoon-internacional,ESPN,https://www.espn.com/soccer/team/results/_/id/1936/season/2025
2025,Internacional,1936,2025-02-22,"Sat, Feb 22",,Brazilian Campeonato Gaucho,Caxias do Sul,17131,Internacional,1936,0,2,0 - 2 1st Leg,FT,V,fora,733061,https://www.espn.com/soccer/match/_/gameId/733061/internacional-caxias-do-sul,ESPN,https://www.espn.com/soccer/team/results/_/id/1936/season/2025
2025,Internacional,1936,2025-03-01,"Sat, Mar 1",,Brazilian Campeonato Gaucho,Internacional,1936,Caxias do Sul,17131,3,1,3 - 1 2nd Leg · Internacional wins 5-1 on aggregate,FT,V,casa,733064,https://www.espn.com/soccer/match/_/gameId/733064/caxias-do-sul-internacional,ESPN,https://www.espn.com/soccer/team/results/_/id/1936/season/2025
2025,Internacional,1936,2025-03-08,"Sat, Mar 8",,Brazilian Campeonato Gaucho,Grêmio,6273,Internacional,1936,0,2,0 - 2 1st Leg,FT,V,fora,733953,https://www.espn.com/soccer/match/_/gameId/733953/internacional-gremio,ESPN,https://www.espn.com/soccer/team/results/_/id/1936/season/2025
2025,Internacional,1936,2025-03-16,"Sun, Mar 16",,Brazilian Campeonato Gaucho,Internacional,1936,Grêmio,6273,1,1,1 - 1 2nd Leg · Internacional wins 3-1 on aggregate,FT,E,casa,733954,https://www.espn.com/soccer/match/_/gameId/733954/gremio-internacional,ESPN,https://www.espn.com/soccer/team/results/_/id/1936/season/2025
2025,Internacional,1936,2025-03-29,"Sat, Mar 29",,Brazilian Serie A,Flamengo,819,Internacional,1936,1,1,1 - 1,FT,E,fora,732592,https://www.espn.com/soccer/match/_/gameId/732592/internacional-flamengo,ESPN,https://www.espn.com/soccer/team/results/_/id/1936/season/2025
2025,Internacional,1936,2025-04-03,"Thu, Apr 3",,CONMEBOL Libertadores,Bahia,9967,Internacional,1936,1,1,1 - 1,FT,E,fora,734772,https://www.espn.com/soccer/match/_/gameId/734772/internacional-bahia,ESPN,https://www.espn.com/soccer/team/results/_/id/1936/season/2025
2025,Internacional,1936,2025-04-06,"Sun, Apr 6",,Brazilian Serie A,Internacional,1936,Cruzeiro,2022,3,0,3 - 0,FT,V,casa,732606,https://www.espn.com/soccer/match/_/gameId/732606/cruzeiro-internacional,ESPN,https://www.espn.com/soccer/team/results/_/id/1936/season/2025
2025,Internacional,1936,2025-04-10,"Thu, Apr 10",,CONMEBOL Libertadores,Internacional,1936,Atlético Nacional,5264,3,0,3 - 0,FT,V,casa,734785,https://www.espn.com/soccer/match/_/gameId/734785/atletico-nacional-internacional,ESPN,https://www.espn.com/soccer/team/results/_/id/1936/season/2025
2025,Internacional,1936,2025-04-13,"Sun, Apr 13",,Brazilian Serie A,Fortaleza,6272,Internacional,1936,0,0,0 - 0,FT,E,fora,732616,https://www.espn.com/soccer/match/_/gameId/732616/internacional-fortaleza,ESPN,https://www.espn.com/soccer/team/results/_/id/1936/season/2025
2025,Internacional,1936,2025-04-16,"Wed, Apr 16",,Brazilian Serie A,Internacional,1936,Palmeiras,2029,0,1,0 - 1,FT,D,casa,732629,https://www.espn.com/soccer/match/_/gameId/732629/palmeiras-internacional,ESPN,https://www.espn.com/soccer/team/results/_/id/1936/season/2025
2025,Internacional,1936,2025-04-19,"Sat, Apr 19",,Brazilian Serie A,Grêmio,6273,Internacional,1936,1,1,1 - 1,FT,E,fora,732636,https://www.espn.com/soccer/match/_/gameId/732636/internacional-gremio,ESPN,https://www.espn.com/soccer/team/results/_/id/1936/season/2025
2025,Internacional,1936,2025-04-22,"Tue, Apr 22",,CONMEBOL Libertadores,Internacional,1936,Nacional,2684,3,3,3 - 3,FT,E,casa,734811,https://www.espn.com/soccer/match/_/gameId/734811/nacional-internacional,ESPN,https://www.espn.com/soccer/team/results/_/id/1936/season/2025
2025,Internacional,1936,2025-04-26,"Sat, Apr 26",,Brazilian Serie A,Internacional,1936,Juventude,6270,3,1,3 - 1,FT,V,casa,732641,https://www.espn.com/soccer/match/_/gameId/732641/juventude-internacional,ESPN,https://www.espn.com/soccer/team/results/_/id/1936/season/2025
2025,Internacional,1936,2025-04-29,"Tue, Apr 29",,Copa do Brasil,Internacional,1936,Maracanã,22561,1,0,1 - 0 1st Leg,FT,V,casa,735283,https://www.espn.com/soccer/match/_/gameId/735283/maracana-internacional,ESPN,https://www.espn.com/soccer/team/results/_/id/1936/season/2025
2025,Internacional,1936,2025-05-03,"Sat, May 3",,Brazilian Serie A,Corinthians,874,Internacional,1936,4,2,4 - 2,FT,D,fora,732651,https://www.espn.com/soccer/match/_/gameId/732651/internacional-corinthians,ESPN,https://www.espn.com/soccer/team/results/_/id/1936/season/2025
2025,Internacional,1936,2025-05-08,"Thu, May 8",,CONMEBOL Libertadores,Atlético Nacional,5264,Internacional,1936,3,1,3 - 1,FT,D,fora,734832,https://www.espn.com/soccer/match/_/gameId/734832/internacional-atletico-nacional,ESPN,https://www.espn.com/soccer/team/results/_/id/1936/season/2025
2025,Internacional,1936,2025-05-11,"Sun, May 11",,Brazilian Serie A,Botafogo,6086,Internacional,1936,4,0,4 - 0,FT,D,fora,732668,https://www.espn.com/soccer/match/_/gameId/732668/internacional-botafogo,ESPN,https://www.espn.com/soccer/team/results/_/id/1936/season/2025
2025,Internacional,1936,2025-05-15,"Thu, May 15",,CONMEBOL Libertadores,Nacional,2684,Internacional,1936,0,2,0 - 2,FT,V,fora,734843,https://www.espn.com/soccer/match/_/gameId/734843/internacional-nacional,ESPN,https://www.espn.com/soccer/team/results/_/id/1936/season/2025
2025,Internacional,1936,2025-05-18,"Sun, May 18",,Brazilian Serie A,Internacional,1936,Mirassol,9169,1,1,1 - 1,FT,E,casa,732679,https://www.espn.com/soccer/match/_/gameId/732679/mirassol-internacional,ESPN,https://www.espn.com/soccer/team/results/_/id/1936/season/2025
2025,Internacional,1936,2025-05-22,"Thu, May 22",,Copa do Brasil,Maracanã,22561,Internacional,1936,0,3,0 - 3 2nd Leg,FT,V,fora,735291,https://www.espn.com/soccer/match/_/gameId/735291/internacional-maracana,ESPN,https://www.espn.com/soccer/team/results/_/id/1936/season/2025
2025,Internacional,1936,2025-05-25,"Sun, May 25",,Brazilian Serie A,Sport,7635,Internacional,1936,1,1,1 - 1,FT,E,fora,732684,https://www.espn.com/soccer/match/_/gameId/732684/internacional-sport,ESPN,https://www.espn.com/soccer/team/results/_/id/1936/season/2025
2025,Internacional,1936,2025-05-28,"Wed, May 28",,CONMEBOL Libertadores,Internacional,1936,Bahia,9967,2,1,2 - 1,FT,V,casa,734851,https://www.espn.com/soccer/match/_/gameId/734851/bahia-internacional,ESPN,https://www.espn.com/soccer/team/results/_/id/1936/season/2025
2025,Internacional,1936,2025-06-01,"Sun, Jun 1",,Brazilian Serie A,Internacional,1936,Fluminense,3445,0,2,0 - 2,FT,D,casa,732692,https://www.espn.com/soccer/match/_/gameId/732692/fluminense-internacional,ESPN,https://www.espn.com/soccer/team/results/_/id/1936/season/2025
2025,Internacional,1936,2025-06-12,"Thu, Jun 12",,Brazilian Serie A,Atlético-MG,7632,Internacional,1936,2,0,2 - 0,FT,D,fora,732700,https://www.espn.com/soccer/match/_/gameId/732700/internacional-atletico-mg,ESPN,https://www.espn.com/soccer/team/results/_/id/1936/season/2025
2025,Internacional,1936,2025-07-12,"Sat, Jul 12",,Brazilian Serie A,Internacional,1936,Vitória,3457,1,0,1 - 0,FT,V,casa,732716,https://www.espn.com/soccer/match/_/gameId/732716/vitoria-internacional,ESPN,https://www.espn.com/soccer/team/results/_/id/1936/season/2025
2025,Internacional,1936,2025-07-20,"Sun, Jul 20",,Brazilian Serie A,Internacional,1936,Ceará,9969,1,0,1 - 0,FT,V,casa,732730,https://www.espn.com/soccer/match/_/gameId/732730/ceara-internacional,ESPN,https://www.espn.com/soccer/team/results/_/id/1936/season/2025
2025,Internacional,1936,2025-07-23,"Wed, Jul 23",,Brazilian Serie A,Santos,2674,Internacional,1936,1,2,1 - 2,FT,V,fora,732744,https://www.espn.com/soccer/match/_/gameId/732744/internacional-santos,ESPN,https://www.espn.com/soccer/team/results/_/id/1936/season/2025
2025,Internacional,1936,2025-07-27,"Sun, Jul 27",,Brazilian Serie A,Internacional,1936,Vasco da Gama,3454,1,1,1 - 1,FT,E,casa,732752,https://www.espn.com/soccer/match/_/gameId/732752/vasco-da-gama-internacional,ESPN,https://www.espn.com/soccer/team/results/_/id/1936/season/2025
2025,Internacional,1936,2025-07-30,"Wed, Jul 30",,Copa do Brasil,Internacional,1936,Fluminense,3445,1,2,1 - 2 1st Leg,FT,D,casa,736505,https://www.espn.com/soccer/match/_/gameId/736505/fluminense-internacional,ESPN,https://www.espn.com/soccer/team/results/_/id/1936/season/2025
2025,Internacional,1936,2025-08-03,"Sun, Aug 3",,Brazilian Serie A,Internacional,1936,São Paulo,2026,1,2,1 - 2,FT,D,casa,732765,https://www.espn.com/soccer/match/_/gameId/732765/sao-paulo-internacional,ESPN,https://www.espn.com/soccer/team/results/_/id/1936/season/2025
2025,Internacional,1936,2025-08-06,"Wed, Aug 6",,Copa do Brasil,Fluminense,3445,Internacional,1936,1,1,1 - 1 2nd Leg · Fluminense wins 3-2 on aggregate,FT,E,fora,736514,https://www.espn.com/soccer/match/_/gameId/736514/internacional-fluminense,ESPN,https://www.espn.com/soccer/team/results/_/id/1936/season/2025
2025,Internacional,1936,2025-08-09,"Sat, Aug 9",,Brazilian Serie A,Red Bull Bragantino,6079,Internacional,1936,1,3,1 - 3,FT,V,fora,732777,https://www.espn.com/soccer/match/_/gameId/732777/internacional-red-bull-bragantino,ESPN,https://www.espn.com/soccer/team/results/_/id/1936/season/2025
2025,Internacional,1936,2025-08-13,"Wed, Aug 13",,CONMEBOL Libertadores,Flamengo,819,Internacional,1936,1,0,1 - 0 1st Leg,FT,D,fora,736522,https://www.espn.com/soccer/match/_/gameId/736522/internacional-flamengo,ESPN,https://www.espn.com/soccer/team/results/_/id/1936/season/2025
2025,Internacional,1936,2025-08-17,"Sun, Aug 17",,Brazilian Serie A,Internacional,1936,Flamengo,819,1,3,1 - 3,FT,D,casa,732785,https://www.espn.com/soccer/match/_/gameId/732785/flamengo-internacional,ESPN,https://www.espn.com/soccer/team/results/_/id/1936/season/2025
2025,Internacional,1936,2025-08-20,"Wed, Aug 20",,CONMEBOL Libertadores,Internacional,1936,Flamengo,819,0,2,0 - 2 2nd Leg,FT,D,casa,736530,https://www.espn.com/soccer/match/_/gameId/736530/flamengo-internacional,ESPN,https://www.espn.com/soccer/team/results/_/id/1936/season/2025
2025,Internacional,1936,2025-08-23,"Sat, Aug 23",,Brazilian Serie A,Cruzeiro,2022,Internacional,1936,2,1,2 - 1,FT,D,fora,732792,https://www.espn.com/soccer/match/_/gameId/732792/internacional-cruzeiro,ESPN,https://www.espn.com/soccer/team/results/_/id/1936/season/2025
2025,Internacional,1936,2025-08-31,"Sun, Aug 31",,Brazilian Serie A,Internacional,1936,Fortaleza,6272,2,1,2 - 1,FT,V,casa,732807,https://www.espn.com/soccer/match/_/gameId/732807/fortaleza-internacional,ESPN,https://www.espn.com/soccer/team/results/_/id/1936/season/2025
2025,Internacional,1936,2025-09-13,"Sat, Sep 13",,Brazilian Serie A,Palmeiras,2029,Internacional,1936,4,1,4 - 1,FT,D,fora,732816,https://www.espn.com/soccer/match/_/gameId/732816/internacional-palmeiras,ESPN,https://www.espn.com/soccer/team/results/_/id/1936/season/2025
2025,Internacional,1936,2025-09-21,"Sun, Sep 21",,Brazilian Serie A,Internacional,1936,Grêmio,6273,2,3,2 - 3,FT,D,casa,732824,https://www.espn.com/soccer/match/_/gameId/732824/gremio-internacional,ESPN,https://www.espn.com/soccer/team/results/_/id/1936/season/2025
2025,Internacional,1936,2025-09-27,"Sat, Sep 27",,Brazilian Serie A,Juventude,6270,Internacional,1936,1,1,1 - 1,FT,E,fora,732836,https://www.espn.com/soccer/match/_/gameId/732836/internacional-juventude,ESPN,https://www.espn.com/soccer/team/results/_/id/1936/season/2025
2025,Internacional,1936,2025-10-01,"Wed, Oct 1",,Brazilian Serie A,Internacional,1936,Corinthians,874,1,1,1 - 1,FT,E,casa,732849,https://www.espn.com/soccer/match/_/gameId/732849/corinthians-internacional,ESPN,https://www.espn.com/soccer/team/results/_/id/1936/season/2025
2025,Internacional,1936,2025-10-04,"Sat, Oct 4",,Brazilian Serie A,Internacional,1936,Botafogo,6086,2,0,2 - 0,FT,V,casa,732859,https://www.espn.com/soccer/match/_/gameId/732859/botafogo-internacional,ESPN,https://www.espn.com/soccer/team/results/_/id/1936/season/2025
2025,Internacional,1936,2025-10-15,"Wed, Oct 15",,Brazilian Serie A,Mirassol,9169,Internacional,1936,3,1,3 - 1,FT,D,fora,732867,https://www.espn.com/soccer/match/_/gameId/732867/internacional-mirassol,ESPN,https://www.espn.com/soccer/team/results/_/id/1936/season/2025
2025,Internacional,1936,2025-10-19,"Sun, Oct 19",,Brazilian Serie A,Internacional,1936,Sport,7635,2,0,2 - 0,FT,V,casa,732873,https://www.espn.com/soccer/match/_/gameId/732873/sport-internacional,ESPN,https://www.espn.com/soccer/team/results/_/id/1936/season/2025
2025,Internacional,1936,2025-10-22,"Wed, Oct 22",,Brazilian Serie A,Bahia,9967,Internacional,1936,1,0,1 - 0,FT,D,fora,732728,https://www.espn.com/soccer/match/_/gameId/732728/internacional-bahia,ESPN,https://www.espn.com/soccer/team/results/_/id/1936/season/2025
2025,Internacional,1936,2025-10-25,"Sat, Oct 25",,Brazilian Serie A,Fluminense,3445,Internacional,1936,1,0,1 - 0,FT,D,fora,732886,https://www.espn.com/soccer/match/_/gameId/732886/internacional-fluminense,ESPN,https://www.espn.com/soccer/team/results/_/id/1936/season/2025
2025,Internacional,1936,2025-11-02,"Sun, Nov 2",,Brazilian Serie A,Internacional,1936,Atlético-MG,7632,0,0,0 - 0,FT,E,casa,732896,https://www.espn.com/soccer/match/_/gameId/732896/atletico-mg-internacional,ESPN,https://www.espn.com/soccer/team/results/_/id/1936/season/2025
2025,Internacional,1936,2025-11-05,"Wed, Nov 5",,Brazilian Serie A,Vitória,3457,Internacional,1936,1,0,1 - 0,FT,D,fora,732904,https://www.espn.com/soccer/match/_/gameId/732904/internacional-vitoria,ESPN,https://www.espn.com/soccer/team/results/_/id/1936/season/2025
2025,Internacional,1936,2025-11-08,"Sat, Nov 8",,Brazilian Serie A,Internacional,1936,Bahia,9967,2,2,2 - 2,FT,E,casa,732917,https://www.espn.com/soccer/match/_/gameId/732917/bahia-internacional,ESPN,https://www.espn.com/soccer/team/results/_/id/1936/season/2025
2025,Internacional,1936,2025-11-20,"Thu, Nov 20",,Brazilian Serie A,Ceará,9969,Internacional,1936,1,2,1 - 2,FT,V,fora,732926,https://www.espn.com/soccer/match/_/gameId/732926/internacional-ceara,ESPN,https://www.espn.com/soccer/team/results/_/id/1936/season/2025
2025,Internacional,1936,2025-11-24,"Mon, Nov 24",,Brazilian Serie A,Internacional,1936,Santos,2674,1,1,1 - 1,FT,E,casa,732933,https://www.espn.com/soccer/match/_/gameId/732933/santos-internacional,ESPN,https://www.espn.com/soccer/team/results/_/id/1936/season/2025
2025,Internacional,1936,2025-11-28,"Fri, Nov 28",,Brazilian Serie A,Vasco da Gama,3454,Internacional,1936,5,1,5 - 1,FT,D,fora,732948,https://www.espn.com/soccer/match/_/gameId/732948/internacional-vasco-da-gama,ESPN,https://www.espn.com/soccer/team/results/_/id/1936/season/2025
2025,Internacional,1936,2025-12-03,"Wed, Dec 3",,Brazilian Serie A,São Paulo,2026,Internacional,1936,3,0,3 - 0,FT,D,fora,732956,https://www.espn.com/soccer/match/_/gameId/732956/internacional-sao-paulo,ESPN,https://www.espn.com/soccer/team/results/_/id/1936/season/2025
2025,Internacional,1936,2025-12-07,"Sun, Dec 7",,Brazilian Serie A,Internacional,1936,Red Bull Bragantino,6079,3,1,3 - 1,FT,V,casa,732967,https://www.espn.com/soccer/match/_/gameId/732967/red-bull-bragantino-internacional,ESPN,https://www.espn.com/soccer/team/results/_/id/1936/season/2025
2025,Juventude,6270,2025-01-15,"Wed, Jan 15",,Club Friendly,Boca Juniors,5,Juventude,6270,2,0,2 - 0,FT,D,fora,729252,https://www.espn.com/soccer/match/_/gameId/729252/juventude-boca-juniors,ESPN,https://www.espn.com/soccer/team/results/_/id/6270/season/2025
2025,Juventude,6270,2025-01-22,"Wed, Jan 22",,Brazilian Campeonato Gaucho,Juventude,6270,Ypiranga,4935,2,0,2 - 0,FT,V,casa,724750,https://www.espn.com/soccer/match/_/gameId/724750/ypiranga-juventude,ESPN,https://www.espn.com/soccer/team/results/_/id/6270/season/2025
2025,Juventude,6270,2025-01-25,"Sat, Jan 25",,Brazilian Campeonato Gaucho,Internacional,1936,Juventude,6270,2,0,2 - 0,FT,D,fora,724753,https://www.espn.com/soccer/match/_/gameId/724753/juventude-internacional,ESPN,https://www.espn.com/soccer/team/results/_/id/6270/season/2025
2025,Juventude,6270,2025-01-28,"Tue, Jan 28",,Brazilian Campeonato Gaucho,Juventude,6270,Guarany de Bagé,21369,1,0,1 - 0,FT,V,casa,724764,https://www.espn.com/soccer/match/_/gameId/724764/guarany-de-bage-juventude,ESPN,https://www.espn.com/soccer/team/results/_/id/6270/season/2025
2025,Juventude,6270,2025-02-01,"Sat, Feb 1",,Brazilian Campeonato Gaucho,Caxias do Sul,17131,Juventude,6270,0,2,0 - 2,FT,V,fora,724767,https://www.espn.com/soccer/match/_/gameId/724767/juventude-caxias-do-sul,ESPN,https://www.espn.com/soccer/team/results/_/id/6270/season/2025
2025,Juventude,6270,2025-02-05,"Wed, Feb 5",,Brazilian Campeonato Gaucho,Juventude,6270,Grêmio,6273,2,0,2 - 0,FT,V,casa,724773,https://www.espn.com/soccer/match/_/gameId/724773/gremio-juventude,ESPN,https://www.espn.com/soccer/team/results/_/id/6270/season/2025
2025,Juventude,6270,2025-02-09,"Sun, Feb 9",,Brazilian Campeonato Gaucho,Juventude,6270,São José-RS,7389,3,1,3 - 1,FT,V,casa,724778,https://www.espn.com/soccer/match/_/gameId/724778/sao-jose-rs-juventude,ESPN,https://www.espn.com/soccer/team/results/_/id/6270/season/2025
2025,Juventude,6270,2025-02-12,"Wed, Feb 12",,Brazilian Campeonato Gaucho,Avenida,10266,Juventude,6270,1,1,1 - 1,FT,E,fora,724786,https://www.espn.com/soccer/match/_/gameId/724786/juventude-avenida,ESPN,https://www.espn.com/soccer/team/results/_/id/6270/season/2025
2025,Juventude,6270,2025-02-15,"Sat, Feb 15",,Brazilian Campeonato Gaucho,EC Pelotas,17129,Juventude,6270,2,3,2 - 3,FT,V,fora,724793,https://www.espn.com/soccer/match/_/gameId/724793/juventude-ec-pelotas,ESPN,https://www.espn.com/soccer/team/results/_/id/6270/season/2025
2025,Juventude,6270,2025-02-22,"Sat, Feb 22",,Brazilian Campeonato Gaucho,Grêmio,6273,Juventude,6270,2,1,2 - 1 1st Leg,FT,D,fora,733062,https://www.espn.com/soccer/match/_/gameId/733062/juventude-gremio,ESPN,https://www.espn.com/soccer/team/results/_/id/6270/season/2025
2025,Juventude,6270,2025-02-25,"Tue, Feb 25",,Copa do Brasil,Maringá,17715,Juventude,6270,1,0,1 - 0,FT,D,fora,732318,https://www.espn.com/soccer/match/_/gameId/732318/juventude-maringa,ESPN,https://www.espn.com/soccer/team/results/_/id/6270/season/2025
2025,Juventude,6270,2025-03-01,"Sat, Mar 1",,Brazilian Campeonato Gaucho,Juventude,6270,Grêmio,6273,2,1,2 - 1 2nd Leg · Tied 3-3 on aggregate · Juventude wins 2-3 on Penalty Kicks,FT-Pens,V,casa,733063,https://www.espn.com/soccer/match/_/gameId/733063/gremio-juventude,ESPN,https://www.espn.com/soccer/team/results/_/id/6270/season/2025
2025,Juventude,6270,2025-03-29,"Sat, Mar 29",,Brazilian Serie A,Juventude,6270,Vitória,3457,2,0,2 - 0,FT,V,casa,732595,https://www.espn.com/soccer/match/_/gameId/732595/vitoria-juventude,ESPN,https://www.espn.com/soccer/team/results/_/id/6270/season/2025
2025,Juventude,6270,2025-04-05,"Sat, Apr 5",,Brazilian Serie A,Botafogo,6086,Juventude,6270,2,0,2 - 0,FT,D,fora,732609,https://www.espn.com/soccer/match/_/gameId/732609/juventude-botafogo,ESPN,https://www.espn.com/soccer/team/results/_/id/6270/season/2025
2025,Juventude,6270,2025-04-12,"Sat, Apr 12",,Brazilian Serie A,Juventude,6270,Ceará,9969,2,1,2 - 1,FT,V,casa,732619,https://www.espn.com/soccer/match/_/gameId/732619/ceara-juventude,ESPN,https://www.espn.com/soccer/team/results/_/id/6270/season/2025
2025,Juventude,6270,2025-04-16,"Wed, Apr 16",,Brazilian Serie A,Flamengo,819,Juventude,6270,6,0,6 - 0,FT,D,fora,732624,https://www.espn.com/soccer/match/_/gameId/732624/juventude-flamengo,ESPN,https://www.espn.com/soccer/team/results/_/id/6270/season/2025
2025,Juventude,6270,2025-04-20,"Sun, Apr 20",,Brazilian Serie A,Juventude,6270,Mirassol,9169,2,2,2 - 2,FT,E,casa,732635,https://www.espn.com/soccer/match/_/gameId/732635/mirassol-juventude,ESPN,https://www.espn.com/soccer/team/results/_/id/6270/season/2025
2025,Juventude,6270,2025-04-26,"Sat, Apr 26",,Brazilian Serie A,Internacional,1936,Juventude,6270,3,1,3 - 1,FT,D,fora,732641,https://www.espn.com/soccer/match/_/gameId/732641/juventude-internacional,ESPN,https://www.espn.com/soccer/team/results/_/id/6270/season/2025
2025,Juventude,6270,2025-05-05,"Mon, May 5",,Brazilian Serie A,Juventude,6270,Atlético-MG,7632,0,1,0 - 1,FT,D,casa,732655,https://www.espn.com/soccer/match/_/gameId/732655/atletico-mg-juventude,ESPN,https://www.espn.com/soccer/team/results/_/id/6270/season/2025
2025,Juventude,6270,2025-05-10,"Sat, May 10",,Brazilian Serie A,Fortaleza,6272,Juventude,6270,5,0,5 - 0,FT,D,fora,732666,https://www.espn.com/soccer/match/_/gameId/732666/juventude-fortaleza,ESPN,https://www.espn.com/soccer/team/results/_/id/6270/season/2025
2025,Juventude,6270,2025-05-18,"Sun, May 18",,Brazilian Serie A,Juventude,6270,Fluminense,3445,1,1,1 - 1,FT,E,casa,732678,https://www.espn.com/soccer/match/_/gameId/732678/fluminense-juventude,ESPN,https://www.espn.com/soccer/team/results/_/id/6270/season/2025
2025,Juventude,6270,2025-05-26,"Mon, May 26",,Brazilian Serie A,Red Bull Bragantino,6079,Juventude,6270,1,0,1 - 0,FT,D,fora,732685,https://www.espn.com/soccer/match/_/gameId/732685/juventude-red-bull-bragantino,ESPN,https://www.espn.com/soccer/team/results/_/id/6270/season/2025
2025,Juventude,6270,2025-06-01,"Sun, Jun 1",,Brazilian Serie A,Juventude,6270,Grêmio,6273,0,2,0 - 2,FT,D,casa,732693,https://www.espn.com/soccer/match/_/gameId/732693/gremio-juventude,ESPN,https://www.espn.com/soccer/team/results/_/id/6270/season/2025
2025,Juventude,6270,2025-07-14,"Mon, Jul 14",,Brazilian Serie A,Juventude,6270,Sport,7635,2,0,2 - 0,FT,V,casa,732715,https://www.espn.com/soccer/match/_/gameId/732715/sport-juventude,ESPN,https://www.espn.com/soccer/team/results/_/id/6270/season/2025
2025,Juventude,6270,2025-07-20,"Sun, Jul 20",,Brazilian Serie A,Cruzeiro,2022,Juventude,6270,4,0,4 - 0,FT,D,fora,732733,https://www.espn.com/soccer/match/_/gameId/732733/juventude-cruzeiro,ESPN,https://www.espn.com/soccer/team/results/_/id/6270/season/2025
2025,Juventude,6270,2025-07-24,"Thu, Jul 24",,Brazilian Serie A,Juventude,6270,São Paulo,2026,0,1,0 - 1,FT,D,casa,732746,https://www.espn.com/soccer/match/_/gameId/732746/sao-paulo-juventude,ESPN,https://www.espn.com/soccer/team/results/_/id/6270/season/2025
2025,Juventude,6270,2025-07-27,"Sun, Jul 27",,Brazilian Serie A,Bahia,9967,Juventude,6270,3,0,3 - 0,FT,D,fora,732750,https://www.espn.com/soccer/match/_/gameId/732750/juventude-bahia,ESPN,https://www.espn.com/soccer/team/results/_/id/6270/season/2025
2025,Juventude,6270,2025-08-04,"Mon, Aug 4",,Brazilian Serie A,Santos,2674,Juventude,6270,3,1,3 - 1,FT,D,fora,732767,https://www.espn.com/soccer/match/_/gameId/732767/juventude-santos,ESPN,https://www.espn.com/soccer/team/results/_/id/6270/season/2025
2025,Juventude,6270,2025-08-11,"Mon, Aug 11",,Brazilian Serie A,Juventude,6270,Corinthians,874,2,1,2 - 1,FT,V,casa,732775,https://www.espn.com/soccer/match/_/gameId/732775/corinthians-juventude,ESPN,https://www.espn.com/soccer/team/results/_/id/6270/season/2025
2025,Juventude,6270,2025-08-16,"Sat, Aug 16",,Brazilian Serie A,Vitória,3457,Juventude,6270,2,2,2 - 2,FT,E,fora,732784,https://www.espn.com/soccer/match/_/gameId/732784/juventude-vitoria,ESPN,https://www.espn.com/soccer/team/results/_/id/6270/season/2025
2025,Juventude,6270,2025-08-20,"Wed, Aug 20",,Brazilian Serie A,Juventude,6270,Vasco da Gama,3454,2,0,2 - 0,FT,V,casa,732723,https://www.espn.com/soccer/match/_/gameId/732723/vasco-da-gama-juventude,ESPN,https://www.espn.com/soccer/team/results/_/id/6270/season/2025
2025,Juventude,6270,2025-08-24,"Sun, Aug 24",,Brazilian Serie A,Juventude,6270,Botafogo,6086,1,3,1 - 3,FT,D,casa,732799,https://www.espn.com/soccer/match/_/gameId/732799/botafogo-juventude,ESPN,https://www.espn.com/soccer/team/results/_/id/6270/season/2025
2025,Juventude,6270,2025-08-30,"Sat, Aug 30",,Brazilian Serie A,Ceará,9969,Juventude,6270,0,1,0 - 1,FT,V,fora,732801,https://www.espn.com/soccer/match/_/gameId/732801/juventude-ceara,ESPN,https://www.espn.com/soccer/team/results/_/id/6270/season/2025
2025,Juventude,6270,2025-09-14,"Sun, Sep 14",,Brazilian Serie A,Juventude,6270,Flamengo,819,0,2,0 - 2,FT,D,casa,732815,https://www.espn.com/soccer/match/_/gameId/732815/flamengo-juventude,ESPN,https://www.espn.com/soccer/team/results/_/id/6270/season/2025
2025,Juventude,6270,2025-09-21,"Sun, Sep 21",,Brazilian Serie A,Mirassol,9169,Juventude,6270,2,0,2 - 0,FT,D,fora,732829,https://www.espn.com/soccer/match/_/gameId/732829/juventude-mirassol,ESPN,https://www.espn.com/soccer/team/results/_/id/6270/season/2025
2025,Juventude,6270,2025-09-27,"Sat, Sep 27",,Brazilian Serie A,Juventude,6270,Internacional,1936,1,1,1 - 1,FT,E,casa,732836,https://www.espn.com/soccer/match/_/gameId/732836/internacional-juventude,ESPN,https://www.espn.com/soccer/team/results/_/id/6270/season/2025
2025,Juventude,6270,2025-09-30,"Tue, Sep 30",,Brazilian Serie A,Atlético-MG,7632,Juventude,6270,0,0,0 - 0,FT,E,fora,732843,https://www.espn.com/soccer/match/_/gameId/732843/juventude-atletico-mg,ESPN,https://www.espn.com/soccer/team/results/_/id/6270/season/2025
2025,Juventude,6270,2025-10-05,"Sun, Oct 5",,Brazilian Serie A,Juventude,6270,Fortaleza,6272,1,2,1 - 2,FT,D,casa,732858,https://www.espn.com/soccer/match/_/gameId/732858/fortaleza-juventude,ESPN,https://www.espn.com/soccer/team/results/_/id/6270/season/2025
2025,Juventude,6270,2025-10-11,"Sat, Oct 11",,Brazilian Serie A,Palmeiras,2029,Juventude,6270,4,1,4 - 1,FT,D,fora,732705,https://www.espn.com/soccer/match/_/gameId/732705/juventude-palmeiras,ESPN,https://www.espn.com/soccer/team/results/_/id/6270/season/2025
2025,Juventude,6270,2025-10-16,"Thu, Oct 16",,Brazilian Serie A,Fluminense,3445,Juventude,6270,1,0,1 - 0,FT,D,fora,732862,https://www.espn.com/soccer/match/_/gameId/732862/juventude-fluminense,ESPN,https://www.espn.com/soccer/team/results/_/id/6270/season/2025
2025,Juventude,6270,2025-10-20,"Mon, Oct 20",,Brazilian Serie A,Juventude,6270,Red Bull Bragantino,6079,1,0,1 - 0,FT,V,casa,732872,https://www.espn.com/soccer/match/_/gameId/732872/red-bull-bragantino-juventude,ESPN,https://www.espn.com/soccer/team/results/_/id/6270/season/2025
2025,Juventude,6270,2025-10-26,"Sun, Oct 26",,Brazilian Serie A,Grêmio,6273,Juventude,6270,3,1,3 - 1,FT,D,fora,732884,https://www.espn.com/soccer/match/_/gameId/732884/juventude-gremio,ESPN,https://www.espn.com/soccer/team/results/_/id/6270/season/2025
2025,Juventude,6270,2025-11-02,"Sun, Nov 2",,Brazilian Serie A,Juventude,6270,Palmeiras,2029,0,2,0 - 2,FT,D,casa,732895,https://www.espn.com/soccer/match/_/gameId/732895/palmeiras-juventude,ESPN,https://www.espn.com/soccer/team/results/_/id/6270/season/2025
2025,Juventude,6270,2025-11-05,"Wed, Nov 5",,Brazilian Serie A,Sport,7635,Juventude,6270,0,2,0 - 2,FT,V,fora,732902,https://www.espn.com/soccer/match/_/gameId/732902/juventude-sport,ESPN,https://www.espn.com/soccer/team/results/_/id/6270/season/2025
2025,Juventude,6270,2025-11-08,"Sat, Nov 8",,Brazilian Serie A,Vasco da Gama,3454,Juventude,6270,1,3,1 - 3,FT,V,fora,732910,https://www.espn.com/soccer/match/_/gameId/732910/juventude-vasco-da-gama,ESPN,https://www.espn.com/soccer/team/results/_/id/6270/season/2025
2025,Juventude,6270,2025-11-20,"Thu, Nov 20",,Brazilian Serie A,Juventude,6270,Cruzeiro,2022,3,3,3 - 3,FT,E,casa,732922,https://www.espn.com/soccer/match/_/gameId/732922/cruzeiro-juventude,ESPN,https://www.espn.com/soccer/team/results/_/id/6270/season/2025
2025,Juventude,6270,2025-11-23,"Sun, Nov 23",,Brazilian Serie A,São Paulo,2026,Juventude,6270,2,1,2 - 1,FT,D,fora,732939,https://www.espn.com/soccer/match/_/gameId/732939/juventude-sao-paulo,ESPN,https://www.espn.com/soccer/team/results/_/id/6270/season/2025
2025,Juventude,6270,2025-11-28,"Fri, Nov 28",,Brazilian Serie A,Juventude,6270,Bahia,9967,1,1,1 - 1,FT,E,casa,732945,https://www.espn.com/soccer/match/_/gameId/732945/bahia-juventude,ESPN,https://www.espn.com/soccer/team/results/_/id/6270/season/2025
2025,Juventude,6270,2025-12-03,"Wed, Dec 3",,Brazilian Serie A,Juventude,6270,Santos,2674,0,3,0 - 3,FT,D,casa,732959,https://www.espn.com/soccer/match/_/gameId/732959/santos-juventude,ESPN,https://www.espn.com/soccer/team/results/_/id/6270/season/2025
2025,Juventude,6270,2025-12-07,"Sun, Dec 7",,Brazilian Serie A,Corinthians,874,Juventude,6270,1,1,1 - 1,FT,E,fora,732963,https://www.espn.com/soccer/match/_/gameId/732963/juventude-corinthians,ESPN,https://www.espn.com/soccer/team/results/_/id/6270/season/2025
2025,Mirassol,9169,2025-01-16,"Thu, Jan 16",,Brazilian Campeonato Paulista,Santos,2674,Mirassol,9169,2,1,2 - 1,FT,D,fora,724070,https://www.espn.com/soccer/match/_/gameId/724070/mirassol-santos,ESPN,https://www.espn.com/soccer/team/results/_/id/9169/season/2025
2025,Mirassol,9169,2025-01-19,"Sun, Jan 19",,Brazilian Campeonato Paulista,Mirassol,9169,Água Santa,18128,6,0,6 - 0,FT,V,casa,724078,https://www.espn.com/soccer/match/_/gameId/724078/agua-santa-mirassol,ESPN,https://www.espn.com/soccer/team/results/_/id/9169/season/2025
2025,Mirassol,9169,2025-01-23,"Thu, Jan 23",,Brazilian Campeonato Paulista,São Bernardo,11268,Mirassol,9169,1,2,1 - 2,FT,V,fora,724088,https://www.espn.com/soccer/match/_/gameId/724088/mirassol-sao-bernardo,ESPN,https://www.espn.com/soccer/team/results/_/id/9169/season/2025
2025,Mirassol,9169,2025-01-26,"Sun, Jan 26",,Brazilian Campeonato Paulista,Mirassol,9169,Portuguesa,4773,2,1,2 - 1,FT,V,casa,724096,https://www.espn.com/soccer/match/_/gameId/724096/portuguesa-mirassol,ESPN,https://www.espn.com/soccer/team/results/_/id/9169/season/2025
2025,Mirassol,9169,2025-01-29,"Wed, Jan 29",,Brazilian Campeonato Paulista,Mirassol,9169,Guarani,3448,3,2,3 - 2,FT,V,casa,724104,https://www.espn.com/soccer/match/_/gameId/724104/guarani-mirassol,ESPN,https://www.espn.com/soccer/team/results/_/id/9169/season/2025
2025,Mirassol,9169,2025-02-01,"Sat, Feb 1",,Brazilian Campeonato Paulista,AE Velo Clube,22487,Mirassol,9169,0,1,0 - 1,FT,V,fora,724112,https://www.espn.com/soccer/match/_/gameId/724112/mirassol-ae-velo-clube,ESPN,https://www.espn.com/soccer/team/results/_/id/9169/season/2025
2025,Mirassol,9169,2025-02-05,"Wed, Feb 5",,Brazilian Campeonato Paulista,São Paulo,2026,Mirassol,9169,4,1,4 - 1,FT,D,fora,724120,https://www.espn.com/soccer/match/_/gameId/724120/mirassol-sao-paulo,ESPN,https://www.espn.com/soccer/team/results/_/id/9169/season/2025
2025,Mirassol,9169,2025-02-08,"Sat, Feb 8",,Brazilian Campeonato Paulista,Mirassol,9169,EC Noroeste,22486,1,1,1 - 1,FT,E,casa,724130,https://www.espn.com/soccer/match/_/gameId/724130/ec-noroeste-mirassol,ESPN,https://www.espn.com/soccer/team/results/_/id/9169/season/2025
2025,Mirassol,9169,2025-02-12,"Wed, Feb 12",,Brazilian Campeonato Paulista,Mirassol,9169,Ponte Preta,3459,1,2,1 - 2,FT,D,casa,724135,https://www.espn.com/soccer/match/_/gameId/724135/ponte-preta-mirassol,ESPN,https://www.espn.com/soccer/team/results/_/id/9169/season/2025
2025,Mirassol,9169,2025-02-17,"Mon, Feb 17",,Brazilian Campeonato Paulista,Novorizontino,18127,Mirassol,9169,2,1,2 - 1,FT,D,fora,724140,https://www.espn.com/soccer/match/_/gameId/724140/mirassol-novorizontino,ESPN,https://www.espn.com/soccer/team/results/_/id/9169/season/2025
2025,Mirassol,9169,2025-02-20,"Thu, Feb 20",,Brazilian Campeonato Paulista,Red Bull Bragantino,6079,Mirassol,9169,3,0,3 - 0,FT,D,fora,724153,https://www.espn.com/soccer/match/_/gameId/724153/mirassol-red-bull-bragantino,ESPN,https://www.espn.com/soccer/team/results/_/id/9169/season/2025
2025,Mirassol,9169,2025-02-23,"Sun, Feb 23",,Brazilian Campeonato Paulista,Mirassol,9169,Palmeiras,2029,2,3,2 - 3,FT,D,casa,724157,https://www.espn.com/soccer/match/_/gameId/724157/palmeiras-mirassol,ESPN,https://www.espn.com/soccer/team/results/_/id/9169/season/2025
2025,Mirassol,9169,2025-03-02,"Sun, Mar 2",,Brazilian Campeonato Paulista,Corinthians,874,Mirassol,9169,2,0,2 - 0,FT,D,fora,733701,https://www.espn.com/soccer/match/_/gameId/733701/mirassol-corinthians,ESPN,https://www.espn.com/soccer/team/results/_/id/9169/season/2025
2025,Mirassol,9169,2025-03-29,"Sat, Mar 29",,Brazilian Serie A,Cruzeiro,2022,Mirassol,9169,2,1,2 - 1,FT,D,fora,732591,https://www.espn.com/soccer/match/_/gameId/732591/mirassol-cruzeiro,ESPN,https://www.espn.com/soccer/team/results/_/id/9169/season/2025
2025,Mirassol,9169,2025-04-06,"Sun, Apr 6",,Brazilian Serie A,Mirassol,9169,Fortaleza,6272,1,1,1 - 1,FT,E,casa,732605,https://www.espn.com/soccer/match/_/gameId/732605/fortaleza-mirassol,ESPN,https://www.espn.com/soccer/team/results/_/id/9169/season/2025
2025,Mirassol,9169,2025-04-13,"Sun, Apr 13",,Brazilian Serie A,Bahia,9967,Mirassol,9169,1,1,1 - 1,FT,E,fora,732618,https://www.espn.com/soccer/match/_/gameId/732618/mirassol-bahia,ESPN,https://www.espn.com/soccer/team/results/_/id/9169/season/2025
2025,Mirassol,9169,2025-04-16,"Wed, Apr 16",,Brazilian Serie A,Mirassol,9169,Grêmio,6273,4,1,4 - 1,FT,V,casa,732628,https://www.espn.com/soccer/match/_/gameId/732628/gremio-mirassol,ESPN,https://www.espn.com/soccer/team/results/_/id/9169/season/2025
2025,Mirassol,9169,2025-04-20,"Sun, Apr 20",,Brazilian Serie A,Juventude,6270,Mirassol,9169,2,2,2 - 2,FT,E,fora,732635,https://www.espn.com/soccer/match/_/gameId/732635/mirassol-juventude,ESPN,https://www.espn.com/soccer/team/results/_/id/9169/season/2025
2025,Mirassol,9169,2025-04-26,"Sat, Apr 26",,Brazilian Serie A,Mirassol,9169,Atlético-MG,7632,2,2,2 - 2,FT,E,casa,732642,https://www.espn.com/soccer/match/_/gameId/732642/atletico-mg-mirassol,ESPN,https://www.espn.com/soccer/team/results/_/id/9169/season/2025
2025,Mirassol,9169,2025-05-05,"Mon, May 5",,Brazilian Serie A,Red Bull Bragantino,6079,Mirassol,9169,1,0,1 - 0,FT,D,fora,732654,https://www.espn.com/soccer/match/_/gameId/732654/mirassol-red-bull-bragantino,ESPN,https://www.espn.com/soccer/team/results/_/id/9169/season/2025
2025,Mirassol,9169,2025-05-10,"Sat, May 10",,Brazilian Serie A,Mirassol,9169,Corinthians,874,2,1,2 - 1,FT,V,casa,732669,https://www.espn.com/soccer/match/_/gameId/732669/corinthians-mirassol,ESPN,https://www.espn.com/soccer/team/results/_/id/9169/season/2025
2025,Mirassol,9169,2025-05-18,"Sun, May 18",,Brazilian Serie A,Internacional,1936,Mirassol,9169,1,1,1 - 1,FT,E,fora,732679,https://www.espn.com/soccer/match/_/gameId/732679/mirassol-internacional,ESPN,https://www.espn.com/soccer/team/results/_/id/9169/season/2025
2025,Mirassol,9169,2025-05-24,"Sat, May 24",,Brazilian Serie A,São Paulo,2026,Mirassol,9169,0,2,0 - 2,FT,V,fora,732683,https://www.espn.com/soccer/match/_/gameId/732683/mirassol-sao-paulo,ESPN,https://www.espn.com/soccer/team/results/_/id/9169/season/2025
2025,Mirassol,9169,2025-06-01,"Sun, Jun 1",,Brazilian Serie A,Mirassol,9169,Sport,7635,1,0,1 - 0,FT,V,casa,732699,https://www.espn.com/soccer/match/_/gameId/732699/sport-mirassol,ESPN,https://www.espn.com/soccer/team/results/_/id/9169/season/2025
2025,Mirassol,9169,2025-07-16,"Wed, Jul 16",,Brazilian Serie A,Palmeiras,2029,Mirassol,9169,1,1,1 - 1,FT,E,fora,732722,https://www.espn.com/soccer/match/_/gameId/732722/mirassol-palmeiras,ESPN,https://www.espn.com/soccer/team/results/_/id/9169/season/2025
2025,Mirassol,9169,2025-07-19,"Sat, Jul 19",,Brazilian Serie A,Mirassol,9169,Santos,2674,3,0,3 - 0,FT,V,casa,732734,https://www.espn.com/soccer/match/_/gameId/732734/santos-mirassol,ESPN,https://www.espn.com/soccer/team/results/_/id/9169/season/2025
2025,Mirassol,9169,2025-07-23,"Wed, Jul 23",,Brazilian Serie A,Ceará,9969,Mirassol,9169,0,2,0 - 2,FT,V,fora,732741,https://www.espn.com/soccer/match/_/gameId/732741/mirassol-ceara,ESPN,https://www.espn.com/soccer/team/results/_/id/9169/season/2025
2025,Mirassol,9169,2025-07-26,"Sat, Jul 26",,Brazilian Serie A,Mirassol,9169,Vitória,3457,1,1,1 - 1,FT,E,casa,732753,https://www.espn.com/soccer/match/_/gameId/732753/vitoria-mirassol,ESPN,https://www.espn.com/soccer/team/results/_/id/9169/season/2025
2025,Mirassol,9169,2025-08-02,"Sat, Aug 2",,Brazilian Serie A,Mirassol,9169,Vasco da Gama,3454,3,2,3 - 2,FT,V,casa,732766,https://www.espn.com/soccer/match/_/gameId/732766/vasco-da-gama-mirassol,ESPN,https://www.espn.com/soccer/team/results/_/id/9169/season/2025
2025,Mirassol,9169,2025-08-09,"Sat, Aug 9",,Brazilian Serie A,Flamengo,819,Mirassol,9169,2,1,2 - 1,FT,D,fora,732772,https://www.espn.com/soccer/match/_/gameId/732772/mirassol-flamengo,ESPN,https://www.espn.com/soccer/team/results/_/id/9169/season/2025
2025,Mirassol,9169,2025-08-18,"Mon, Aug 18",,Brazilian Serie A,Mirassol,9169,Cruzeiro,2022,1,1,1 - 1,FT,E,casa,732786,https://www.espn.com/soccer/match/_/gameId/732786/cruzeiro-mirassol,ESPN,https://www.espn.com/soccer/team/results/_/id/9169/season/2025
2025,Mirassol,9169,2025-08-24,"Sun, Aug 24",,Brazilian Serie A,Fortaleza,6272,Mirassol,9169,0,1,0 - 1,FT,V,fora,732790,https://www.espn.com/soccer/match/_/gameId/732790/mirassol-fortaleza,ESPN,https://www.espn.com/soccer/team/results/_/id/9169/season/2025
2025,Mirassol,9169,2025-08-31,"Sun, Aug 31",,Brazilian Serie A,Mirassol,9169,Bahia,9967,5,1,5 - 1,FT,V,casa,732806,https://www.espn.com/soccer/match/_/gameId/732806/bahia-mirassol,ESPN,https://www.espn.com/soccer/team/results/_/id/9169/season/2025
2025,Mirassol,9169,2025-09-13,"Sat, Sep 13",,Brazilian Serie A,Grêmio,6273,Mirassol,9169,0,1,0 - 1,FT,V,fora,732819,https://www.espn.com/soccer/match/_/gameId/732819/mirassol-gremio,ESPN,https://www.espn.com/soccer/team/results/_/id/9169/season/2025
2025,Mirassol,9169,2025-09-17,"Wed, Sep 17",,Brazilian Serie A,Botafogo,6086,Mirassol,9169,3,3,3 - 3,FT,E,fora,732701,https://www.espn.com/soccer/match/_/gameId/732701/mirassol-botafogo,ESPN,https://www.espn.com/soccer/team/results/_/id/9169/season/2025
2025,Mirassol,9169,2025-09-21,"Sun, Sep 21",,Brazilian Serie A,Mirassol,9169,Juventude,6270,2,0,2 - 0,FT,V,casa,732829,https://www.espn.com/soccer/match/_/gameId/732829/juventude-mirassol,ESPN,https://www.espn.com/soccer/team/results/_/id/9169/season/2025
2025,Mirassol,9169,2025-09-27,"Sat, Sep 27",,Brazilian Serie A,Atlético-MG,7632,Mirassol,9169,1,0,1 - 0,FT,D,fora,732830,https://www.espn.com/soccer/match/_/gameId/732830/mirassol-atletico-mg,ESPN,https://www.espn.com/soccer/team/results/_/id/9169/season/2025
2025,Mirassol,9169,2025-10-01,"Wed, Oct 1",,Brazilian Serie A,Mirassol,9169,Red Bull Bragantino,6079,1,1,1 - 1,FT,E,casa,732845,https://www.espn.com/soccer/match/_/gameId/732845/red-bull-bragantino-mirassol,ESPN,https://www.espn.com/soccer/team/results/_/id/9169/season/2025
2025,Mirassol,9169,2025-10-04,"Sat, Oct 4",,Brazilian Serie A,Corinthians,874,Mirassol,9169,3,0,3 - 0,FT,D,fora,732851,https://www.espn.com/soccer/match/_/gameId/732851/mirassol-corinthians,ESPN,https://www.espn.com/soccer/team/results/_/id/9169/season/2025
2025,Mirassol,9169,2025-10-08,"Wed, Oct 8",,Brazilian Serie A,Mirassol,9169,Fluminense,3445,2,1,2 - 1,FT,V,casa,732714,https://www.espn.com/soccer/match/_/gameId/732714/fluminense-mirassol,ESPN,https://www.espn.com/soccer/team/results/_/id/9169/season/2025
2025,Mirassol,9169,2025-10-15,"Wed, Oct 15",,Brazilian Serie A,Mirassol,9169,Internacional,1936,3,1,3 - 1,FT,V,casa,732867,https://www.espn.com/soccer/match/_/gameId/732867/internacional-mirassol,ESPN,https://www.espn.com/soccer/team/results/_/id/9169/season/2025
2025,Mirassol,9169,2025-10-19,"Sun, Oct 19",,Brazilian Serie A,Mirassol,9169,São Paulo,2026,3,0,3 - 0,FT,V,casa,732871,https://www.espn.com/soccer/match/_/gameId/732871/sao-paulo-mirassol,ESPN,https://www.espn.com/soccer/team/results/_/id/9169/season/2025
2025,Mirassol,9169,2025-10-25,"Sat, Oct 25",,Brazilian Serie A,Sport,7635,Mirassol,9169,1,2,1 - 2,FT,V,fora,732881,https://www.espn.com/soccer/match/_/gameId/732881/mirassol-sport,ESPN,https://www.espn.com/soccer/team/results/_/id/9169/season/2025
2025,Mirassol,9169,2025-11-01,"Sat, Nov 1",,Brazilian Serie A,Mirassol,9169,Botafogo,6086,0,0,0 - 0,FT,E,casa,732894,https://www.espn.com/soccer/match/_/gameId/732894/botafogo-mirassol,ESPN,https://www.espn.com/soccer/team/results/_/id/9169/season/2025
2025,Mirassol,9169,2025-11-06,"Thu, Nov 6",,Brazilian Serie A,Fluminense,3445,Mirassol,9169,1,0,1 - 0,FT,D,fora,732906,https://www.espn.com/soccer/match/_/gameId/732906/mirassol-fluminense,ESPN,https://www.espn.com/soccer/team/results/_/id/9169/season/2025
2025,Mirassol,9169,2025-11-09,"Sun, Nov 9",,Brazilian Serie A,Mirassol,9169,Palmeiras,2029,2,1,2 - 1,FT,V,casa,732918,https://www.espn.com/soccer/match/_/gameId/732918/palmeiras-mirassol,ESPN,https://www.espn.com/soccer/team/results/_/id/9169/season/2025
2025,Mirassol,9169,2025-11-19,"Wed, Nov 19",,Brazilian Serie A,Santos,2674,Mirassol,9169,1,1,1 - 1,FT,E,fora,732924,https://www.espn.com/soccer/match/_/gameId/732924/mirassol-santos,ESPN,https://www.espn.com/soccer/team/results/_/id/9169/season/2025
2025,Mirassol,9169,2025-11-24,"Mon, Nov 24",,Brazilian Serie A,Mirassol,9169,Ceará,9969,3,0,3 - 0,FT,V,casa,732932,https://www.espn.com/soccer/match/_/gameId/732932/ceara-mirassol,ESPN,https://www.espn.com/soccer/team/results/_/id/9169/season/2025
2025,Mirassol,9169,2025-11-29,"Sat, Nov 29",,Brazilian Serie A,Vitória,3457,Mirassol,9169,2,0,2 - 0,FT,D,fora,732944,https://www.espn.com/soccer/match/_/gameId/732944/mirassol-vitoria,ESPN,https://www.espn.com/soccer/team/results/_/id/9169/season/2025
2025,Mirassol,9169,2025-12-02,"Tue, Dec 2",,Brazilian Serie A,Vasco da Gama,3454,Mirassol,9169,0,2,0 - 2,FT,V,fora,732955,https://www.espn.com/soccer/match/_/gameId/732955/mirassol-vasco-da-gama,ESPN,https://www.espn.com/soccer/team/results/_/id/9169/season/2025
2025,Mirassol,9169,2025-12-06,"Sat, Dec 6",,Brazilian Serie A,Mirassol,9169,Flamengo,819,3,3,3 - 3,FT,E,casa,732966,https://www.espn.com/soccer/match/_/gameId/732966/flamengo-mirassol,ESPN,https://www.espn.com/soccer/team/results/_/id/9169/season/2025
2025,Palmeiras,2029,2025-01-15,"Wed, Jan 15",,Brazilian Campeonato Paulista,Palmeiras,2029,Portuguesa,4773,2,0,2 - 0,FT,V,casa,724075,https://www.espn.com/soccer/match/_/gameId/724075/portuguesa-palmeiras,ESPN,https://www.espn.com/soccer/team/results/_/id/2029/season/2025
2025,Palmeiras,2029,2025-01-18,"Sat, Jan 18",,Brazilian Campeonato Paulista,EC Noroeste,22486,Palmeiras,2029,1,1,1 - 1,FT,E,fora,724083,https://www.espn.com/soccer/match/_/gameId/724083/palmeiras-ec-noroeste,ESPN,https://www.espn.com/soccer/team/results/_/id/2029/season/2025
2025,Palmeiras,2029,2025-01-22,"Wed, Jan 22",,Brazilian Campeonato Paulista,Santos,2674,Palmeiras,2029,1,2,1 - 2,FT,V,fora,724089,https://www.espn.com/soccer/match/_/gameId/724089/palmeiras-santos,ESPN,https://www.espn.com/soccer/team/results/_/id/2029/season/2025
2025,Palmeiras,2029,2025-01-25,"Sat, Jan 25",,Brazilian Campeonato Paulista,Palmeiras,2029,Novorizontino,18127,1,2,1 - 2,FT,D,casa,724095,https://www.espn.com/soccer/match/_/gameId/724095/novorizontino-palmeiras,ESPN,https://www.espn.com/soccer/team/results/_/id/2029/season/2025
2025,Palmeiras,2029,2025-01-28,"Tue, Jan 28",,Brazilian Campeonato Paulista,Palmeiras,2029,Red Bull Bragantino,6079,0,0,0 - 0,FT,E,casa,724100,https://www.espn.com/soccer/match/_/gameId/724100/red-bull-bragantino-palmeiras,ESPN,https://www.espn.com/soccer/team/results/_/id/2029/season/2025
2025,Palmeiras,2029,2025-02-02,"Sun, Feb 2",,Brazilian Campeonato Paulista,Guarani,3448,Palmeiras,2029,1,4,1 - 4,FT,V,fora,724114,https://www.espn.com/soccer/match/_/gameId/724114/palmeiras-guarani,ESPN,https://www.espn.com/soccer/team/results/_/id/2029/season/2025
2025,Palmeiras,2029,2025-02-06,"Thu, Feb 6",,Brazilian Campeonato Paulista,Palmeiras,2029,Corinthians,874,1,1,1 - 1,FT,E,casa,724117,https://www.espn.com/soccer/match/_/gameId/724117/corinthians-palmeiras,ESPN,https://www.espn.com/soccer/team/results/_/id/2029/season/2025
2025,Palmeiras,2029,2025-02-09,"Sun, Feb 9",,Brazilian Campeonato Paulista,Água Santa,18128,Palmeiras,2029,1,1,1 - 1,FT,E,fora,724125,https://www.espn.com/soccer/match/_/gameId/724125/palmeiras-agua-santa,ESPN,https://www.espn.com/soccer/team/results/_/id/2029/season/2025
2025,Palmeiras,2029,2025-02-13,"Thu, Feb 13",,Brazilian Campeonato Paulista,Inter de Limeira,18963,Palmeiras,2029,0,3,0 - 3,FT,V,fora,724134,https://www.espn.com/soccer/match/_/gameId/724134/palmeiras-inter-de-limeira,ESPN,https://www.espn.com/soccer/team/results/_/id/2029/season/2025
2025,Palmeiras,2029,2025-02-16,"Sun, Feb 16",,Brazilian Campeonato Paulista,Palmeiras,2029,São Paulo,2026,0,0,0 - 0,FT,E,casa,724141,https://www.espn.com/soccer/match/_/gameId/724141/sao-paulo-palmeiras,ESPN,https://www.espn.com/soccer/team/results/_/id/2029/season/2025
2025,Palmeiras,2029,2025-02-20,"Thu, Feb 20",,Brazilian Campeonato Paulista,Palmeiras,2029,Botafogo-SP,10281,3,1,3 - 1,FT,V,casa,724148,https://www.espn.com/soccer/match/_/gameId/724148/botafogo-sp-palmeiras,ESPN,https://www.espn.com/soccer/team/results/_/id/2029/season/2025
2025,Palmeiras,2029,2025-02-23,"Sun, Feb 23",,Brazilian Campeonato Paulista,Mirassol,9169,Palmeiras,2029,2,3,2 - 3,FT,V,fora,724157,https://www.espn.com/soccer/match/_/gameId/724157/palmeiras-mirassol,ESPN,https://www.espn.com/soccer/team/results/_/id/2029/season/2025
2025,Palmeiras,2029,2025-03-01,"Sat, Mar 1",,Brazilian Campeonato Paulista,São Bernardo,11268,Palmeiras,2029,0,3,0 - 3,FT,V,fora,733698,https://www.espn.com/soccer/match/_/gameId/733698/palmeiras-sao-bernardo,ESPN,https://www.espn.com/soccer/team/results/_/id/2029/season/2025
2025,Palmeiras,2029,2025-03-10,"Mon, Mar 10",,Brazilian Campeonato Paulista,Palmeiras,2029,São Paulo,2026,1,0,1 - 0,FT,V,casa,733962,https://www.espn.com/soccer/match/_/gameId/733962/sao-paulo-palmeiras,ESPN,https://www.espn.com/soccer/team/results/_/id/2029/season/2025
2025,Palmeiras,2029,2025-03-16,"Sun, Mar 16",,Brazilian Campeonato Paulista,Palmeiras,2029,Corinthians,874,0,1,0 - 1 1st Leg,FT,D,casa,734256,https://www.espn.com/soccer/match/_/gameId/734256/corinthians-palmeiras,ESPN,https://www.espn.com/soccer/team/results/_/id/2029/season/2025
2025,Palmeiras,2029,2025-03-27,"Thu, Mar 27",,Brazilian Campeonato Paulista,Corinthians,874,Palmeiras,2029,0,0,0 - 0 2nd Leg,FT,E,fora,734257,https://www.espn.com/soccer/match/_/gameId/734257/palmeiras-corinthians,ESPN,https://www.espn.com/soccer/team/results/_/id/2029/season/2025
2025,Palmeiras,2029,2025-03-30,"Sun, Mar 30",,Brazilian Serie A,Palmeiras,2029,Botafogo,6086,0,0,0 - 0,FT,E,casa,732596,https://www.espn.com/soccer/match/_/gameId/732596/botafogo-palmeiras,ESPN,https://www.espn.com/soccer/team/results/_/id/2029/season/2025
2025,Palmeiras,2029,2025-04-03,"Thu, Apr 3",,CONMEBOL Libertadores,Sporting Cristal,2673,Palmeiras,2029,2,3,2 - 3,FT,V,fora,734780,https://www.espn.com/soccer/match/_/gameId/734780/palmeiras-sporting-cristal,ESPN,https://www.espn.com/soccer/team/results/_/id/2029/season/2025
2025,Palmeiras,2029,2025-04-06,"Sun, Apr 6",,Brazilian Serie A,Sport,7635,Palmeiras,2029,1,2,1 - 2,FT,V,fora,732603,https://www.espn.com/soccer/match/_/gameId/732603/palmeiras-sport,ESPN,https://www.espn.com/soccer/team/results/_/id/2029/season/2025
2025,Palmeiras,2029,2025-04-09,"Wed, Apr 9",,CONMEBOL Libertadores,Palmeiras,2029,Cerro Porteño,2671,1,0,1 - 0,FT,V,casa,734797,https://www.espn.com/soccer/match/_/gameId/734797/cerro-porteno-palmeiras,ESPN,https://www.espn.com/soccer/team/results/_/id/2029/season/2025
2025,Palmeiras,2029,2025-04-12,"Sat, Apr 12",,Brazilian Serie A,Palmeiras,2029,Corinthians,874,2,0,2 - 0,FT,V,casa,732613,https://www.espn.com/soccer/match/_/gameId/732613/corinthians-palmeiras,ESPN,https://www.espn.com/soccer/team/results/_/id/2029/season/2025
2025,Palmeiras,2029,2025-04-16,"Wed, Apr 16",,Brazilian Serie A,Internacional,1936,Palmeiras,2029,0,1,0 - 1,FT,V,fora,732629,https://www.espn.com/soccer/match/_/gameId/732629/palmeiras-internacional,ESPN,https://www.espn.com/soccer/team/results/_/id/2029/season/2025
2025,Palmeiras,2029,2025-04-20,"Sun, Apr 20",,Brazilian Serie A,Fortaleza,6272,Palmeiras,2029,1,2,1 - 2,FT,V,fora,732637,https://www.espn.com/soccer/match/_/gameId/732637/palmeiras-fortaleza,ESPN,https://www.espn.com/soccer/team/results/_/id/2029/season/2025
2025,Palmeiras,2029,2025-04-24,"Thu, Apr 24",,CONMEBOL Libertadores,Bolívar,2681,Palmeiras,2029,2,3,2 - 3,FT,V,fora,734806,https://www.espn.com/soccer/match/_/gameId/734806/palmeiras-bolivar,ESPN,https://www.espn.com/soccer/team/results/_/id/2029/season/2025
2025,Palmeiras,2029,2025-04-27,"Sun, Apr 27",,Brazilian Serie A,Palmeiras,2029,Bahia,9967,0,1,0 - 1,FT,D,casa,732643,https://www.espn.com/soccer/match/_/gameId/732643/bahia-palmeiras,ESPN,https://www.espn.com/soccer/team/results/_/id/2029/season/2025
2025,Palmeiras,2029,2025-04-30,"Wed, Apr 30",,Copa do Brasil,Ceará,9969,Palmeiras,2029,0,1,0 - 1 1st Leg,FT,V,fora,735271,https://www.espn.com/soccer/match/_/gameId/735271/palmeiras-ceara,ESPN,https://www.espn.com/soccer/team/results/_/id/2029/season/2025
2025,Palmeiras,2029,2025-05-04,"Sun, May 4",,Brazilian Serie A,Vasco da Gama,3454,Palmeiras,2029,0,1,0 - 1,FT,V,fora,732652,https://www.espn.com/soccer/match/_/gameId/732652/palmeiras-vasco-da-gama,ESPN,https://www.espn.com/soccer/team/results/_/id/2029/season/2025
2025,Palmeiras,2029,2025-05-07,"Wed, May 7",,CONMEBOL Libertadores,Cerro Porteño,2671,Palmeiras,2029,0,2,0 - 2,FT,V,fora,734827,https://www.espn.com/soccer/match/_/gameId/734827/palmeiras-cerro-porteno,ESPN,https://www.espn.com/soccer/team/results/_/id/2029/season/2025
2025,Palmeiras,2029,2025-05-11,"Sun, May 11",,Brazilian Serie A,Palmeiras,2029,São Paulo,2026,1,0,1 - 0,FT,V,casa,732663,https://www.espn.com/soccer/match/_/gameId/732663/sao-paulo-palmeiras,ESPN,https://www.espn.com/soccer/team/results/_/id/2029/season/2025
2025,Palmeiras,2029,2025-05-15,"Thu, May 15",,CONMEBOL Libertadores,Palmeiras,2029,Bolívar,2681,2,0,2 - 0,FT,V,casa,734842,https://www.espn.com/soccer/match/_/gameId/734842/bolivar-palmeiras,ESPN,https://www.espn.com/soccer/team/results/_/id/2029/season/2025
2025,Palmeiras,2029,2025-05-18,"Sun, May 18",,Brazilian Serie A,Red Bull Bragantino,6079,Palmeiras,2029,1,2,1 - 2,FT,V,fora,732677,https://www.espn.com/soccer/match/_/gameId/732677/palmeiras-red-bull-bragantino,ESPN,https://www.espn.com/soccer/team/results/_/id/2029/season/2025
2025,Palmeiras,2029,2025-05-22,"Thu, May 22",,Copa do Brasil,Palmeiras,2029,Ceará,9969,3,0,3 - 0 2nd Leg,FT,V,casa,735289,https://www.espn.com/soccer/match/_/gameId/735289/ceara-palmeiras,ESPN,https://www.espn.com/soccer/team/results/_/id/2029/season/2025
2025,Palmeiras,2029,2025-05-25,"Sun, May 25",,Brazilian Serie A,Palmeiras,2029,Flamengo,819,0,2,0 - 2,FT,D,casa,732686,https://www.espn.com/soccer/match/_/gameId/732686/flamengo-palmeiras,ESPN,https://www.espn.com/soccer/team/results/_/id/2029/season/2025
2025,Palmeiras,2029,2025-05-28,"Wed, May 28",,CONMEBOL Libertadores,Palmeiras,2029,Sporting Cristal,2673,6,0,6 - 0,FT,V,casa,734856,https://www.espn.com/soccer/match/_/gameId/734856/sporting-cristal-palmeiras,ESPN,https://www.espn.com/soccer/team/results/_/id/2029/season/2025
2025,Palmeiras,2029,2025-06-01,"Sun, Jun 1",,Brazilian Serie A,Cruzeiro,2022,Palmeiras,2029,2,1,2 - 1,FT,D,fora,732696,https://www.espn.com/soccer/match/_/gameId/732696/palmeiras-cruzeiro,ESPN,https://www.espn.com/soccer/team/results/_/id/2029/season/2025
2025,Palmeiras,2029,2025-06-15,"Sun, Jun 15",,FIFA Club World Cup,Palmeiras,2029,FC Porto,437,0,0,0 - 0,FT,E,casa,724426,https://www.espn.com/soccer/match/_/gameId/724426/fc-porto-palmeiras,ESPN,https://www.espn.com/soccer/team/results/_/id/2029/season/2025
2025,Palmeiras,2029,2025-06-19,"Thu, Jun 19",,FIFA Club World Cup,Palmeiras,2029,Al Ahly,10207,2,0,2 - 0,FT,V,casa,724439,https://www.espn.com/soccer/match/_/gameId/724439/al-ahly-palmeiras,ESPN,https://www.espn.com/soccer/team/results/_/id/2029/season/2025
2025,Palmeiras,2029,2025-06-23,"Mon, Jun 23",,FIFA Club World Cup,Inter Miami CF,20232,Palmeiras,2029,2,2,2 - 2,FT,E,fora,724458,https://www.espn.com/soccer/match/_/gameId/724458/palmeiras-inter-miami-cf,ESPN,https://www.espn.com/soccer/team/results/_/id/2029/season/2025
2025,Palmeiras,2029,2025-06-28,"Sat, Jun 28",,FIFA Club World Cup,Palmeiras,2029,Botafogo,6086,1,0,1 - 0,AET,V,casa,735944,https://www.espn.com/soccer/match/_/gameId/735944/botafogo-palmeiras,ESPN,https://www.espn.com/soccer/team/results/_/id/2029/season/2025
2025,Palmeiras,2029,2025-07-04,"Fri, Jul 4",,FIFA Club World Cup,Palmeiras,2029,Chelsea,363,1,2,1 - 2,FT,D,casa,735953,https://www.espn.com/soccer/match/_/gameId/735953/chelsea-palmeiras,ESPN,https://www.espn.com/soccer/team/results/_/id/2029/season/2025
2025,Palmeiras,2029,2025-07-16,"Wed, Jul 16",,Brazilian Serie A,Palmeiras,2029,Mirassol,9169,1,1,1 - 1,FT,E,casa,732722,https://www.espn.com/soccer/match/_/gameId/732722/mirassol-palmeiras,ESPN,https://www.espn.com/soccer/team/results/_/id/2029/season/2025
2025,Palmeiras,2029,2025-07-20,"Sun, Jul 20",,Brazilian Serie A,Palmeiras,2029,Atlético-MG,7632,3,2,3 - 2,FT,V,casa,732739,https://www.espn.com/soccer/match/_/gameId/732739/atletico-mg-palmeiras,ESPN,https://www.espn.com/soccer/team/results/_/id/2029/season/2025
2025,Palmeiras,2029,2025-07-23,"Wed, Jul 23",,Brazilian Serie A,Fluminense,3445,Palmeiras,2029,1,2,1 - 2,FT,V,fora,732748,https://www.espn.com/soccer/match/_/gameId/732748/palmeiras-fluminense,ESPN,https://www.espn.com/soccer/team/results/_/id/2029/season/2025
2025,Palmeiras,2029,2025-07-26,"Sat, Jul 26",,Brazilian Serie A,Palmeiras,2029,Grêmio,6273,1,0,1 - 0,FT,V,casa,732759,https://www.espn.com/soccer/match/_/gameId/732759/gremio-palmeiras,ESPN,https://www.espn.com/soccer/team/results/_/id/2029/season/2025
2025,Palmeiras,2029,2025-07-30,"Wed, Jul 30",,Copa do Brasil,Corinthians,874,Palmeiras,2029,1,0,1 - 0 1st Leg,FT,D,fora,736503,https://www.espn.com/soccer/match/_/gameId/736503/palmeiras-corinthians,ESPN,https://www.espn.com/soccer/team/results/_/id/2029/season/2025
2025,Palmeiras,2029,2025-08-03,"Sun, Aug 3",,Brazilian Serie A,Vitória,3457,Palmeiras,2029,2,2,2 - 2,FT,E,fora,732764,https://www.espn.com/soccer/match/_/gameId/732764/palmeiras-vitoria,ESPN,https://www.espn.com/soccer/team/results/_/id/2029/season/2025
2025,Palmeiras,2029,2025-08-06,"Wed, Aug 6",,Copa do Brasil,Palmeiras,2029,Corinthians,874,0,2,0 - 2 2nd Leg,FT,D,casa,736513,https://www.espn.com/soccer/match/_/gameId/736513/corinthians-palmeiras,ESPN,https://www.espn.com/soccer/team/results/_/id/2029/season/2025
2025,Palmeiras,2029,2025-08-10,"Sun, Aug 10",,Brazilian Serie A,Palmeiras,2029,Ceará,9969,2,1,2 - 1,FT,V,casa,732776,https://www.espn.com/soccer/match/_/gameId/732776/ceara-palmeiras,ESPN,https://www.espn.com/soccer/team/results/_/id/2029/season/2025
2025,Palmeiras,2029,2025-08-14,"Thu, Aug 14",,CONMEBOL Libertadores,Universitario,2685,Palmeiras,2029,0,4,0 - 4 1st Leg,FT,V,fora,736524,https://www.espn.com/soccer/match/_/gameId/736524/palmeiras-universitario,ESPN,https://www.espn.com/soccer/team/results/_/id/2029/season/2025
2025,Palmeiras,2029,2025-08-17,"Sun, Aug 17",,Brazilian Serie A,Botafogo,6086,Palmeiras,2029,0,1,0 - 1,FT,V,fora,732782,https://www.espn.com/soccer/match/_/gameId/732782/palmeiras-botafogo,ESPN,https://www.espn.com/soccer/team/results/_/id/2029/season/2025
2025,Palmeiras,2029,2025-08-21,"Thu, Aug 21",,CONMEBOL Libertadores,Palmeiras,2029,Universitario,2685,0,0,0 - 0 2nd Leg,FT,E,casa,736533,https://www.espn.com/soccer/match/_/gameId/736533/universitario-palmeiras,ESPN,https://www.espn.com/soccer/team/results/_/id/2029/season/2025
2025,Palmeiras,2029,2025-08-25,"Mon, Aug 25",,Brazilian Serie A,Palmeiras,2029,Sport,7635,3,0,3 - 0,FT,V,casa,732798,https://www.espn.com/soccer/match/_/gameId/732798/sport-palmeiras,ESPN,https://www.espn.com/soccer/team/results/_/id/2029/season/2025
2025,Palmeiras,2029,2025-08-31,"Sun, Aug 31",,Brazilian Serie A,Corinthians,874,Palmeiras,2029,1,1,1 - 1,FT,E,fora,732802,https://www.espn.com/soccer/match/_/gameId/732802/palmeiras-corinthians,ESPN,https://www.espn.com/soccer/team/results/_/id/2029/season/2025
2025,Palmeiras,2029,2025-09-13,"Sat, Sep 13",,Brazilian Serie A,Palmeiras,2029,Internacional,1936,4,1,4 - 1,FT,V,casa,732816,https://www.espn.com/soccer/match/_/gameId/732816/internacional-palmeiras,ESPN,https://www.espn.com/soccer/team/results/_/id/2029/season/2025
2025,Palmeiras,2029,2025-09-17,"Wed, Sep 17",,CONMEBOL Libertadores,River Plate,16,Palmeiras,2029,1,2,1 - 2 1st Leg,FT,V,fora,757334,https://www.espn.com/soccer/match/_/gameId/757334/palmeiras-river-plate,ESPN,https://www.espn.com/soccer/team/results/_/id/2029/season/2025
2025,Palmeiras,2029,2025-09-20,"Sat, Sep 20",,Brazilian Serie A,Palmeiras,2029,Fortaleza,6272,4,1,4 - 1,FT,V,casa,732828,https://www.espn.com/soccer/match/_/gameId/732828/fortaleza-palmeiras,ESPN,https://www.espn.com/soccer/team/results/_/id/2029/season/2025
2025,Palmeiras,2029,2025-09-24,"Wed, Sep 24",,CONMEBOL Libertadores,Palmeiras,2029,River Plate,16,3,1,3 - 1 2nd Leg · Palmeiras wins 5-2 on aggregate,FT,V,casa,757335,https://www.espn.com/soccer/match/_/gameId/757335/river-plate-palmeiras,ESPN,https://www.espn.com/soccer/team/results/_/id/2029/season/2025
2025,Palmeiras,2029,2025-09-28,"Sun, Sep 28",,Brazilian Serie A,Bahia,9967,Palmeiras,2029,1,0,1 - 0,FT,D,fora,732831,https://www.espn.com/soccer/match/_/gameId/732831/palmeiras-bahia,ESPN,https://www.espn.com/soccer/team/results/_/id/2029/season/2025
2025,Palmeiras,2029,2025-10-01,"Wed, Oct 1",,Brazilian Serie A,Palmeiras,2029,Vasco da Gama,3454,3,0,3 - 0,FT,V,casa,732846,https://www.espn.com/soccer/match/_/gameId/732846/vasco-da-gama-palmeiras,ESPN,https://www.espn.com/soccer/team/results/_/id/2029/season/2025
2025,Palmeiras,2029,2025-10-05,"Sun, Oct 5",,Brazilian Serie A,São Paulo,2026,Palmeiras,2029,2,3,2 - 3,FT,V,fora,732856,https://www.espn.com/soccer/match/_/gameId/732856/palmeiras-sao-paulo,ESPN,https://www.espn.com/soccer/team/results/_/id/2029/season/2025
2025,Palmeiras,2029,2025-10-11,"Sat, Oct 11",,Brazilian Serie A,Palmeiras,2029,Juventude,6270,4,1,4 - 1,FT,V,casa,732705,https://www.espn.com/soccer/match/_/gameId/732705/juventude-palmeiras,ESPN,https://www.espn.com/soccer/team/results/_/id/2029/season/2025
2025,Palmeiras,2029,2025-10-15,"Wed, Oct 15",,Brazilian Serie A,Palmeiras,2029,Red Bull Bragantino,6079,5,1,5 - 1,FT,V,casa,732866,https://www.espn.com/soccer/match/_/gameId/732866/red-bull-bragantino-palmeiras,ESPN,https://www.espn.com/soccer/team/results/_/id/2029/season/2025
2025,Palmeiras,2029,2025-10-19,"Sun, Oct 19",,Brazilian Serie A,Flamengo,819,Palmeiras,2029,3,2,3 - 2,FT,D,fora,732879,https://www.espn.com/soccer/match/_/gameId/732879/palmeiras-flamengo,ESPN,https://www.espn.com/soccer/team/results/_/id/2029/season/2025
2025,Palmeiras,2029,2025-10-23,"Thu, Oct 23",,CONMEBOL Libertadores,Liga de Quito,4816,Palmeiras,2029,3,0,3 - 0 1st Leg,FT,D,fora,759125,https://www.espn.com/soccer/match/_/gameId/759125/palmeiras-liga-de-quito,ESPN,https://www.espn.com/soccer/team/results/_/id/2029/season/2025
2025,Palmeiras,2029,2025-10-26,"Sun, Oct 26",,Brazilian Serie A,Palmeiras,2029,Cruzeiro,2022,0,0,0 - 0,FT,E,casa,732883,https://www.espn.com/soccer/match/_/gameId/732883/cruzeiro-palmeiras,ESPN,https://www.espn.com/soccer/team/results/_/id/2029/season/2025
2025,Palmeiras,2029,2025-10-30,"Thu, Oct 30",,CONMEBOL Libertadores,Palmeiras,2029,Liga de Quito,4816,4,0,4 - 0 2nd Leg · Palmeiras wins 4-3 on aggregate,FT,V,casa,759127,https://www.espn.com/soccer/match/_/gameId/759127/liga-de-quito-palmeiras,ESPN,https://www.espn.com/soccer/team/results/_/id/2029/season/2025
2025,Palmeiras,2029,2025-11-02,"Sun, Nov 2",,Brazilian Serie A,Juventude,6270,Palmeiras,2029,0,2,0 - 2,FT,V,fora,732895,https://www.espn.com/soccer/match/_/gameId/732895/palmeiras-juventude,ESPN,https://www.espn.com/soccer/team/results/_/id/2029/season/2025
2025,Palmeiras,2029,2025-11-06,"Thu, Nov 6",,Brazilian Serie A,Palmeiras,2029,Santos,2674,2,0,2 - 0,FT,V,casa,732909,https://www.espn.com/soccer/match/_/gameId/732909/santos-palmeiras,ESPN,https://www.espn.com/soccer/team/results/_/id/2029/season/2025
2025,Palmeiras,2029,2025-11-09,"Sun, Nov 9",,Brazilian Serie A,Mirassol,9169,Palmeiras,2029,2,1,2 - 1,FT,D,fora,732918,https://www.espn.com/soccer/match/_/gameId/732918/palmeiras-mirassol,ESPN,https://www.espn.com/soccer/team/results/_/id/2029/season/2025
2025,Palmeiras,2029,2025-11-15,"Sat, Nov 15",,Brazilian Serie A,Santos,2674,Palmeiras,2029,1,0,1 - 0,FT,D,fora,732713,https://www.espn.com/soccer/match/_/gameId/732713/palmeiras-santos,ESPN,https://www.espn.com/soccer/team/results/_/id/2029/season/2025
2025,Palmeiras,2029,2025-11-19,"Wed, Nov 19",,Brazilian Serie A,Palmeiras,2029,Vitória,3457,0,0,0 - 0,FT,E,casa,732958,https://www.espn.com/soccer/match/_/gameId/732958/vitoria-palmeiras,ESPN,https://www.espn.com/soccer/team/results/_/id/2029/season/2025
2025,Palmeiras,2029,2025-11-22,"Sat, Nov 22",,Brazilian Serie A,Palmeiras,2029,Fluminense,3445,0,0,0 - 0,FT,E,casa,732931,https://www.espn.com/soccer/match/_/gameId/732931/fluminense-palmeiras,ESPN,https://www.espn.com/soccer/team/results/_/id/2029/season/2025
2025,Palmeiras,2029,2025-11-25,"Tue, Nov 25",,Brazilian Serie A,Grêmio,6273,Palmeiras,2029,3,2,3 - 2,FT,D,fora,732949,https://www.espn.com/soccer/match/_/gameId/732949/palmeiras-gremio,ESPN,https://www.espn.com/soccer/team/results/_/id/2029/season/2025
2025,Palmeiras,2029,2025-11-29,"Sat, Nov 29",,CONMEBOL Libertadores,Palmeiras,2029,Flamengo,819,0,1,0 - 1,FT,D,casa,760339,https://www.espn.com/soccer/match/_/gameId/760339/flamengo-palmeiras,ESPN,https://www.espn.com/soccer/team/results/_/id/2029/season/2025
2025,Palmeiras,2029,2025-12-03,"Wed, Dec 3",,Brazilian Serie A,Atlético-MG,7632,Palmeiras,2029,0,3,0 - 3,FT,V,fora,732920,https://www.espn.com/soccer/match/_/gameId/732920/palmeiras-atletico-mg,ESPN,https://www.espn.com/soccer/team/results/_/id/2029/season/2025
2025,Palmeiras,2029,2025-12-07,"Sun, Dec 7",,Brazilian Serie A,Ceará,9969,Palmeiras,2029,1,3,1 - 3,FT,V,fora,732962,https://www.espn.com/soccer/match/_/gameId/732962/palmeiras-ceara,ESPN,https://www.espn.com/soccer/team/results/_/id/2029/season/2025
2025,Red Bull Bragantino,6079,2025-01-16,"Thu, Jan 16",,Brazilian Campeonato Paulista,Red Bull Bragantino,6079,Corinthians,874,1,2,1 - 2,FT,D,casa,724071,https://www.espn.com/soccer/match/_/gameId/724071/corinthians-red-bull-bragantino,ESPN,https://www.espn.com/soccer/team/results/_/id/6079/season/2025
2025,Red Bull Bragantino,6079,2025-01-19,"Sun, Jan 19",,Brazilian Campeonato Paulista,São Bernardo,11268,Red Bull Bragantino,6079,3,2,3 - 2,FT,D,fora,724076,https://www.espn.com/soccer/match/_/gameId/724076/red-bull-bragantino-sao-bernardo,ESPN,https://www.espn.com/soccer/team/results/_/id/6079/season/2025
2025,Red Bull Bragantino,6079,2025-01-22,"Wed, Jan 22",,Brazilian Campeonato Paulista,Red Bull Bragantino,6079,AE Velo Clube,22487,1,0,1 - 0,FT,V,casa,724085,https://www.espn.com/soccer/match/_/gameId/724085/ae-velo-clube-red-bull-bragantino,ESPN,https://www.espn.com/soccer/team/results/_/id/6079/season/2025
2025,Red Bull Bragantino,6079,2025-01-25,"Sat, Jan 25",,Brazilian Campeonato Paulista,Água Santa,18128,Red Bull Bragantino,6079,3,0,3 - 0,FT,D,fora,724094,https://www.espn.com/soccer/match/_/gameId/724094/red-bull-bragantino-agua-santa,ESPN,https://www.espn.com/soccer/team/results/_/id/6079/season/2025
2025,Red Bull Bragantino,6079,2025-01-28,"Tue, Jan 28",,Brazilian Campeonato Paulista,Palmeiras,2029,Red Bull Bragantino,6079,0,0,0 - 0,FT,E,fora,724100,https://www.espn.com/soccer/match/_/gameId/724100/red-bull-bragantino-palmeiras,ESPN,https://www.espn.com/soccer/team/results/_/id/6079/season/2025
2025,Red Bull Bragantino,6079,2025-01-31,"Fri, Jan 31",,Brazilian Campeonato Paulista,Red Bull Bragantino,6079,Novorizontino,18127,1,2,1 - 2,FT,D,casa,724109,https://www.espn.com/soccer/match/_/gameId/724109/novorizontino-red-bull-bragantino,ESPN,https://www.espn.com/soccer/team/results/_/id/6079/season/2025
2025,Red Bull Bragantino,6079,2025-02-04,"Tue, Feb 4",,Brazilian Campeonato Paulista,Inter de Limeira,18963,Red Bull Bragantino,6079,1,1,1 - 1,FT,E,fora,724116,https://www.espn.com/soccer/match/_/gameId/724116/red-bull-bragantino-inter-de-limeira,ESPN,https://www.espn.com/soccer/team/results/_/id/6079/season/2025
2025,Red Bull Bragantino,6079,2025-02-08,"Sat, Feb 8",,Brazilian Campeonato Paulista,Red Bull Bragantino,6079,São Paulo,2026,1,0,1 - 0,FT,V,casa,724126,https://www.espn.com/soccer/match/_/gameId/724126/sao-paulo-red-bull-bragantino,ESPN,https://www.espn.com/soccer/team/results/_/id/6079/season/2025
2025,Red Bull Bragantino,6079,2025-02-11,"Tue, Feb 11",,Brazilian Campeonato Paulista,Botafogo-SP,10281,Red Bull Bragantino,6079,1,0,1 - 0,FT,D,fora,724136,https://www.espn.com/soccer/match/_/gameId/724136/red-bull-bragantino-botafogo-sp,ESPN,https://www.espn.com/soccer/team/results/_/id/6079/season/2025
2025,Red Bull Bragantino,6079,2025-02-15,"Sat, Feb 15",,Brazilian Campeonato Paulista,Red Bull Bragantino,6079,EC Noroeste,22486,2,1,2 - 1,FT,V,casa,724147,https://www.espn.com/soccer/match/_/gameId/724147/ec-noroeste-red-bull-bragantino,ESPN,https://www.espn.com/soccer/team/results/_/id/6079/season/2025
2025,Red Bull Bragantino,6079,2025-02-20,"Thu, Feb 20",,Brazilian Campeonato Paulista,Red Bull Bragantino,6079,Mirassol,9169,3,0,3 - 0,FT,V,casa,724153,https://www.espn.com/soccer/match/_/gameId/724153/mirassol-red-bull-bragantino,ESPN,https://www.espn.com/soccer/team/results/_/id/6079/season/2025
2025,Red Bull Bragantino,6079,2025-02-23,"Sun, Feb 23",,Brazilian Campeonato Paulista,Ponte Preta,3459,Red Bull Bragantino,6079,0,2,0 - 2,FT,V,fora,724156,https://www.espn.com/soccer/match/_/gameId/724156/red-bull-bragantino-ponte-preta,ESPN,https://www.espn.com/soccer/team/results/_/id/6079/season/2025
2025,Red Bull Bragantino,6079,2025-02-27,"Thu, Feb 27",,Copa do Brasil,Sousa EC,15561,Red Bull Bragantino,6079,1,1,1 - 1 Red Bull Bragantino wins 5-4 on Penalty Kicks,FT-Pens,E,fora,732329,https://www.espn.com/soccer/match/_/gameId/732329/red-bull-bragantino-sousa-ec,ESPN,https://www.espn.com/soccer/team/results/_/id/6079/season/2025
2025,Red Bull Bragantino,6079,2025-03-02,"Sun, Mar 2",,Brazilian Campeonato Paulista,Santos,2674,Red Bull Bragantino,6079,2,0,2 - 0,FT,D,fora,733699,https://www.espn.com/soccer/match/_/gameId/733699/red-bull-bragantino-santos,ESPN,https://www.espn.com/soccer/team/results/_/id/6079/season/2025
2025,Red Bull Bragantino,6079,2025-03-11,"Tue, Mar 11",,Copa do Brasil,Red Bull Bragantino,6079,São José-RS,7389,1,1,1 - 1 Red Bull Bragantino wins 4-2 on Penalty Kicks,FT-Pens,E,casa,733746,https://www.espn.com/soccer/match/_/gameId/733746/sao-jose-rs-red-bull-bragantino,ESPN,https://www.espn.com/soccer/team/results/_/id/6079/season/2025
2025,Red Bull Bragantino,6079,2025-03-31,"Mon, Mar 31",,Brazilian Serie A,Red Bull Bragantino,6079,Ceará,9969,2,2,2 - 2,FT,E,casa,732597,https://www.espn.com/soccer/match/_/gameId/732597/ceara-red-bull-bragantino,ESPN,https://www.espn.com/soccer/team/results/_/id/6079/season/2025
2025,Red Bull Bragantino,6079,2025-04-06,"Sun, Apr 6",,Brazilian Serie A,Fluminense,3445,Red Bull Bragantino,6079,2,1,2 - 1,FT,D,fora,732607,https://www.espn.com/soccer/match/_/gameId/732607/red-bull-bragantino-fluminense,ESPN,https://www.espn.com/soccer/team/results/_/id/6079/season/2025
2025,Red Bull Bragantino,6079,2025-04-12,"Sat, Apr 12",,Brazilian Serie A,Red Bull Bragantino,6079,Botafogo,6086,1,0,1 - 0,FT,V,casa,732612,https://www.espn.com/soccer/match/_/gameId/732612/botafogo-red-bull-bragantino,ESPN,https://www.espn.com/soccer/team/results/_/id/6079/season/2025
2025,Red Bull Bragantino,6079,2025-04-16,"Wed, Apr 16",,Brazilian Serie A,Sport,7635,Red Bull Bragantino,6079,0,1,0 - 1,FT,V,fora,732626,https://www.espn.com/soccer/match/_/gameId/732626/red-bull-bragantino-sport,ESPN,https://www.espn.com/soccer/team/results/_/id/6079/season/2025
2025,Red Bull Bragantino,6079,2025-04-20,"Sun, Apr 20",,Brazilian Serie A,Red Bull Bragantino,6079,Cruzeiro,2022,1,0,1 - 0,FT,V,casa,732634,https://www.espn.com/soccer/match/_/gameId/732634/cruzeiro-red-bull-bragantino,ESPN,https://www.espn.com/soccer/team/results/_/id/6079/season/2025
2025,Red Bull Bragantino,6079,2025-04-27,"Sun, Apr 27",,Brazilian Serie A,Santos,2674,Red Bull Bragantino,6079,1,2,1 - 2,FT,V,fora,732649,https://www.espn.com/soccer/match/_/gameId/732649/red-bull-bragantino-santos,ESPN,https://www.espn.com/soccer/team/results/_/id/6079/season/2025
2025,Red Bull Bragantino,6079,2025-05-01,"Thu, May 1",,Copa do Brasil,Criciúma,9971,Red Bull Bragantino,6079,1,0,1 - 0 1st Leg,FT,D,fora,735272,https://www.espn.com/soccer/match/_/gameId/735272/red-bull-bragantino-criciuma,ESPN,https://www.espn.com/soccer/team/results/_/id/6079/season/2025
2025,Red Bull Bragantino,6079,2025-05-05,"Mon, May 5",,Brazilian Serie A,Red Bull Bragantino,6079,Mirassol,9169,1,0,1 - 0,FT,V,casa,732654,https://www.espn.com/soccer/match/_/gameId/732654/mirassol-red-bull-bragantino,ESPN,https://www.espn.com/soccer/team/results/_/id/6079/season/2025
2025,Red Bull Bragantino,6079,2025-05-10,"Sat, May 10",,Brazilian Serie A,Grêmio,6273,Red Bull Bragantino,6079,1,1,1 - 1,FT,E,fora,732665,https://www.espn.com/soccer/match/_/gameId/732665/red-bull-bragantino-gremio,ESPN,https://www.espn.com/soccer/team/results/_/id/6079/season/2025
2025,Red Bull Bragantino,6079,2025-05-18,"Sun, May 18",,Brazilian Serie A,Red Bull Bragantino,6079,Palmeiras,2029,1,2,1 - 2,FT,D,casa,732677,https://www.espn.com/soccer/match/_/gameId/732677/palmeiras-red-bull-bragantino,ESPN,https://www.espn.com/soccer/team/results/_/id/6079/season/2025
2025,Red Bull Bragantino,6079,2025-05-22,"Thu, May 22",,Copa do Brasil,Red Bull Bragantino,6079,Criciúma,9971,6,0,6 - 0 2nd Leg · Red Bull Bragantino wins 6-1 on aggregate,FT,V,casa,735288,https://www.espn.com/soccer/match/_/gameId/735288/criciuma-red-bull-bragantino,ESPN,https://www.espn.com/soccer/team/results/_/id/6079/season/2025
2025,Red Bull Bragantino,6079,2025-05-26,"Mon, May 26",,Brazilian Serie A,Red Bull Bragantino,6079,Juventude,6270,1,0,1 - 0,FT,V,casa,732685,https://www.espn.com/soccer/match/_/gameId/732685/juventude-red-bull-bragantino,ESPN,https://www.espn.com/soccer/team/results/_/id/6079/season/2025
2025,Red Bull Bragantino,6079,2025-05-31,"Sat, May 31",,Brazilian Serie A,Vasco da Gama,3454,Red Bull Bragantino,6079,0,2,0 - 2,FT,V,fora,732694,https://www.espn.com/soccer/match/_/gameId/732694/red-bull-bragantino-vasco-da-gama,ESPN,https://www.espn.com/soccer/team/results/_/id/6079/season/2025
2025,Red Bull Bragantino,6079,2025-06-12,"Thu, Jun 12",,Brazilian Serie A,Red Bull Bragantino,6079,Bahia,9967,0,3,0 - 3,FT,D,casa,732706,https://www.espn.com/soccer/match/_/gameId/732706/bahia-red-bull-bragantino,ESPN,https://www.espn.com/soccer/team/results/_/id/6079/season/2025
2025,Red Bull Bragantino,6079,2025-07-13,"Sun, Jul 13",,Brazilian Serie A,Corinthians,874,Red Bull Bragantino,6079,1,2,1 - 2,FT,V,fora,732719,https://www.espn.com/soccer/match/_/gameId/732719/red-bull-bragantino-corinthians,ESPN,https://www.espn.com/soccer/team/results/_/id/6079/season/2025
2025,Red Bull Bragantino,6079,2025-07-16,"Wed, Jul 16",,Brazilian Serie A,Red Bull Bragantino,6079,São Paulo,2026,2,2,2 - 2,FT,E,casa,732721,https://www.espn.com/soccer/match/_/gameId/732721/sao-paulo-red-bull-bragantino,ESPN,https://www.espn.com/soccer/team/results/_/id/6079/season/2025
2025,Red Bull Bragantino,6079,2025-07-20,"Sun, Jul 20",,Brazilian Serie A,Vitória,3457,Red Bull Bragantino,6079,1,0,1 - 0,FT,D,fora,732735,https://www.espn.com/soccer/match/_/gameId/732735/red-bull-bragantino-vitoria,ESPN,https://www.espn.com/soccer/team/results/_/id/6079/season/2025
2025,Red Bull Bragantino,6079,2025-07-23,"Wed, Jul 23",,Brazilian Serie A,Red Bull Bragantino,6079,Flamengo,819,1,2,1 - 2,FT,D,casa,732745,https://www.espn.com/soccer/match/_/gameId/732745/flamengo-red-bull-bragantino,ESPN,https://www.espn.com/soccer/team/results/_/id/6079/season/2025
2025,Red Bull Bragantino,6079,2025-07-26,"Sat, Jul 26",,Brazilian Serie A,Fortaleza,6272,Red Bull Bragantino,6079,3,1,3 - 1,FT,D,fora,732751,https://www.espn.com/soccer/match/_/gameId/732751/red-bull-bragantino-fortaleza,ESPN,https://www.espn.com/soccer/team/results/_/id/6079/season/2025
2025,Red Bull Bragantino,6079,2025-07-29,"Tue, Jul 29",,Copa do Brasil,Botafogo,6086,Red Bull Bragantino,6079,2,0,2 - 0 1st Leg,FT,D,fora,736501,https://www.espn.com/soccer/match/_/gameId/736501/red-bull-bragantino-botafogo,ESPN,https://www.espn.com/soccer/team/results/_/id/6079/season/2025
2025,Red Bull Bragantino,6079,2025-08-03,"Sun, Aug 3",,Brazilian Serie A,Atlético-MG,7632,Red Bull Bragantino,6079,2,1,2 - 1,FT,D,fora,732760,https://www.espn.com/soccer/match/_/gameId/732760/red-bull-bragantino-atletico-mg,ESPN,https://www.espn.com/soccer/team/results/_/id/6079/season/2025
2025,Red Bull Bragantino,6079,2025-08-06,"Wed, Aug 6",,Copa do Brasil,Red Bull Bragantino,6079,Botafogo,6086,0,1,0 - 1 2nd Leg,FT,D,casa,736512,https://www.espn.com/soccer/match/_/gameId/736512/botafogo-red-bull-bragantino,ESPN,https://www.espn.com/soccer/team/results/_/id/6079/season/2025
2025,Red Bull Bragantino,6079,2025-08-09,"Sat, Aug 9",,Brazilian Serie A,Red Bull Bragantino,6079,Internacional,1936,1,3,1 - 3,FT,D,casa,732777,https://www.espn.com/soccer/match/_/gameId/732777/internacional-red-bull-bragantino,ESPN,https://www.espn.com/soccer/team/results/_/id/6079/season/2025
2025,Red Bull Bragantino,6079,2025-08-16,"Sat, Aug 16",,Brazilian Serie A,Ceará,9969,Red Bull Bragantino,6079,1,0,1 - 0,FT,D,fora,732781,https://www.espn.com/soccer/match/_/gameId/732781/red-bull-bragantino-ceara,ESPN,https://www.espn.com/soccer/team/results/_/id/6079/season/2025
2025,Red Bull Bragantino,6079,2025-08-23,"Sat, Aug 23",,Brazilian Serie A,Red Bull Bragantino,6079,Fluminense,3445,4,2,4 - 2,FT,V,casa,732797,https://www.espn.com/soccer/match/_/gameId/732797/fluminense-red-bull-bragantino,ESPN,https://www.espn.com/soccer/team/results/_/id/6079/season/2025
2025,Red Bull Bragantino,6079,2025-08-30,"Sat, Aug 30",,Brazilian Serie A,Botafogo,6086,Red Bull Bragantino,6079,4,1,4 - 1,FT,D,fora,732800,https://www.espn.com/soccer/match/_/gameId/732800/red-bull-bragantino-botafogo,ESPN,https://www.espn.com/soccer/team/results/_/id/6079/season/2025
2025,Red Bull Bragantino,6079,2025-09-14,"Sun, Sep 14",,Brazilian Serie A,Red Bull Bragantino,6079,Sport,7635,1,1,1 - 1,FT,E,casa,732817,https://www.espn.com/soccer/match/_/gameId/732817/sport-red-bull-bragantino,ESPN,https://www.espn.com/soccer/team/results/_/id/6079/season/2025
2025,Red Bull Bragantino,6079,2025-09-21,"Sun, Sep 21",,Brazilian Serie A,Cruzeiro,2022,Red Bull Bragantino,6079,2,1,2 - 1,FT,D,fora,732821,https://www.espn.com/soccer/match/_/gameId/732821/red-bull-bragantino-cruzeiro,ESPN,https://www.espn.com/soccer/team/results/_/id/6079/season/2025
2025,Red Bull Bragantino,6079,2025-09-28,"Sun, Sep 28",,Brazilian Serie A,Red Bull Bragantino,6079,Santos,2674,2,2,2 - 2,FT,E,casa,732835,https://www.espn.com/soccer/match/_/gameId/732835/santos-red-bull-bragantino,ESPN,https://www.espn.com/soccer/team/results/_/id/6079/season/2025
2025,Red Bull Bragantino,6079,2025-10-01,"Wed, Oct 1",,Brazilian Serie A,Mirassol,9169,Red Bull Bragantino,6079,1,1,1 - 1,FT,E,fora,732845,https://www.espn.com/soccer/match/_/gameId/732845/red-bull-bragantino-mirassol,ESPN,https://www.espn.com/soccer/team/results/_/id/6079/season/2025
2025,Red Bull Bragantino,6079,2025-10-04,"Sat, Oct 4",,Brazilian Serie A,Red Bull Bragantino,6079,Grêmio,6273,1,0,1 - 0,FT,V,casa,732857,https://www.espn.com/soccer/match/_/gameId/732857/gremio-red-bull-bragantino,ESPN,https://www.espn.com/soccer/team/results/_/id/6079/season/2025
2025,Red Bull Bragantino,6079,2025-10-15,"Wed, Oct 15",,Brazilian Serie A,Palmeiras,2029,Red Bull Bragantino,6079,5,1,5 - 1,FT,D,fora,732866,https://www.espn.com/soccer/match/_/gameId/732866/red-bull-bragantino-palmeiras,ESPN,https://www.espn.com/soccer/team/results/_/id/6079/season/2025
2025,Red Bull Bragantino,6079,2025-10-20,"Mon, Oct 20",,Brazilian Serie A,Juventude,6270,Red Bull Bragantino,6079,1,0,1 - 0,FT,D,fora,732872,https://www.espn.com/soccer/match/_/gameId/732872/red-bull-bragantino-juventude,ESPN,https://www.espn.com/soccer/team/results/_/id/6079/season/2025
2025,Red Bull Bragantino,6079,2025-10-26,"Sun, Oct 26",,Brazilian Serie A,Red Bull Bragantino,6079,Vasco da Gama,3454,0,3,0 - 3,FT,D,casa,732882,https://www.espn.com/soccer/match/_/gameId/732882/vasco-da-gama-red-bull-bragantino,ESPN,https://www.espn.com/soccer/team/results/_/id/6079/season/2025
2025,Red Bull Bragantino,6079,2025-11-02,"Sun, Nov 2",,Brazilian Serie A,Bahia,9967,Red Bull Bragantino,6079,2,1,2 - 1,FT,D,fora,732890,https://www.espn.com/soccer/match/_/gameId/732890/red-bull-bragantino-bahia,ESPN,https://www.espn.com/soccer/team/results/_/id/6079/season/2025
2025,Red Bull Bragantino,6079,2025-11-05,"Wed, Nov 5",,Brazilian Serie A,Red Bull Bragantino,6079,Corinthians,874,2,1,2 - 1,FT,V,casa,732903,https://www.espn.com/soccer/match/_/gameId/732903/corinthians-red-bull-bragantino,ESPN,https://www.espn.com/soccer/team/results/_/id/6079/season/2025
2025,Red Bull Bragantino,6079,2025-11-08,"Sat, Nov 8",,Brazilian Serie A,São Paulo,2026,Red Bull Bragantino,6079,0,1,0 - 1,FT,V,fora,732911,https://www.espn.com/soccer/match/_/gameId/732911/red-bull-bragantino-sao-paulo,ESPN,https://www.espn.com/soccer/team/results/_/id/6079/season/2025
2025,Red Bull Bragantino,6079,2025-11-16,"Sun, Nov 16",,Brazilian Serie A,Red Bull Bragantino,6079,Atlético-MG,7632,2,0,2 - 0,FT,V,casa,732957,https://www.espn.com/soccer/match/_/gameId/732957/atletico-mg-red-bull-bragantino,ESPN,https://www.espn.com/soccer/team/results/_/id/6079/season/2025
2025,Red Bull Bragantino,6079,2025-11-22,"Sat, Nov 22",,Brazilian Serie A,Flamengo,819,Red Bull Bragantino,6079,3,0,3 - 0,FT,D,fora,732935,https://www.espn.com/soccer/match/_/gameId/732935/red-bull-bragantino-flamengo,ESPN,https://www.espn.com/soccer/team/results/_/id/6079/season/2025
2025,Red Bull Bragantino,6079,2025-11-26,"Wed, Nov 26",,Brazilian Serie A,Red Bull Bragantino,6079,Fortaleza,6272,0,1,0 - 1,FT,D,casa,732946,https://www.espn.com/soccer/match/_/gameId/732946/fortaleza-red-bull-bragantino,ESPN,https://www.espn.com/soccer/team/results/_/id/6079/season/2025
2025,Red Bull Bragantino,6079,2025-12-03,"Wed, Dec 3",,Brazilian Serie A,Red Bull Bragantino,6079,Vitória,3457,4,0,4 - 0,FT,V,casa,732921,https://www.espn.com/soccer/match/_/gameId/732921/vitoria-red-bull-bragantino,ESPN,https://www.espn.com/soccer/team/results/_/id/6079/season/2025
2025,Red Bull Bragantino,6079,2025-12-07,"Sun, Dec 7",,Brazilian Serie A,Internacional,1936,Red Bull Bragantino,6079,3,1,3 - 1,FT,D,fora,732967,https://www.espn.com/soccer/match/_/gameId/732967/red-bull-bragantino-internacional,ESPN,https://www.espn.com/soccer/team/results/_/id/6079/season/2025
2025,Santos,2674,2025-01-16,"Thu, Jan 16",,Brazilian Campeonato Paulista,Santos,2674,Mirassol,9169,2,1,2 - 1,FT,V,casa,724070,https://www.espn.com/soccer/match/_/gameId/724070/mirassol-santos,ESPN,https://www.espn.com/soccer/team/results/_/id/2674/season/2025
2025,Santos,2674,2025-01-19,"Sun, Jan 19",,Brazilian Campeonato Paulista,Ponte Preta,3459,Santos,2674,1,1,1 - 1,FT,E,fora,724079,https://www.espn.com/soccer/match/_/gameId/724079/santos-ponte-preta,ESPN,https://www.espn.com/soccer/team/results/_/id/2674/season/2025
2025,Santos,2674,2025-01-22,"Wed, Jan 22",,Brazilian Campeonato Paulista,Santos,2674,Palmeiras,2029,1,2,1 - 2,FT,D,casa,724089,https://www.espn.com/soccer/match/_/gameId/724089/palmeiras-santos,ESPN,https://www.espn.com/soccer/team/results/_/id/2674/season/2025
2025,Santos,2674,2025-01-25,"Sat, Jan 25",,Brazilian Campeonato Paulista,AE Velo Clube,22487,Santos,2674,2,1,2 - 1,FT,D,fora,724093,https://www.espn.com/soccer/match/_/gameId/724093/santos-ae-velo-clube,ESPN,https://www.espn.com/soccer/team/results/_/id/2674/season/2025
2025,Santos,2674,2025-01-29,"Wed, Jan 29",,Brazilian Campeonato Paulista,São Bernardo,11268,Santos,2674,3,1,3 - 1,FT,D,fora,724105,https://www.espn.com/soccer/match/_/gameId/724105/santos-sao-bernardo,ESPN,https://www.espn.com/soccer/team/results/_/id/2674/season/2025
2025,Santos,2674,2025-02-01,"Sat, Feb 1",,Brazilian Campeonato Paulista,Santos,2674,São Paulo,2026,3,1,3 - 1,FT,V,casa,724108,https://www.espn.com/soccer/match/_/gameId/724108/sao-paulo-santos,ESPN,https://www.espn.com/soccer/team/results/_/id/2674/season/2025
2025,Santos,2674,2025-02-05,"Wed, Feb 5",,Brazilian Campeonato Paulista,Santos,2674,Botafogo-SP,10281,1,1,1 - 1,FT,E,casa,724122,https://www.espn.com/soccer/match/_/gameId/724122/botafogo-sp-santos,ESPN,https://www.espn.com/soccer/team/results/_/id/2674/season/2025
2025,Santos,2674,2025-02-09,"Sun, Feb 9",,Brazilian Campeonato Paulista,Novorizontino,18127,Santos,2674,0,0,0 - 0,FT,E,fora,724129,https://www.espn.com/soccer/match/_/gameId/724129/santos-novorizontino,ESPN,https://www.espn.com/soccer/team/results/_/id/2674/season/2025
2025,Santos,2674,2025-02-12,"Wed, Feb 12",,Brazilian Campeonato Paulista,Corinthians,874,Santos,2674,2,1,2 - 1,FT,D,fora,724139,https://www.espn.com/soccer/match/_/gameId/724139/santos-corinthians,ESPN,https://www.espn.com/soccer/team/results/_/id/2674/season/2025
2025,Santos,2674,2025-02-16,"Sun, Feb 16",,Brazilian Campeonato Paulista,Santos,2674,Água Santa,18128,3,1,3 - 1,FT,V,casa,724143,https://www.espn.com/soccer/match/_/gameId/724143/agua-santa-santos,ESPN,https://www.espn.com/soccer/team/results/_/id/2674/season/2025
2025,Santos,2674,2025-02-19,"Wed, Feb 19",,Brazilian Campeonato Paulista,Santos,2674,EC Noroeste,22486,3,0,3 - 0,FT,V,casa,724154,https://www.espn.com/soccer/match/_/gameId/724154/ec-noroeste-santos,ESPN,https://www.espn.com/soccer/team/results/_/id/2674/season/2025
2025,Santos,2674,2025-02-23,"Sun, Feb 23",,Brazilian Campeonato Paulista,Inter de Limeira,18963,Santos,2674,0,3,0 - 3,FT,V,fora,724162,https://www.espn.com/soccer/match/_/gameId/724162/santos-inter-de-limeira,ESPN,https://www.espn.com/soccer/team/results/_/id/2674/season/2025
2025,Santos,2674,2025-03-02,"Sun, Mar 2",,Brazilian Campeonato Paulista,Santos,2674,Red Bull Bragantino,6079,2,0,2 - 0,FT,V,casa,733699,https://www.espn.com/soccer/match/_/gameId/733699/red-bull-bragantino-santos,ESPN,https://www.espn.com/soccer/team/results/_/id/2674/season/2025
2025,Santos,2674,2025-03-09,"Sun, Mar 9",,Brazilian Campeonato Paulista,Corinthians,874,Santos,2674,2,1,2 - 1,FT,D,fora,733961,https://www.espn.com/soccer/match/_/gameId/733961/santos-corinthians,ESPN,https://www.espn.com/soccer/team/results/_/id/2674/season/2025
2025,Santos,2674,2025-03-30,"Sun, Mar 30",,Brazilian Serie A,Vasco da Gama,3454,Santos,2674,2,1,2 - 1,FT,D,fora,732594,https://www.espn.com/soccer/match/_/gameId/732594/santos-vasco-da-gama,ESPN,https://www.espn.com/soccer/team/results/_/id/2674/season/2025
2025,Santos,2674,2025-04-06,"Sun, Apr 6",,Brazilian Serie A,Santos,2674,Bahia,9967,2,2,2 - 2,FT,E,casa,732604,https://www.espn.com/soccer/match/_/gameId/732604/bahia-santos,ESPN,https://www.espn.com/soccer/team/results/_/id/2674/season/2025
2025,Santos,2674,2025-04-13,"Sun, Apr 13",,Brazilian Serie A,Fluminense,3445,Santos,2674,1,0,1 - 0,FT,D,fora,732617,https://www.espn.com/soccer/match/_/gameId/732617/santos-fluminense,ESPN,https://www.espn.com/soccer/team/results/_/id/2674/season/2025
2025,Santos,2674,2025-04-16,"Wed, Apr 16",,Brazilian Serie A,Santos,2674,Atlético-MG,7632,2,0,2 - 0,FT,V,casa,732627,https://www.espn.com/soccer/match/_/gameId/732627/atletico-mg-santos,ESPN,https://www.espn.com/soccer/team/results/_/id/2674/season/2025
2025,Santos,2674,2025-04-20,"Sun, Apr 20",,Brazilian Serie A,São Paulo,2026,Santos,2674,2,1,2 - 1,FT,D,fora,732633,https://www.espn.com/soccer/match/_/gameId/732633/santos-sao-paulo,ESPN,https://www.espn.com/soccer/team/results/_/id/2674/season/2025
2025,Santos,2674,2025-04-27,"Sun, Apr 27",,Brazilian Serie A,Santos,2674,Red Bull Bragantino,6079,1,2,1 - 2,FT,D,casa,732649,https://www.espn.com/soccer/match/_/gameId/732649/red-bull-bragantino-santos,ESPN,https://www.espn.com/soccer/team/results/_/id/2674/season/2025
2025,Santos,2674,2025-05-01,"Thu, May 1",,Copa do Brasil,Santos,2674,CRB,9970,1,1,1 - 1 1st Leg,FT,E,casa,735279,https://www.espn.com/soccer/match/_/gameId/735279/crb-santos,ESPN,https://www.espn.com/soccer/team/results/_/id/2674/season/2025
2025,Santos,2674,2025-05-04,"Sun, May 4",,Brazilian Serie A,Grêmio,6273,Santos,2674,1,0,1 - 0,FT,D,fora,732656,https://www.espn.com/soccer/match/_/gameId/732656/santos-gremio,ESPN,https://www.espn.com/soccer/team/results/_/id/2674/season/2025
2025,Santos,2674,2025-05-12,"Mon, May 12",,Brazilian Serie A,Santos,2674,Ceará,9969,0,0,0 - 0,FT,E,casa,732662,https://www.espn.com/soccer/match/_/gameId/732662/ceara-santos,ESPN,https://www.espn.com/soccer/team/results/_/id/2674/season/2025
2025,Santos,2674,2025-05-18,"Sun, May 18",,Brazilian Serie A,Corinthians,874,Santos,2674,1,0,1 - 0,FT,D,fora,732671,https://www.espn.com/soccer/match/_/gameId/732671/santos-corinthians,ESPN,https://www.espn.com/soccer/team/results/_/id/2674/season/2025
2025,Santos,2674,2025-05-22,"Thu, May 22",,Copa do Brasil,CRB,9970,Santos,2674,0,0,0 - 0 2nd Leg · Tied 1-1 on aggregate · CRB wins 5-4 on Penalty Kicks,FT-Pens,E,fora,735296,https://www.espn.com/soccer/match/_/gameId/735296/santos-crb,ESPN,https://www.espn.com/soccer/team/results/_/id/2674/season/2025
2025,Santos,2674,2025-05-25,"Sun, May 25",,Brazilian Serie A,Vitória,3457,Santos,2674,0,1,0 - 1,FT,V,fora,732682,https://www.espn.com/soccer/match/_/gameId/732682/santos-vitoria,ESPN,https://www.espn.com/soccer/team/results/_/id/2674/season/2025
2025,Santos,2674,2025-06-01,"Sun, Jun 1",,Brazilian Serie A,Santos,2674,Botafogo,6086,0,1,0 - 1,FT,D,casa,732695,https://www.espn.com/soccer/match/_/gameId/732695/botafogo-santos,ESPN,https://www.espn.com/soccer/team/results/_/id/2674/season/2025
2025,Santos,2674,2025-06-12,"Thu, Jun 12",,Brazilian Serie A,Fortaleza,6272,Santos,2674,2,3,2 - 3,FT,V,fora,732703,https://www.espn.com/soccer/match/_/gameId/732703/santos-fortaleza,ESPN,https://www.espn.com/soccer/team/results/_/id/2674/season/2025
2025,Santos,2674,2025-07-16,"Wed, Jul 16",,Brazilian Serie A,Santos,2674,Flamengo,819,1,0,1 - 0,FT,V,casa,732724,https://www.espn.com/soccer/match/_/gameId/732724/flamengo-santos,ESPN,https://www.espn.com/soccer/team/results/_/id/2674/season/2025
2025,Santos,2674,2025-07-19,"Sat, Jul 19",,Brazilian Serie A,Mirassol,9169,Santos,2674,3,0,3 - 0,FT,D,fora,732734,https://www.espn.com/soccer/match/_/gameId/732734/santos-mirassol,ESPN,https://www.espn.com/soccer/team/results/_/id/2674/season/2025
2025,Santos,2674,2025-07-23,"Wed, Jul 23",,Brazilian Serie A,Santos,2674,Internacional,1936,1,2,1 - 2,FT,D,casa,732744,https://www.espn.com/soccer/match/_/gameId/732744/internacional-santos,ESPN,https://www.espn.com/soccer/team/results/_/id/2674/season/2025
2025,Santos,2674,2025-07-26,"Sat, Jul 26",,Brazilian Serie A,Sport,7635,Santos,2674,2,2,2 - 2,FT,E,fora,732755,https://www.espn.com/soccer/match/_/gameId/732755/santos-sport,ESPN,https://www.espn.com/soccer/team/results/_/id/2674/season/2025
2025,Santos,2674,2025-08-04,"Mon, Aug 4",,Brazilian Serie A,Santos,2674,Juventude,6270,3,1,3 - 1,FT,V,casa,732767,https://www.espn.com/soccer/match/_/gameId/732767/juventude-santos,ESPN,https://www.espn.com/soccer/team/results/_/id/2674/season/2025
2025,Santos,2674,2025-08-10,"Sun, Aug 10",,Brazilian Serie A,Cruzeiro,2022,Santos,2674,1,2,1 - 2,FT,V,fora,732771,https://www.espn.com/soccer/match/_/gameId/732771/santos-cruzeiro,ESPN,https://www.espn.com/soccer/team/results/_/id/2674/season/2025
2025,Santos,2674,2025-08-17,"Sun, Aug 17",,Brazilian Serie A,Santos,2674,Vasco da Gama,3454,0,6,0 - 6,FT,D,casa,732787,https://www.espn.com/soccer/match/_/gameId/732787/vasco-da-gama-santos,ESPN,https://www.espn.com/soccer/team/results/_/id/2674/season/2025
2025,Santos,2674,2025-08-24,"Sun, Aug 24",,Brazilian Serie A,Bahia,9967,Santos,2674,2,0,2 - 0,FT,D,fora,732793,https://www.espn.com/soccer/match/_/gameId/732793/santos-bahia,ESPN,https://www.espn.com/soccer/team/results/_/id/2674/season/2025
2025,Santos,2674,2025-08-31,"Sun, Aug 31",,Brazilian Serie A,Santos,2674,Fluminense,3445,0,0,0 - 0,FT,E,casa,732805,https://www.espn.com/soccer/match/_/gameId/732805/fluminense-santos,ESPN,https://www.espn.com/soccer/team/results/_/id/2674/season/2025
2025,Santos,2674,2025-09-14,"Sun, Sep 14",,Brazilian Serie A,Atlético-MG,7632,Santos,2674,1,1,1 - 1,FT,E,fora,732813,https://www.espn.com/soccer/match/_/gameId/732813/santos-atletico-mg,ESPN,https://www.espn.com/soccer/team/results/_/id/2674/season/2025
2025,Santos,2674,2025-09-21,"Sun, Sep 21",,Brazilian Serie A,Santos,2674,São Paulo,2026,1,0,1 - 0,FT,V,casa,732827,https://www.espn.com/soccer/match/_/gameId/732827/sao-paulo-santos,ESPN,https://www.espn.com/soccer/team/results/_/id/2674/season/2025
2025,Santos,2674,2025-09-28,"Sun, Sep 28",,Brazilian Serie A,Red Bull Bragantino,6079,Santos,2674,2,2,2 - 2,FT,E,fora,732835,https://www.espn.com/soccer/match/_/gameId/732835/santos-red-bull-bragantino,ESPN,https://www.espn.com/soccer/team/results/_/id/2674/season/2025
2025,Santos,2674,2025-10-01,"Wed, Oct 1",,Brazilian Serie A,Santos,2674,Grêmio,6273,1,1,1 - 1,FT,E,casa,732847,https://www.espn.com/soccer/match/_/gameId/732847/gremio-santos,ESPN,https://www.espn.com/soccer/team/results/_/id/2674/season/2025
2025,Santos,2674,2025-10-05,"Sun, Oct 5",,Brazilian Serie A,Ceará,9969,Santos,2674,3,0,3 - 0,FT,D,fora,732852,https://www.espn.com/soccer/match/_/gameId/732852/santos-ceara,ESPN,https://www.espn.com/soccer/team/results/_/id/2674/season/2025
2025,Santos,2674,2025-10-15,"Wed, Oct 15",,Brazilian Serie A,Santos,2674,Corinthians,874,3,1,3 - 1,FT,V,casa,732865,https://www.espn.com/soccer/match/_/gameId/732865/corinthians-santos,ESPN,https://www.espn.com/soccer/team/results/_/id/2674/season/2025
2025,Santos,2674,2025-10-20,"Mon, Oct 20",,Brazilian Serie A,Santos,2674,Vitória,3457,0,1,0 - 1,FT,D,casa,732870,https://www.espn.com/soccer/match/_/gameId/732870/vitoria-santos,ESPN,https://www.espn.com/soccer/team/results/_/id/2674/season/2025
2025,Santos,2674,2025-10-26,"Sun, Oct 26",,Brazilian Serie A,Botafogo,6086,Santos,2674,2,2,2 - 2,FT,E,fora,732887,https://www.espn.com/soccer/match/_/gameId/732887/santos-botafogo,ESPN,https://www.espn.com/soccer/team/results/_/id/2674/season/2025
2025,Santos,2674,2025-11-01,"Sat, Nov 1",,Brazilian Serie A,Santos,2674,Fortaleza,6272,1,1,1 - 1,FT,E,casa,732893,https://www.espn.com/soccer/match/_/gameId/732893/fortaleza-santos,ESPN,https://www.espn.com/soccer/team/results/_/id/2674/season/2025
2025,Santos,2674,2025-11-06,"Thu, Nov 6",,Brazilian Serie A,Palmeiras,2029,Santos,2674,2,0,2 - 0,FT,D,fora,732909,https://www.espn.com/soccer/match/_/gameId/732909/santos-palmeiras,ESPN,https://www.espn.com/soccer/team/results/_/id/2674/season/2025
2025,Santos,2674,2025-11-09,"Sun, Nov 9",,Brazilian Serie A,Flamengo,819,Santos,2674,3,2,3 - 2,FT,D,fora,732915,https://www.espn.com/soccer/match/_/gameId/732915/santos-flamengo,ESPN,https://www.espn.com/soccer/team/results/_/id/2674/season/2025
2025,Santos,2674,2025-11-15,"Sat, Nov 15",,Brazilian Serie A,Santos,2674,Palmeiras,2029,1,0,1 - 0,FT,V,casa,732713,https://www.espn.com/soccer/match/_/gameId/732713/palmeiras-santos,ESPN,https://www.espn.com/soccer/team/results/_/id/2674/season/2025
2025,Santos,2674,2025-11-19,"Wed, Nov 19",,Brazilian Serie A,Santos,2674,Mirassol,9169,1,1,1 - 1,FT,E,casa,732924,https://www.espn.com/soccer/match/_/gameId/732924/mirassol-santos,ESPN,https://www.espn.com/soccer/team/results/_/id/2674/season/2025
2025,Santos,2674,2025-11-24,"Mon, Nov 24",,Brazilian Serie A,Internacional,1936,Santos,2674,1,1,1 - 1,FT,E,fora,732933,https://www.espn.com/soccer/match/_/gameId/732933/santos-internacional,ESPN,https://www.espn.com/soccer/team/results/_/id/2674/season/2025
2025,Santos,2674,2025-11-28,"Fri, Nov 28",,Brazilian Serie A,Santos,2674,Sport,7635,3,0,3 - 0,FT,V,casa,732947,https://www.espn.com/soccer/match/_/gameId/732947/sport-santos,ESPN,https://www.espn.com/soccer/team/results/_/id/2674/season/2025
2025,Santos,2674,2025-12-03,"Wed, Dec 3",,Brazilian Serie A,Juventude,6270,Santos,2674,0,3,0 - 3,FT,V,fora,732959,https://www.espn.com/soccer/match/_/gameId/732959/santos-juventude,ESPN,https://www.espn.com/soccer/team/results/_/id/2674/season/2025
2025,Santos,2674,2025-12-07,"Sun, Dec 7",,Brazilian Serie A,Santos,2674,Cruzeiro,2022,3,0,3 - 0,FT,V,casa,732965,https://www.espn.com/soccer/match/_/gameId/732965/cruzeiro-santos,ESPN,https://www.espn.com/soccer/team/results/_/id/2674/season/2025
2025,Sport,7635,2025-01-22,"Wed, Jan 22",,Copa do Nordeste,Ferroviário,21901,Sport,7635,1,2,1 - 2,FT,V,fora,730903,https://www.espn.com/soccer/match/_/gameId/730903/sport-ferroviario,ESPN,https://www.espn.com/soccer/team/results/_/id/7635/season/2025
2025,Sport,7635,2025-02-04,"Tue, Feb 4",,Copa do Nordeste,Sport,7635,Fortaleza,6272,0,2,0 - 2,FT,D,casa,730907,https://www.espn.com/soccer/match/_/gameId/730907/fortaleza-sport,ESPN,https://www.espn.com/soccer/team/results/_/id/7635/season/2025
2025,Sport,7635,2025-02-11,"Tue, Feb 11",,Copa do Nordeste,Sousa EC,15561,Sport,7635,1,2,1 - 2,FT,V,fora,730918,https://www.espn.com/soccer/match/_/gameId/730918/sport-sousa-ec,ESPN,https://www.espn.com/soccer/team/results/_/id/7635/season/2025
2025,Sport,7635,2025-02-19,"Wed, Feb 19",,Copa do Nordeste,Sport,7635,Moto Club,4908,5,0,5 - 0,FT,V,casa,730929,https://www.espn.com/soccer/match/_/gameId/730929/moto-club-sport,ESPN,https://www.espn.com/soccer/team/results/_/id/7635/season/2025
2025,Sport,7635,2025-02-25,"Tue, Feb 25",,Copa do Brasil,CEOV Operário,20699,Sport,7635,0,0,0 - 0 CEOV Operário wins 4-2 on Penalty Kicks,FT-Pens,E,fora,732310,https://www.espn.com/soccer/match/_/gameId/732310/sport-ceov-operario,ESPN,https://www.espn.com/soccer/team/results/_/id/7635/season/2025
2025,Sport,7635,2025-03-05,"Wed, Mar 5",,Copa do Nordeste,Sport,7635,CRB,9970,2,1,2 - 1,FT,V,casa,730936,https://www.espn.com/soccer/match/_/gameId/730936/crb-sport,ESPN,https://www.espn.com/soccer/team/results/_/id/7635/season/2025
2025,Sport,7635,2025-03-19,"Wed, Mar 19",,Copa do Nordeste,Vitória,3457,Sport,7635,1,0,1 - 0,FT,D,fora,730945,https://www.espn.com/soccer/match/_/gameId/730945/sport-vitoria,ESPN,https://www.espn.com/soccer/team/results/_/id/7635/season/2025
2025,Sport,7635,2025-03-26,"Wed, Mar 26",,Copa do Nordeste,Sport,7635,Altos,18433,0,1,0 - 1,FT,D,casa,730953,https://www.espn.com/soccer/match/_/gameId/730953/altos-sport,ESPN,https://www.espn.com/soccer/team/results/_/id/7635/season/2025
2025,Sport,7635,2025-03-29,"Sat, Mar 29",,Brazilian Serie A,São Paulo,2026,Sport,7635,0,0,0 - 0,FT,E,fora,732598,https://www.espn.com/soccer/match/_/gameId/732598/sport-sao-paulo,ESPN,https://www.espn.com/soccer/team/results/_/id/7635/season/2025
2025,Sport,7635,2025-04-06,"Sun, Apr 6",,Brazilian Serie A,Sport,7635,Palmeiras,2029,1,2,1 - 2,FT,D,casa,732603,https://www.espn.com/soccer/match/_/gameId/732603/palmeiras-sport,ESPN,https://www.espn.com/soccer/team/results/_/id/7635/season/2025
2025,Sport,7635,2025-04-12,"Sat, Apr 12",,Brazilian Serie A,Vasco da Gama,3454,Sport,7635,3,1,3 - 1,FT,D,fora,732614,https://www.espn.com/soccer/match/_/gameId/732614/sport-vasco-da-gama,ESPN,https://www.espn.com/soccer/team/results/_/id/7635/season/2025
2025,Sport,7635,2025-04-16,"Wed, Apr 16",,Brazilian Serie A,Sport,7635,Red Bull Bragantino,6079,0,1,0 - 1,FT,D,casa,732626,https://www.espn.com/soccer/match/_/gameId/732626/red-bull-bragantino-sport,ESPN,https://www.espn.com/soccer/team/results/_/id/7635/season/2025
2025,Sport,7635,2025-04-19,"Sat, Apr 19",,Brazilian Serie A,Corinthians,874,Sport,7635,2,1,2 - 1,FT,D,fora,732639,https://www.espn.com/soccer/match/_/gameId/732639/sport-corinthians,ESPN,https://www.espn.com/soccer/team/results/_/id/7635/season/2025
2025,Sport,7635,2025-04-26,"Sat, Apr 26",,Brazilian Serie A,Sport,7635,Fortaleza,6272,0,0,0 - 0,FT,E,casa,732645,https://www.espn.com/soccer/match/_/gameId/732645/fortaleza-sport,ESPN,https://www.espn.com/soccer/team/results/_/id/7635/season/2025
2025,Sport,7635,2025-05-03,"Sat, May 3",,Brazilian Serie A,Fluminense,3445,Sport,7635,2,1,2 - 1,FT,D,fora,732657,https://www.espn.com/soccer/match/_/gameId/732657/sport-fluminense,ESPN,https://www.espn.com/soccer/team/results/_/id/7635/season/2025
2025,Sport,7635,2025-05-11,"Sun, May 11",,Brazilian Serie A,Sport,7635,Cruzeiro,2022,0,4,0 - 4,FT,D,casa,732661,https://www.espn.com/soccer/match/_/gameId/732661/cruzeiro-sport,ESPN,https://www.espn.com/soccer/team/results/_/id/7635/season/2025
2025,Sport,7635,2025-05-17,"Sat, May 17",,Brazilian Serie A,Ceará,9969,Sport,7635,2,0,2 - 0,FT,D,fora,732672,https://www.espn.com/soccer/match/_/gameId/732672/sport-ceara,ESPN,https://www.espn.com/soccer/team/results/_/id/7635/season/2025
2025,Sport,7635,2025-05-25,"Sun, May 25",,Brazilian Serie A,Sport,7635,Internacional,1936,1,1,1 - 1,FT,E,casa,732684,https://www.espn.com/soccer/match/_/gameId/732684/internacional-sport,ESPN,https://www.espn.com/soccer/team/results/_/id/7635/season/2025
2025,Sport,7635,2025-06-01,"Sun, Jun 1",,Brazilian Serie A,Mirassol,9169,Sport,7635,1,0,1 - 0,FT,D,fora,732699,https://www.espn.com/soccer/match/_/gameId/732699/sport-mirassol,ESPN,https://www.espn.com/soccer/team/results/_/id/7635/season/2025
2025,Sport,7635,2025-07-09,"Wed, Jul 9",,Copa do Nordeste,Sport,7635,Ceará,9969,0,0,0 - 0 Ceará wins 4-2 on Penalty Kicks,FT-Pens,E,casa,735079,https://www.espn.com/soccer/match/_/gameId/735079/ceara-sport,ESPN,https://www.espn.com/soccer/team/results/_/id/7635/season/2025
2025,Sport,7635,2025-07-14,"Mon, Jul 14",,Brazilian Serie A,Juventude,6270,Sport,7635,2,0,2 - 0,FT,D,fora,732715,https://www.espn.com/soccer/match/_/gameId/732715/sport-juventude,ESPN,https://www.espn.com/soccer/team/results/_/id/7635/season/2025
2025,Sport,7635,2025-07-20,"Sun, Jul 20",,Brazilian Serie A,Sport,7635,Botafogo,6086,0,1,0 - 1,FT,D,casa,732738,https://www.espn.com/soccer/match/_/gameId/732738/botafogo-sport,ESPN,https://www.espn.com/soccer/team/results/_/id/7635/season/2025
2025,Sport,7635,2025-07-23,"Wed, Jul 23",,Brazilian Serie A,Vitória,3457,Sport,7635,2,2,2 - 2,FT,E,fora,732742,https://www.espn.com/soccer/match/_/gameId/732742/sport-vitoria,ESPN,https://www.espn.com/soccer/team/results/_/id/7635/season/2025
2025,Sport,7635,2025-07-26,"Sat, Jul 26",,Brazilian Serie A,Sport,7635,Santos,2674,2,2,2 - 2,FT,E,casa,732755,https://www.espn.com/soccer/match/_/gameId/732755/santos-sport,ESPN,https://www.espn.com/soccer/team/results/_/id/7635/season/2025
2025,Sport,7635,2025-08-02,"Sat, Aug 2",,Brazilian Serie A,Sport,7635,Bahia,9967,0,0,0 - 0,FT,E,casa,732768,https://www.espn.com/soccer/match/_/gameId/732768/bahia-sport,ESPN,https://www.espn.com/soccer/team/results/_/id/7635/season/2025
2025,Sport,7635,2025-08-10,"Sun, Aug 10",,Brazilian Serie A,Grêmio,6273,Sport,7635,0,1,0 - 1,FT,V,fora,732774,https://www.espn.com/soccer/match/_/gameId/732774/sport-gremio,ESPN,https://www.espn.com/soccer/team/results/_/id/7635/season/2025
2025,Sport,7635,2025-08-16,"Sat, Aug 16",,Brazilian Serie A,Sport,7635,São Paulo,2026,2,2,2 - 2,FT,E,casa,732788,https://www.espn.com/soccer/match/_/gameId/732788/sao-paulo-sport,ESPN,https://www.espn.com/soccer/team/results/_/id/7635/season/2025
2025,Sport,7635,2025-08-25,"Mon, Aug 25",,Brazilian Serie A,Palmeiras,2029,Sport,7635,3,0,3 - 0,FT,D,fora,732798,https://www.espn.com/soccer/match/_/gameId/732798/sport-palmeiras,ESPN,https://www.espn.com/soccer/team/results/_/id/7635/season/2025
2025,Sport,7635,2025-08-31,"Sun, Aug 31",,Brazilian Serie A,Sport,7635,Vasco da Gama,3454,2,3,2 - 3,FT,D,casa,732809,https://www.espn.com/soccer/match/_/gameId/732809/vasco-da-gama-sport,ESPN,https://www.espn.com/soccer/team/results/_/id/7635/season/2025
2025,Sport,7635,2025-09-14,"Sun, Sep 14",,Brazilian Serie A,Red Bull Bragantino,6079,Sport,7635,1,1,1 - 1,FT,E,fora,732817,https://www.espn.com/soccer/match/_/gameId/732817/sport-red-bull-bragantino,ESPN,https://www.espn.com/soccer/team/results/_/id/7635/season/2025
2025,Sport,7635,2025-09-21,"Sun, Sep 21",,Brazilian Serie A,Sport,7635,Corinthians,874,1,0,1 - 0,FT,V,casa,732826,https://www.espn.com/soccer/match/_/gameId/732826/corinthians-sport,ESPN,https://www.espn.com/soccer/team/results/_/id/7635/season/2025
2025,Sport,7635,2025-09-27,"Sat, Sep 27",,Brazilian Serie A,Fortaleza,6272,Sport,7635,1,0,1 - 0,FT,D,fora,732838,https://www.espn.com/soccer/match/_/gameId/732838/sport-fortaleza,ESPN,https://www.espn.com/soccer/team/results/_/id/7635/season/2025
2025,Sport,7635,2025-10-01,"Wed, Oct 1",,Brazilian Serie A,Sport,7635,Fluminense,3445,2,2,2 - 2,FT,E,casa,732848,https://www.espn.com/soccer/match/_/gameId/732848/fluminense-sport,ESPN,https://www.espn.com/soccer/team/results/_/id/7635/season/2025
2025,Sport,7635,2025-10-05,"Sun, Oct 5",,Brazilian Serie A,Cruzeiro,2022,Sport,7635,1,1,1 - 1,FT,E,fora,732850,https://www.espn.com/soccer/match/_/gameId/732850/sport-cruzeiro,ESPN,https://www.espn.com/soccer/team/results/_/id/7635/season/2025
2025,Sport,7635,2025-10-08,"Wed, Oct 8",,Brazilian Serie A,Atlético-MG,7632,Sport,7635,3,1,3 - 1,FT,D,fora,732720,https://www.espn.com/soccer/match/_/gameId/732720/sport-atletico-mg,ESPN,https://www.espn.com/soccer/team/results/_/id/7635/season/2025
2025,Sport,7635,2025-10-15,"Wed, Oct 15",,Brazilian Serie A,Sport,7635,Ceará,9969,1,1,1 - 1,FT,E,casa,732869,https://www.espn.com/soccer/match/_/gameId/732869/ceara-sport,ESPN,https://www.espn.com/soccer/team/results/_/id/7635/season/2025
2025,Sport,7635,2025-10-19,"Sun, Oct 19",,Brazilian Serie A,Internacional,1936,Sport,7635,2,0,2 - 0,FT,D,fora,732873,https://www.espn.com/soccer/match/_/gameId/732873/sport-internacional,ESPN,https://www.espn.com/soccer/team/results/_/id/7635/season/2025
2025,Sport,7635,2025-10-25,"Sat, Oct 25",,Brazilian Serie A,Sport,7635,Mirassol,9169,1,2,1 - 2,FT,D,casa,732881,https://www.espn.com/soccer/match/_/gameId/732881/mirassol-sport,ESPN,https://www.espn.com/soccer/team/results/_/id/7635/season/2025
2025,Sport,7635,2025-11-01,"Sat, Nov 1",,Brazilian Serie A,Flamengo,819,Sport,7635,3,0,3 - 0,FT,D,fora,732897,https://www.espn.com/soccer/match/_/gameId/732897/sport-flamengo,ESPN,https://www.espn.com/soccer/team/results/_/id/7635/season/2025
2025,Sport,7635,2025-11-05,"Wed, Nov 5",,Brazilian Serie A,Sport,7635,Juventude,6270,0,2,0 - 2,FT,D,casa,732902,https://www.espn.com/soccer/match/_/gameId/732902/juventude-sport,ESPN,https://www.espn.com/soccer/team/results/_/id/7635/season/2025
2025,Sport,7635,2025-11-08,"Sat, Nov 8",,Brazilian Serie A,Sport,7635,Atlético-MG,7632,2,4,2 - 4,FT,D,casa,732919,https://www.espn.com/soccer/match/_/gameId/732919/atletico-mg-sport,ESPN,https://www.espn.com/soccer/team/results/_/id/7635/season/2025
2025,Sport,7635,2025-11-15,"Sat, Nov 15",,Brazilian Serie A,Sport,7635,Flamengo,819,1,5,1 - 5,FT,D,casa,732707,https://www.espn.com/soccer/match/_/gameId/732707/flamengo-sport,ESPN,https://www.espn.com/soccer/team/results/_/id/7635/season/2025
2025,Sport,7635,2025-11-18,"Tue, Nov 18",,Brazilian Serie A,Botafogo,6086,Sport,7635,3,2,3 - 2,FT,D,fora,732927,https://www.espn.com/soccer/match/_/gameId/732927/sport-botafogo,ESPN,https://www.espn.com/soccer/team/results/_/id/7635/season/2025
2025,Sport,7635,2025-11-23,"Sun, Nov 23",,Brazilian Serie A,Sport,7635,Vitória,3457,1,3,1 - 3,FT,D,casa,732930,https://www.espn.com/soccer/match/_/gameId/732930/vitoria-sport,ESPN,https://www.espn.com/soccer/team/results/_/id/7635/season/2025
2025,Sport,7635,2025-11-28,"Fri, Nov 28",,Brazilian Serie A,Santos,2674,Sport,7635,3,0,3 - 0,FT,D,fora,732947,https://www.espn.com/soccer/match/_/gameId/732947/sport-santos,ESPN,https://www.espn.com/soccer/team/results/_/id/7635/season/2025
2025,Sport,7635,2025-12-03,"Wed, Dec 3",,Brazilian Serie A,Bahia,9967,Sport,7635,2,0,2 - 0,FT,D,fora,732953,https://www.espn.com/soccer/match/_/gameId/732953/sport-bahia,ESPN,https://www.espn.com/soccer/team/results/_/id/7635/season/2025
2025,Sport,7635,2025-12-07,"Sun, Dec 7",,Brazilian Serie A,Sport,7635,Grêmio,6273,0,4,0 - 4,FT,D,casa,732969,https://www.espn.com/soccer/match/_/gameId/732969/gremio-sport,ESPN,https://www.espn.com/soccer/team/results/_/id/7635/season/2025
2025,São Paulo,2026,2025-01-20,"Mon, Jan 20",,Brazilian Campeonato Paulista,Botafogo-SP,10281,São Paulo,2026,0,0,0 - 0,FT,E,fora,724081,https://www.espn.com/soccer/match/_/gameId/724081/sao-paulo-botafogo-sp,ESPN,https://www.espn.com/soccer/team/results/_/id/2026/season/2025
2025,São Paulo,2026,2025-01-23,"Thu, Jan 23",,Brazilian Campeonato Paulista,São Paulo,2026,Guarani,3448,1,0,1 - 0,FT,V,casa,724087,https://www.espn.com/soccer/match/_/gameId/724087/guarani-sao-paulo,ESPN,https://www.espn.com/soccer/team/results/_/id/2026/season/2025
2025,São Paulo,2026,2025-01-26,"Sun, Jan 26",,Brazilian Campeonato Paulista,São Paulo,2026,Corinthians,874,3,1,3 - 1,FT,V,casa,724099,https://www.espn.com/soccer/match/_/gameId/724099/corinthians-sao-paulo,ESPN,https://www.espn.com/soccer/team/results/_/id/2026/season/2025
2025,São Paulo,2026,2025-01-29,"Wed, Jan 29",,Brazilian Campeonato Paulista,Portuguesa,4773,São Paulo,2026,1,2,1 - 2,FT,V,fora,724102,https://www.espn.com/soccer/match/_/gameId/724102/sao-paulo-portuguesa,ESPN,https://www.espn.com/soccer/team/results/_/id/2026/season/2025
2025,São Paulo,2026,2025-02-01,"Sat, Feb 1",,Brazilian Campeonato Paulista,Santos,2674,São Paulo,2026,3,1,3 - 1,FT,D,fora,724108,https://www.espn.com/soccer/match/_/gameId/724108/sao-paulo-santos,ESPN,https://www.espn.com/soccer/team/results/_/id/2026/season/2025
2025,São Paulo,2026,2025-02-05,"Wed, Feb 5",,Brazilian Campeonato Paulista,São Paulo,2026,Mirassol,9169,4,1,4 - 1,FT,V,casa,724120,https://www.espn.com/soccer/match/_/gameId/724120/mirassol-sao-paulo,ESPN,https://www.espn.com/soccer/team/results/_/id/2026/season/2025
2025,São Paulo,2026,2025-02-08,"Sat, Feb 8",,Brazilian Campeonato Paulista,Red Bull Bragantino,6079,São Paulo,2026,1,0,1 - 0,FT,D,fora,724126,https://www.espn.com/soccer/match/_/gameId/724126/sao-paulo-red-bull-bragantino,ESPN,https://www.espn.com/soccer/team/results/_/id/2026/season/2025
2025,São Paulo,2026,2025-02-10,"Mon, Feb 10",,Brazilian Campeonato Paulista,São Paulo,2026,Inter de Limeira,18963,0,0,0 - 0,FT,E,casa,724068,https://www.espn.com/soccer/match/_/gameId/724068/inter-de-limeira-sao-paulo,ESPN,https://www.espn.com/soccer/team/results/_/id/2026/season/2025
2025,São Paulo,2026,2025-02-13,"Thu, Feb 13",,Brazilian Campeonato Paulista,São Paulo,2026,AE Velo Clube,22487,3,3,3 - 3,FT,E,casa,724132,https://www.espn.com/soccer/match/_/gameId/724132/ae-velo-clube-sao-paulo,ESPN,https://www.espn.com/soccer/team/results/_/id/2026/season/2025
2025,São Paulo,2026,2025-02-16,"Sun, Feb 16",,Brazilian Campeonato Paulista,Palmeiras,2029,São Paulo,2026,0,0,0 - 0,FT,E,fora,724141,https://www.espn.com/soccer/match/_/gameId/724141/sao-paulo-palmeiras,ESPN,https://www.espn.com/soccer/team/results/_/id/2026/season/2025
2025,São Paulo,2026,2025-02-19,"Wed, Feb 19",,Brazilian Campeonato Paulista,São Paulo,2026,Ponte Preta,3459,1,2,1 - 2,FT,D,casa,724150,https://www.espn.com/soccer/match/_/gameId/724150/ponte-preta-sao-paulo,ESPN,https://www.espn.com/soccer/team/results/_/id/2026/season/2025
2025,São Paulo,2026,2025-02-23,"Sun, Feb 23",,Brazilian Campeonato Paulista,São Bernardo,11268,São Paulo,2026,1,3,1 - 3,FT,V,fora,724163,https://www.espn.com/soccer/match/_/gameId/724163/sao-paulo-sao-bernardo,ESPN,https://www.espn.com/soccer/team/results/_/id/2026/season/2025
2025,São Paulo,2026,2025-03-03,"Mon, Mar 3",,Brazilian Campeonato Paulista,São Paulo,2026,Novorizontino,18127,1,0,1 - 0,FT,V,casa,733700,https://www.espn.com/soccer/match/_/gameId/733700/novorizontino-sao-paulo,ESPN,https://www.espn.com/soccer/team/results/_/id/2026/season/2025
2025,São Paulo,2026,2025-03-10,"Mon, Mar 10",,Brazilian Campeonato Paulista,Palmeiras,2029,São Paulo,2026,1,0,1 - 0,FT,D,fora,733962,https://www.espn.com/soccer/match/_/gameId/733962/sao-paulo-palmeiras,ESPN,https://www.espn.com/soccer/team/results/_/id/2026/season/2025
2025,São Paulo,2026,2025-03-29,"Sat, Mar 29",,Brazilian Serie A,São Paulo,2026,Sport,7635,0,0,0 - 0,FT,E,casa,732598,https://www.espn.com/soccer/match/_/gameId/732598/sport-sao-paulo,ESPN,https://www.espn.com/soccer/team/results/_/id/2026/season/2025
2025,São Paulo,2026,2025-04-02,"Wed, Apr 2",,CONMEBOL Libertadores,Talleres (Córdoba),19,São Paulo,2026,0,1,0 - 1,FT,V,fora,734781,https://www.espn.com/soccer/match/_/gameId/734781/sao-paulo-talleres-cordoba,ESPN,https://www.espn.com/soccer/team/results/_/id/2026/season/2025
2025,São Paulo,2026,2025-04-06,"Sun, Apr 6",,Brazilian Serie A,Atlético-MG,7632,São Paulo,2026,0,0,0 - 0,FT,E,fora,732608,https://www.espn.com/soccer/match/_/gameId/732608/sao-paulo-atletico-mg,ESPN,https://www.espn.com/soccer/team/results/_/id/2026/season/2025
2025,São Paulo,2026,2025-04-10,"Thu, Apr 10",,CONMEBOL Libertadores,São Paulo,2026,Alianza Lima,2680,2,2,2 - 2,FT,E,casa,734793,https://www.espn.com/soccer/match/_/gameId/734793/alianza-lima-sao-paulo,ESPN,https://www.espn.com/soccer/team/results/_/id/2026/season/2025
2025,São Paulo,2026,2025-04-13,"Sun, Apr 13",,Brazilian Serie A,São Paulo,2026,Cruzeiro,2022,1,1,1 - 1,FT,E,casa,732611,https://www.espn.com/soccer/match/_/gameId/732611/cruzeiro-sao-paulo,ESPN,https://www.espn.com/soccer/team/results/_/id/2026/season/2025
2025,São Paulo,2026,2025-04-16,"Wed, Apr 16",,Brazilian Serie A,Botafogo,6086,São Paulo,2026,2,2,2 - 2,FT,E,fora,732623,https://www.espn.com/soccer/match/_/gameId/732623/sao-paulo-botafogo,ESPN,https://www.espn.com/soccer/team/results/_/id/2026/season/2025
2025,São Paulo,2026,2025-04-20,"Sun, Apr 20",,Brazilian Serie A,São Paulo,2026,Santos,2674,2,1,2 - 1,FT,V,casa,732633,https://www.espn.com/soccer/match/_/gameId/732633/santos-sao-paulo,ESPN,https://www.espn.com/soccer/team/results/_/id/2026/season/2025
2025,São Paulo,2026,2025-04-23,"Wed, Apr 23",,CONMEBOL Libertadores,Libertad,2670,São Paulo,2026,0,2,0 - 2,FT,V,fora,734810,https://www.espn.com/soccer/match/_/gameId/734810/sao-paulo-libertad,ESPN,https://www.espn.com/soccer/team/results/_/id/2026/season/2025
2025,São Paulo,2026,2025-04-26,"Sat, Apr 26",,Brazilian Serie A,Ceará,9969,São Paulo,2026,1,1,1 - 1,FT,E,fora,732648,https://www.espn.com/soccer/match/_/gameId/732648/sao-paulo-ceara,ESPN,https://www.espn.com/soccer/team/results/_/id/2026/season/2025
2025,São Paulo,2026,2025-04-29,"Tue, Apr 29",,Copa do Brasil,São Paulo,2026,Náutico,7633,2,1,2 - 1 1st Leg,FT,V,casa,735280,https://www.espn.com/soccer/match/_/gameId/735280/nautico-sao-paulo,ESPN,https://www.espn.com/soccer/team/results/_/id/2026/season/2025
2025,São Paulo,2026,2025-05-02,"Fri, May 2",,Brazilian Serie A,São Paulo,2026,Fortaleza,6272,0,0,0 - 0,FT,E,casa,732653,https://www.espn.com/soccer/match/_/gameId/732653/fortaleza-sao-paulo,ESPN,https://www.espn.com/soccer/team/results/_/id/2026/season/2025
2025,São Paulo,2026,2025-05-06,"Tue, May 6",,CONMEBOL Libertadores,Alianza Lima,2680,São Paulo,2026,0,2,0 - 2,FT,V,fora,734817,https://www.espn.com/soccer/match/_/gameId/734817/sao-paulo-alianza-lima,ESPN,https://www.espn.com/soccer/team/results/_/id/2026/season/2025
2025,São Paulo,2026,2025-05-11,"Sun, May 11",,Brazilian Serie A,Palmeiras,2029,São Paulo,2026,1,0,1 - 0,FT,D,fora,732663,https://www.espn.com/soccer/match/_/gameId/732663/sao-paulo-palmeiras,ESPN,https://www.espn.com/soccer/team/results/_/id/2026/season/2025
2025,São Paulo,2026,2025-05-14,"Wed, May 14",,CONMEBOL Libertadores,São Paulo,2026,Libertad,2670,1,1,1 - 1,FT,E,casa,734837,https://www.espn.com/soccer/match/_/gameId/734837/libertad-sao-paulo,ESPN,https://www.espn.com/soccer/team/results/_/id/2026/season/2025
2025,São Paulo,2026,2025-05-17,"Sat, May 17",,Brazilian Serie A,São Paulo,2026,Grêmio,6273,2,1,2 - 1,FT,V,casa,732676,https://www.espn.com/soccer/match/_/gameId/732676/gremio-sao-paulo,ESPN,https://www.espn.com/soccer/team/results/_/id/2026/season/2025
2025,São Paulo,2026,2025-05-20,"Tue, May 20",,Copa do Brasil,Náutico,7633,São Paulo,2026,1,2,1 - 2 2nd Leg · São Paulo wins 4-2 on aggregate,FT,V,fora,735290,https://www.espn.com/soccer/match/_/gameId/735290/sao-paulo-nautico,ESPN,https://www.espn.com/soccer/team/results/_/id/2026/season/2025
2025,São Paulo,2026,2025-05-24,"Sat, May 24",,Brazilian Serie A,São Paulo,2026,Mirassol,9169,0,2,0 - 2,FT,D,casa,732683,https://www.espn.com/soccer/match/_/gameId/732683/mirassol-sao-paulo,ESPN,https://www.espn.com/soccer/team/results/_/id/2026/season/2025
2025,São Paulo,2026,2025-05-27,"Tue, May 27",,CONMEBOL Libertadores,São Paulo,2026,Talleres (Córdoba),19,2,1,2 - 1,FT,V,casa,734860,https://www.espn.com/soccer/match/_/gameId/734860/talleres-cordoba-sao-paulo,ESPN,https://www.espn.com/soccer/team/results/_/id/2026/season/2025
2025,São Paulo,2026,2025-05-31,"Sat, May 31",,Brazilian Serie A,Bahia,9967,São Paulo,2026,2,1,2 - 1,FT,D,fora,732690,https://www.espn.com/soccer/match/_/gameId/732690/sao-paulo-bahia,ESPN,https://www.espn.com/soccer/team/results/_/id/2026/season/2025
2025,São Paulo,2026,2025-06-12,"Thu, Jun 12",,Brazilian Serie A,São Paulo,2026,Vasco da Gama,3454,1,3,1 - 3,FT,D,casa,732708,https://www.espn.com/soccer/match/_/gameId/732708/vasco-da-gama-sao-paulo,ESPN,https://www.espn.com/soccer/team/results/_/id/2026/season/2025
2025,São Paulo,2026,2025-07-12,"Sat, Jul 12",,Brazilian Serie A,Flamengo,819,São Paulo,2026,2,0,2 - 0,FT,D,fora,732710,https://www.espn.com/soccer/match/_/gameId/732710/sao-paulo-flamengo,ESPN,https://www.espn.com/soccer/team/results/_/id/2026/season/2025
2025,São Paulo,2026,2025-07-16,"Wed, Jul 16",,Brazilian Serie A,Red Bull Bragantino,6079,São Paulo,2026,2,2,2 - 2,FT,E,fora,732721,https://www.espn.com/soccer/match/_/gameId/732721/sao-paulo-red-bull-bragantino,ESPN,https://www.espn.com/soccer/team/results/_/id/2026/season/2025
2025,São Paulo,2026,2025-07-19,"Sat, Jul 19",,Brazilian Serie A,São Paulo,2026,Corinthians,874,2,0,2 - 0,FT,V,casa,732737,https://www.espn.com/soccer/match/_/gameId/732737/corinthians-sao-paulo,ESPN,https://www.espn.com/soccer/team/results/_/id/2026/season/2025
2025,São Paulo,2026,2025-07-24,"Thu, Jul 24",,Brazilian Serie A,Juventude,6270,São Paulo,2026,0,1,0 - 1,FT,V,fora,732746,https://www.espn.com/soccer/match/_/gameId/732746/sao-paulo-juventude,ESPN,https://www.espn.com/soccer/team/results/_/id/2026/season/2025
2025,São Paulo,2026,2025-07-27,"Sun, Jul 27",,Brazilian Serie A,São Paulo,2026,Fluminense,3445,3,1,3 - 1,FT,V,casa,732754,https://www.espn.com/soccer/match/_/gameId/732754/fluminense-sao-paulo,ESPN,https://www.espn.com/soccer/team/results/_/id/2026/season/2025
2025,São Paulo,2026,2025-07-31,"Thu, Jul 31",,Copa do Brasil,São Paulo,2026,Athletico Paranaense,3458,2,1,2 - 1 1st Leg,FT,V,casa,736504,https://www.espn.com/soccer/match/_/gameId/736504/athletico-paranaense-sao-paulo,ESPN,https://www.espn.com/soccer/team/results/_/id/2026/season/2025
2025,São Paulo,2026,2025-08-03,"Sun, Aug 3",,Brazilian Serie A,Internacional,1936,São Paulo,2026,1,2,1 - 2,FT,V,fora,732765,https://www.espn.com/soccer/match/_/gameId/732765/sao-paulo-internacional,ESPN,https://www.espn.com/soccer/team/results/_/id/2026/season/2025
2025,São Paulo,2026,2025-08-06,"Wed, Aug 6",,Copa do Brasil,Athletico Paranaense,3458,São Paulo,2026,1,0,1 - 0 2nd Leg · Tied 2-2 on aggregate · Athletico Paranaense wins on Away Goals,FT-Pens,D,fora,736508,https://www.espn.com/soccer/match/_/gameId/736508/sao-paulo-athletico-paranaense,ESPN,https://www.espn.com/soccer/team/results/_/id/2026/season/2025
2025,São Paulo,2026,2025-08-09,"Sat, Aug 9",,Brazilian Serie A,São Paulo,2026,Vitória,3457,2,0,2 - 0,FT,V,casa,732778,https://www.espn.com/soccer/match/_/gameId/732778/vitoria-sao-paulo,ESPN,https://www.espn.com/soccer/team/results/_/id/2026/season/2025
2025,São Paulo,2026,2025-08-12,"Tue, Aug 12",,CONMEBOL Libertadores,Atlético Nacional,5264,São Paulo,2026,0,0,0 - 0 1st Leg,FT,E,fora,736519,https://www.espn.com/soccer/match/_/gameId/736519/sao-paulo-atletico-nacional,ESPN,https://www.espn.com/soccer/team/results/_/id/2026/season/2025
2025,São Paulo,2026,2025-08-16,"Sat, Aug 16",,Brazilian Serie A,Sport,7635,São Paulo,2026,2,2,2 - 2,FT,E,fora,732788,https://www.espn.com/soccer/match/_/gameId/732788/sao-paulo-sport,ESPN,https://www.espn.com/soccer/team/results/_/id/2026/season/2025
2025,São Paulo,2026,2025-08-19,"Tue, Aug 19",,CONMEBOL Libertadores,São Paulo,2026,Atlético Nacional,5264,1,1,1 - 1 2nd Leg · Tied 1-1 on aggregate · São Paulo wins 4-3 on Penalty Kicks,FT-Pens,E,casa,736527,https://www.espn.com/soccer/match/_/gameId/736527/atletico-nacional-sao-paulo,ESPN,https://www.espn.com/soccer/team/results/_/id/2026/season/2025
2025,São Paulo,2026,2025-08-24,"Sun, Aug 24",,Brazilian Serie A,São Paulo,2026,Atlético-MG,7632,2,0,2 - 0,FT,V,casa,732796,https://www.espn.com/soccer/match/_/gameId/732796/atletico-mg-sao-paulo,ESPN,https://www.espn.com/soccer/team/results/_/id/2026/season/2025
2025,São Paulo,2026,2025-08-30,"Sat, Aug 30",,Brazilian Serie A,Cruzeiro,2022,São Paulo,2026,1,0,1 - 0,FT,D,fora,732803,https://www.espn.com/soccer/match/_/gameId/732803/sao-paulo-cruzeiro,ESPN,https://www.espn.com/soccer/team/results/_/id/2026/season/2025
2025,São Paulo,2026,2025-09-14,"Sun, Sep 14",,Brazilian Serie A,São Paulo,2026,Botafogo,6086,1,0,1 - 0,FT,V,casa,732818,https://www.espn.com/soccer/match/_/gameId/732818/botafogo-sao-paulo,ESPN,https://www.espn.com/soccer/team/results/_/id/2026/season/2025
2025,São Paulo,2026,2025-09-18,"Thu, Sep 18",,CONMEBOL Libertadores,Liga de Quito,4816,São Paulo,2026,2,0,2 - 0 1st Leg,FT,D,fora,757079,https://www.espn.com/soccer/match/_/gameId/757079/sao-paulo-liga-de-quito,ESPN,https://www.espn.com/soccer/team/results/_/id/2026/season/2025
2025,São Paulo,2026,2025-09-21,"Sun, Sep 21",,Brazilian Serie A,Santos,2674,São Paulo,2026,1,0,1 - 0,FT,D,fora,732827,https://www.espn.com/soccer/match/_/gameId/732827/sao-paulo-santos,ESPN,https://www.espn.com/soccer/team/results/_/id/2026/season/2025
2025,São Paulo,2026,2025-09-25,"Thu, Sep 25",,CONMEBOL Libertadores,São Paulo,2026,Liga de Quito,4816,0,1,0 - 1 2nd Leg,FT,D,casa,757082,https://www.espn.com/soccer/match/_/gameId/757082/liga-de-quito-sao-paulo,ESPN,https://www.espn.com/soccer/team/results/_/id/2026/season/2025
2025,São Paulo,2026,2025-09-29,"Mon, Sep 29",,Brazilian Serie A,São Paulo,2026,Ceará,9969,0,1,0 - 1,FT,D,casa,732839,https://www.espn.com/soccer/match/_/gameId/732839/ceara-sao-paulo,ESPN,https://www.espn.com/soccer/team/results/_/id/2026/season/2025
2025,São Paulo,2026,2025-10-02,"Thu, Oct 2",,Brazilian Serie A,Fortaleza,6272,São Paulo,2026,0,2,0 - 2,FT,V,fora,732840,https://www.espn.com/soccer/match/_/gameId/732840/sao-paulo-fortaleza,ESPN,https://www.espn.com/soccer/team/results/_/id/2026/season/2025
2025,São Paulo,2026,2025-10-05,"Sun, Oct 5",,Brazilian Serie A,São Paulo,2026,Palmeiras,2029,2,3,2 - 3,FT,D,casa,732856,https://www.espn.com/soccer/match/_/gameId/732856/palmeiras-sao-paulo,ESPN,https://www.espn.com/soccer/team/results/_/id/2026/season/2025
2025,São Paulo,2026,2025-10-16,"Thu, Oct 16",,Brazilian Serie A,Grêmio,6273,São Paulo,2026,2,0,2 - 0,FT,D,fora,732868,https://www.espn.com/soccer/match/_/gameId/732868/sao-paulo-gremio,ESPN,https://www.espn.com/soccer/team/results/_/id/2026/season/2025
2025,São Paulo,2026,2025-10-19,"Sun, Oct 19",,Brazilian Serie A,Mirassol,9169,São Paulo,2026,3,0,3 - 0,FT,D,fora,732871,https://www.espn.com/soccer/match/_/gameId/732871/sao-paulo-mirassol,ESPN,https://www.espn.com/soccer/team/results/_/id/2026/season/2025
2025,São Paulo,2026,2025-10-25,"Sat, Oct 25",,Brazilian Serie A,São Paulo,2026,Bahia,9967,2,0,2 - 0,FT,V,casa,732880,https://www.espn.com/soccer/match/_/gameId/732880/bahia-sao-paulo,ESPN,https://www.espn.com/soccer/team/results/_/id/2026/season/2025
2025,São Paulo,2026,2025-11-02,"Sun, Nov 2",,Brazilian Serie A,Vasco da Gama,3454,São Paulo,2026,0,2,0 - 2,FT,V,fora,732892,https://www.espn.com/soccer/match/_/gameId/732892/sao-paulo-vasco-da-gama,ESPN,https://www.espn.com/soccer/team/results/_/id/2026/season/2025
2025,São Paulo,2026,2025-11-05,"Wed, Nov 5",,Brazilian Serie A,São Paulo,2026,Flamengo,819,2,2,2 - 2,FT,E,casa,732901,https://www.espn.com/soccer/match/_/gameId/732901/flamengo-sao-paulo,ESPN,https://www.espn.com/soccer/team/results/_/id/2026/season/2025
2025,São Paulo,2026,2025-11-08,"Sat, Nov 8",,Brazilian Serie A,São Paulo,2026,Red Bull Bragantino,6079,0,1,0 - 1,FT,D,casa,732911,https://www.espn.com/soccer/match/_/gameId/732911/red-bull-bragantino-sao-paulo,ESPN,https://www.espn.com/soccer/team/results/_/id/2026/season/2025
2025,São Paulo,2026,2025-11-20,"Thu, Nov 20",,Brazilian Serie A,Corinthians,874,São Paulo,2026,3,1,3 - 1,FT,D,fora,732925,https://www.espn.com/soccer/match/_/gameId/732925/sao-paulo-corinthians,ESPN,https://www.espn.com/soccer/team/results/_/id/2026/season/2025
2025,São Paulo,2026,2025-11-23,"Sun, Nov 23",,Brazilian Serie A,São Paulo,2026,Juventude,6270,2,1,2 - 1,FT,V,casa,732939,https://www.espn.com/soccer/match/_/gameId/732939/juventude-sao-paulo,ESPN,https://www.espn.com/soccer/team/results/_/id/2026/season/2025
2025,São Paulo,2026,2025-11-27,"Thu, Nov 27",,Brazilian Serie A,Fluminense,3445,São Paulo,2026,6,0,6 - 0,FT,D,fora,732940,https://www.espn.com/soccer/match/_/gameId/732940/sao-paulo-fluminense,ESPN,https://www.espn.com/soccer/team/results/_/id/2026/season/2025
2025,São Paulo,2026,2025-12-03,"Wed, Dec 3",,Brazilian Serie A,São Paulo,2026,Internacional,1936,3,0,3 - 0,FT,V,casa,732956,https://www.espn.com/soccer/match/_/gameId/732956/internacional-sao-paulo,ESPN,https://www.espn.com/soccer/team/results/_/id/2026/season/2025
2025,São Paulo,2026,2025-12-07,"Sun, Dec 7",,Brazilian Serie A,Vitória,3457,São Paulo,2026,1,0,1 - 0,FT,D,fora,732964,https://www.espn.com/soccer/match/_/gameId/732964/sao-paulo-vitoria,ESPN,https://www.espn.com/soccer/team/results/_/id/2026/season/2025
2025,Vasco da Gama,3454,2025-01-11,"Sat, Jan 11",,Brazilian Campeonato Carioca,Nova Iguaçu,6087,Vasco da Gama,3454,1,1,1 - 1,FT,E,fora,723811,https://www.espn.com/soccer/match/_/gameId/723811/vasco-da-gama-nova-iguacu,ESPN,https://www.espn.com/soccer/team/results/_/id/3454/season/2025
2025,Vasco da Gama,3454,2025-01-16,"Thu, Jan 16",,Brazilian Campeonato Carioca,Vasco da Gama,3454,Bangu,10265,0,0,0 - 0,FT,E,casa,723817,https://www.espn.com/soccer/match/_/gameId/723817/bangu-vasco-da-gama,ESPN,https://www.espn.com/soccer/team/results/_/id/3454/season/2025
2025,Vasco da Gama,3454,2025-01-19,"Sun, Jan 19",,Brazilian Campeonato Carioca,Boavista,900,Vasco da Gama,3454,1,1,1 - 1,FT,E,fora,723823,https://www.espn.com/soccer/match/_/gameId/723823/vasco-da-gama-boavista,ESPN,https://www.espn.com/soccer/team/results/_/id/3454/season/2025
2025,Vasco da Gama,3454,2025-01-23,"Thu, Jan 23",,Brazilian Campeonato Carioca,Vasco da Gama,3454,Madureira,4786,2,0,2 - 0,FT,V,casa,723830,https://www.espn.com/soccer/match/_/gameId/723830/madureira-vasco-da-gama,ESPN,https://www.espn.com/soccer/team/results/_/id/3454/season/2025
2025,Vasco da Gama,3454,2025-01-26,"Sun, Jan 26",,Brazilian Campeonato Carioca,Vasco da Gama,3454,Portuguesa-RJ,18134,4,1,4 - 1,FT,V,casa,723833,https://www.espn.com/soccer/match/_/gameId/723833/portuguesa-rj-vasco-da-gama,ESPN,https://www.espn.com/soccer/team/results/_/id/3454/season/2025
2025,Vasco da Gama,3454,2025-01-29,"Wed, Jan 29",,Brazilian Campeonato Carioca,Maricá,21387,Vasco da Gama,3454,0,1,0 - 1,FT,V,fora,723838,https://www.espn.com/soccer/match/_/gameId/723838/vasco-da-gama-marica,ESPN,https://www.espn.com/soccer/team/results/_/id/3454/season/2025
2025,Vasco da Gama,3454,2025-02-01,"Sat, Feb 1",,Brazilian Campeonato Carioca,Vasco da Gama,3454,Volta Redonda,4806,2,2,2 - 2,FT,E,casa,723848,https://www.espn.com/soccer/match/_/gameId/723848/volta-redonda-vasco-da-gama,ESPN,https://www.espn.com/soccer/team/results/_/id/3454/season/2025
2025,Vasco da Gama,3454,2025-02-05,"Wed, Feb 5",,Brazilian Campeonato Carioca,Vasco da Gama,3454,Fluminense,3445,1,2,1 - 2,FT,D,casa,723853,https://www.espn.com/soccer/match/_/gameId/723853/fluminense-vasco-da-gama,ESPN,https://www.espn.com/soccer/team/results/_/id/3454/season/2025
2025,Vasco da Gama,3454,2025-02-10,"Mon, Feb 10",,Brazilian Campeonato Carioca,Sampaio Correa RJ,20855,Vasco da Gama,3454,0,0,0 - 0,FT,E,fora,723859,https://www.espn.com/soccer/match/_/gameId/723859/vasco-da-gama-sampaio-correa-rj,ESPN,https://www.espn.com/soccer/team/results/_/id/3454/season/2025
2025,Vasco da Gama,3454,2025-02-15,"Sat, Feb 15",,Brazilian Campeonato Carioca,Flamengo,819,Vasco da Gama,3454,2,0,2 - 0,FT,D,fora,723863,https://www.espn.com/soccer/match/_/gameId/723863/vasco-da-gama-flamengo,ESPN,https://www.espn.com/soccer/team/results/_/id/3454/season/2025
2025,Vasco da Gama,3454,2025-02-18,"Tue, Feb 18",,Copa do Brasil,União Rondonópolis-MT,4881,Vasco da Gama,3454,0,3,0 - 3,FT,V,fora,732334,https://www.espn.com/soccer/match/_/gameId/732334/vasco-da-gama-uniao-rondonopolis-mt,ESPN,https://www.espn.com/soccer/team/results/_/id/3454/season/2025
2025,Vasco da Gama,3454,2025-02-23,"Sun, Feb 23",,Brazilian Campeonato Carioca,Vasco da Gama,3454,Botafogo,6086,1,0,1 - 0,FT,V,casa,723872,https://www.espn.com/soccer/match/_/gameId/723872/botafogo-vasco-da-gama,ESPN,https://www.espn.com/soccer/team/results/_/id/3454/season/2025
2025,Vasco da Gama,3454,2025-03-01,"Sat, Mar 1",,Brazilian Campeonato Carioca,Vasco da Gama,3454,Flamengo,819,0,1,0 - 1 1st Leg,FT,D,casa,733677,https://www.espn.com/soccer/match/_/gameId/733677/flamengo-vasco-da-gama,ESPN,https://www.espn.com/soccer/team/results/_/id/3454/season/2025
2025,Vasco da Gama,3454,2025-03-05,"Wed, Mar 5",,Copa do Brasil,Nova Iguaçu,6087,Vasco da Gama,3454,0,3,0 - 3,FT,V,fora,733192,https://www.espn.com/soccer/match/_/gameId/733192/vasco-da-gama-nova-iguacu,ESPN,https://www.espn.com/soccer/team/results/_/id/3454/season/2025
2025,Vasco da Gama,3454,2025-03-08,"Sat, Mar 8",,Brazilian Campeonato Carioca,Flamengo,819,Vasco da Gama,3454,2,1,2 - 1 2nd Leg · Flamengo wins 3-1 on aggregate,FT,D,fora,733679,https://www.espn.com/soccer/match/_/gameId/733679/vasco-da-gama-flamengo,ESPN,https://www.espn.com/soccer/team/results/_/id/3454/season/2025
2025,Vasco da Gama,3454,2025-03-30,"Sun, Mar 30",,Brazilian Serie A,Vasco da Gama,3454,Santos,2674,2,1,2 - 1,FT,V,casa,732594,https://www.espn.com/soccer/match/_/gameId/732594/santos-vasco-da-gama,ESPN,https://www.espn.com/soccer/team/results/_/id/3454/season/2025
2025,Vasco da Gama,3454,2025-04-02,"Wed, Apr 2",,CONMEBOL Sudamericana,Melgar,7312,Vasco da Gama,3454,3,3,3 - 3,FT,E,fora,734674,https://www.espn.com/soccer/match/_/gameId/734674/vasco-da-gama-melgar,ESPN,https://www.espn.com/soccer/team/results/_/id/3454/season/2025
2025,Vasco da Gama,3454,2025-04-05,"Sat, Apr 5",,Brazilian Serie A,Corinthians,874,Vasco da Gama,3454,3,0,3 - 0,FT,D,fora,732600,https://www.espn.com/soccer/match/_/gameId/732600/vasco-da-gama-corinthians,ESPN,https://www.espn.com/soccer/team/results/_/id/3454/season/2025
2025,Vasco da Gama,3454,2025-04-08,"Tue, Apr 8",,CONMEBOL Sudamericana,Vasco da Gama,3454,Academia Puerto Cabello,18995,1,0,1 - 0,FT,V,casa,734690,https://www.espn.com/soccer/match/_/gameId/734690/academia-puerto-cabello-vasco-da-gama,ESPN,https://www.espn.com/soccer/team/results/_/id/3454/season/2025
2025,Vasco da Gama,3454,2025-04-12,"Sat, Apr 12",,Brazilian Serie A,Vasco da Gama,3454,Sport,7635,3,1,3 - 1,FT,V,casa,732614,https://www.espn.com/soccer/match/_/gameId/732614/sport-vasco-da-gama,ESPN,https://www.espn.com/soccer/team/results/_/id/3454/season/2025
2025,Vasco da Gama,3454,2025-04-15,"Tue, Apr 15",,Brazilian Serie A,Ceará,9969,Vasco da Gama,3454,2,1,2 - 1,FT,D,fora,732622,https://www.espn.com/soccer/match/_/gameId/732622/vasco-da-gama-ceara,ESPN,https://www.espn.com/soccer/team/results/_/id/3454/season/2025
2025,Vasco da Gama,3454,2025-04-19,"Sat, Apr 19",,Brazilian Serie A,Vasco da Gama,3454,Flamengo,819,0,0,0 - 0,FT,E,casa,732632,https://www.espn.com/soccer/match/_/gameId/732632/flamengo-vasco-da-gama,ESPN,https://www.espn.com/soccer/team/results/_/id/3454/season/2025
2025,Vasco da Gama,3454,2025-04-22,"Tue, Apr 22",,CONMEBOL Sudamericana,Vasco da Gama,3454,Lanús,12,0,0,0 - 0,FT,E,casa,734719,https://www.espn.com/soccer/match/_/gameId/734719/lanus-vasco-da-gama,ESPN,https://www.espn.com/soccer/team/results/_/id/3454/season/2025
2025,Vasco da Gama,3454,2025-04-27,"Sun, Apr 27",,Brazilian Serie A,Cruzeiro,2022,Vasco da Gama,3454,1,0,1 - 0,FT,D,fora,732647,https://www.espn.com/soccer/match/_/gameId/732647/vasco-da-gama-cruzeiro,ESPN,https://www.espn.com/soccer/team/results/_/id/3454/season/2025
2025,Vasco da Gama,3454,2025-05-01,"Thu, May 1",,Copa do Brasil,Operário PR,18187,Vasco da Gama,3454,1,1,1 - 1 1st Leg,FT,E,fora,735276,https://www.espn.com/soccer/match/_/gameId/735276/vasco-da-gama-operario-pr,ESPN,https://www.espn.com/soccer/team/results/_/id/3454/season/2025
2025,Vasco da Gama,3454,2025-05-04,"Sun, May 4",,Brazilian Serie A,Vasco da Gama,3454,Palmeiras,2029,0,1,0 - 1,FT,D,casa,732652,https://www.espn.com/soccer/match/_/gameId/732652/palmeiras-vasco-da-gama,ESPN,https://www.espn.com/soccer/team/results/_/id/3454/season/2025
2025,Vasco da Gama,3454,2025-05-07,"Wed, May 7",,CONMEBOL Sudamericana,Academia Puerto Cabello,18995,Vasco da Gama,3454,4,1,4 - 1,FT,D,fora,734727,https://www.espn.com/soccer/match/_/gameId/734727/vasco-da-gama-academia-puerto-cabello,ESPN,https://www.espn.com/soccer/team/results/_/id/3454/season/2025
2025,Vasco da Gama,3454,2025-05-10,"Sat, May 10",,Brazilian Serie A,Vitória,3457,Vasco da Gama,3454,2,1,2 - 1,FT,D,fora,732664,https://www.espn.com/soccer/match/_/gameId/732664/vasco-da-gama-vitoria,ESPN,https://www.espn.com/soccer/team/results/_/id/3454/season/2025
2025,Vasco da Gama,3454,2025-05-13,"Tue, May 13",,CONMEBOL Sudamericana,Lanús,12,Vasco da Gama,3454,1,0,1 - 0,FT,D,fora,734750,https://www.espn.com/soccer/match/_/gameId/734750/vasco-da-gama-lanus,ESPN,https://www.espn.com/soccer/team/results/_/id/3454/season/2025
2025,Vasco da Gama,3454,2025-05-17,"Sat, May 17",,Brazilian Serie A,Vasco da Gama,3454,Fortaleza,6272,3,0,3 - 0,FT,V,casa,732675,https://www.espn.com/soccer/match/_/gameId/732675/fortaleza-vasco-da-gama,ESPN,https://www.espn.com/soccer/team/results/_/id/3454/season/2025
2025,Vasco da Gama,3454,2025-05-20,"Tue, May 20",,Copa do Brasil,Vasco da Gama,3454,Operário PR,18187,1,1,1 - 1 2nd Leg · Tied 2-2 on aggregate · Vasco da Gama wins 7-6 on Penalty Kicks,FT-Pens,E,casa,735287,https://www.espn.com/soccer/match/_/gameId/735287/operario-pr-vasco-da-gama,ESPN,https://www.espn.com/soccer/team/results/_/id/3454/season/2025
2025,Vasco da Gama,3454,2025-05-24,"Sat, May 24",,Brazilian Serie A,Fluminense,3445,Vasco da Gama,3454,2,1,2 - 1,FT,D,fora,732689,https://www.espn.com/soccer/match/_/gameId/732689/vasco-da-gama-fluminense,ESPN,https://www.espn.com/soccer/team/results/_/id/3454/season/2025
2025,Vasco da Gama,3454,2025-05-27,"Tue, May 27",,CONMEBOL Sudamericana,Vasco da Gama,3454,Melgar,7312,3,0,3 - 0,FT,V,casa,734754,https://www.espn.com/soccer/match/_/gameId/734754/melgar-vasco-da-gama,ESPN,https://www.espn.com/soccer/team/results/_/id/3454/season/2025
2025,Vasco da Gama,3454,2025-05-31,"Sat, May 31",,Brazilian Serie A,Vasco da Gama,3454,Red Bull Bragantino,6079,0,2,0 - 2,FT,D,casa,732694,https://www.espn.com/soccer/match/_/gameId/732694/red-bull-bragantino-vasco-da-gama,ESPN,https://www.espn.com/soccer/team/results/_/id/3454/season/2025
2025,Vasco da Gama,3454,2025-06-12,"Thu, Jun 12",,Brazilian Serie A,São Paulo,2026,Vasco da Gama,3454,1,3,1 - 3,FT,V,fora,732708,https://www.espn.com/soccer/match/_/gameId/732708/vasco-da-gama-sao-paulo,ESPN,https://www.espn.com/soccer/team/results/_/id/3454/season/2025
2025,Vasco da Gama,3454,2025-07-12,"Sat, Jul 12",,Brazilian Serie A,Vasco da Gama,3454,Botafogo,6086,0,2,0 - 2,FT,D,casa,732712,https://www.espn.com/soccer/match/_/gameId/732712/botafogo-vasco-da-gama,ESPN,https://www.espn.com/soccer/team/results/_/id/3454/season/2025
2025,Vasco da Gama,3454,2025-07-15,"Tue, Jul 15",,CONMEBOL Sudamericana,Independiente del Valle,17086,Vasco da Gama,3454,4,0,4 - 0 1st Leg,FT,D,fora,736251,https://www.espn.com/soccer/match/_/gameId/736251/vasco-da-gama-independiente-del-valle,ESPN,https://www.espn.com/soccer/team/results/_/id/3454/season/2025
2025,Vasco da Gama,3454,2025-07-19,"Sat, Jul 19",,Brazilian Serie A,Vasco da Gama,3454,Grêmio,6273,1,1,1 - 1,FT,E,casa,732736,https://www.espn.com/soccer/match/_/gameId/732736/gremio-vasco-da-gama,ESPN,https://www.espn.com/soccer/team/results/_/id/3454/season/2025
2025,Vasco da Gama,3454,2025-07-22,"Tue, Jul 22",,CONMEBOL Sudamericana,Vasco da Gama,3454,Independiente del Valle,17086,1,1,1 - 1 2nd Leg · Independiente del Valle wins 5-1 on aggregate,FT,E,casa,736265,https://www.espn.com/soccer/match/_/gameId/736265/independiente-del-valle-vasco-da-gama,ESPN,https://www.espn.com/soccer/team/results/_/id/3454/season/2025
2025,Vasco da Gama,3454,2025-07-27,"Sun, Jul 27",,Brazilian Serie A,Internacional,1936,Vasco da Gama,3454,1,1,1 - 1,FT,E,fora,732752,https://www.espn.com/soccer/match/_/gameId/732752/vasco-da-gama-internacional,ESPN,https://www.espn.com/soccer/team/results/_/id/3454/season/2025
2025,Vasco da Gama,3454,2025-07-30,"Wed, Jul 30",,Copa do Brasil,CSA,7531,Vasco da Gama,3454,0,0,0 - 0 1st Leg,FT,E,fora,736500,https://www.espn.com/soccer/match/_/gameId/736500/vasco-da-gama-csa,ESPN,https://www.espn.com/soccer/team/results/_/id/3454/season/2025
2025,Vasco da Gama,3454,2025-08-02,"Sat, Aug 2",,Brazilian Serie A,Mirassol,9169,Vasco da Gama,3454,3,2,3 - 2,FT,D,fora,732766,https://www.espn.com/soccer/match/_/gameId/732766/vasco-da-gama-mirassol,ESPN,https://www.espn.com/soccer/team/results/_/id/3454/season/2025
2025,Vasco da Gama,3454,2025-08-07,"Thu, Aug 7",,Copa do Brasil,Vasco da Gama,3454,CSA,7531,3,1,3 - 1 2nd Leg · Vasco da Gama wins 3-1 on aggregate,FT,V,casa,736515,https://www.espn.com/soccer/match/_/gameId/736515/csa-vasco-da-gama,ESPN,https://www.espn.com/soccer/team/results/_/id/3454/season/2025
2025,Vasco da Gama,3454,2025-08-10,"Sun, Aug 10",,Brazilian Serie A,Vasco da Gama,3454,Atlético-MG,7632,1,1,1 - 1,FT,E,casa,732779,https://www.espn.com/soccer/match/_/gameId/732779/atletico-mg-vasco-da-gama,ESPN,https://www.espn.com/soccer/team/results/_/id/3454/season/2025
2025,Vasco da Gama,3454,2025-08-17,"Sun, Aug 17",,Brazilian Serie A,Santos,2674,Vasco da Gama,3454,0,6,0 - 6,FT,V,fora,732787,https://www.espn.com/soccer/match/_/gameId/732787/vasco-da-gama-santos,ESPN,https://www.espn.com/soccer/team/results/_/id/3454/season/2025
2025,Vasco da Gama,3454,2025-08-20,"Wed, Aug 20",,Brazilian Serie A,Juventude,6270,Vasco da Gama,3454,2,0,2 - 0,FT,D,fora,732723,https://www.espn.com/soccer/match/_/gameId/732723/vasco-da-gama-juventude,ESPN,https://www.espn.com/soccer/team/results/_/id/3454/season/2025
2025,Vasco da Gama,3454,2025-08-24,"Sun, Aug 24",,Brazilian Serie A,Vasco da Gama,3454,Corinthians,874,2,3,2 - 3,FT,D,casa,732795,https://www.espn.com/soccer/match/_/gameId/732795/corinthians-vasco-da-gama,ESPN,https://www.espn.com/soccer/team/results/_/id/3454/season/2025
2025,Vasco da Gama,3454,2025-08-27,"Wed, Aug 27",,Copa do Brasil,Vasco da Gama,3454,Botafogo,6086,1,1,1 - 1 1st Leg,FT,E,casa,755892,https://www.espn.com/soccer/match/_/gameId/755892/botafogo-vasco-da-gama,ESPN,https://www.espn.com/soccer/team/results/_/id/3454/season/2025
2025,Vasco da Gama,3454,2025-08-31,"Sun, Aug 31",,Brazilian Serie A,Sport,7635,Vasco da Gama,3454,2,3,2 - 3,FT,V,fora,732809,https://www.espn.com/soccer/match/_/gameId/732809/vasco-da-gama-sport,ESPN,https://www.espn.com/soccer/team/results/_/id/3454/season/2025
2025,Vasco da Gama,3454,2025-09-11,"Thu, Sep 11",,Copa do Brasil,Botafogo,6086,Vasco da Gama,3454,1,1,1 - 1 2nd Leg · Tied 2-2 on aggregate · Vasco da Gama wins 5-3 on Penalty Kicks,FT-Pens,E,fora,755897,https://www.espn.com/soccer/match/_/gameId/755897/vasco-da-gama-botafogo,ESPN,https://www.espn.com/soccer/team/results/_/id/3454/season/2025
2025,Vasco da Gama,3454,2025-09-14,"Sun, Sep 14",,Brazilian Serie A,Vasco da Gama,3454,Ceará,9969,2,2,2 - 2,FT,E,casa,732814,https://www.espn.com/soccer/match/_/gameId/732814/ceara-vasco-da-gama,ESPN,https://www.espn.com/soccer/team/results/_/id/3454/season/2025
2025,Vasco da Gama,3454,2025-09-21,"Sun, Sep 21",,Brazilian Serie A,Flamengo,819,Vasco da Gama,3454,1,1,1 - 1,FT,E,fora,732820,https://www.espn.com/soccer/match/_/gameId/732820/vasco-da-gama-flamengo,ESPN,https://www.espn.com/soccer/team/results/_/id/3454/season/2025
2025,Vasco da Gama,3454,2025-09-24,"Wed, Sep 24",,Brazilian Serie A,Vasco da Gama,3454,Bahia,9967,3,1,3 - 1,FT,V,casa,732743,https://www.espn.com/soccer/match/_/gameId/732743/bahia-vasco-da-gama,ESPN,https://www.espn.com/soccer/team/results/_/id/3454/season/2025
2025,Vasco da Gama,3454,2025-09-27,"Sat, Sep 27",,Brazilian Serie A,Vasco da Gama,3454,Cruzeiro,2022,2,0,2 - 0,FT,V,casa,732834,https://www.espn.com/soccer/match/_/gameId/732834/cruzeiro-vasco-da-gama,ESPN,https://www.espn.com/soccer/team/results/_/id/3454/season/2025
2025,Vasco da Gama,3454,2025-10-01,"Wed, Oct 1",,Brazilian Serie A,Palmeiras,2029,Vasco da Gama,3454,3,0,3 - 0,FT,D,fora,732846,https://www.espn.com/soccer/match/_/gameId/732846/vasco-da-gama-palmeiras,ESPN,https://www.espn.com/soccer/team/results/_/id/3454/season/2025
2025,Vasco da Gama,3454,2025-10-05,"Sun, Oct 5",,Brazilian Serie A,Vasco da Gama,3454,Vitória,3457,4,3,4 - 3,FT,V,casa,732855,https://www.espn.com/soccer/match/_/gameId/732855/vitoria-vasco-da-gama,ESPN,https://www.espn.com/soccer/team/results/_/id/3454/season/2025
2025,Vasco da Gama,3454,2025-10-15,"Wed, Oct 15",,Brazilian Serie A,Fortaleza,6272,Vasco da Gama,3454,0,2,0 - 2,FT,V,fora,732863,https://www.espn.com/soccer/match/_/gameId/732863/vasco-da-gama-fortaleza,ESPN,https://www.espn.com/soccer/team/results/_/id/3454/season/2025
2025,Vasco da Gama,3454,2025-10-20,"Mon, Oct 20",,Brazilian Serie A,Vasco da Gama,3454,Fluminense,3445,2,0,2 - 0,FT,V,casa,732874,https://www.espn.com/soccer/match/_/gameId/732874/fluminense-vasco-da-gama,ESPN,https://www.espn.com/soccer/team/results/_/id/3454/season/2025
2025,Vasco da Gama,3454,2025-10-26,"Sun, Oct 26",,Brazilian Serie A,Red Bull Bragantino,6079,Vasco da Gama,3454,0,3,0 - 3,FT,V,fora,732882,https://www.espn.com/soccer/match/_/gameId/732882/vasco-da-gama-red-bull-bragantino,ESPN,https://www.espn.com/soccer/team/results/_/id/3454/season/2025
2025,Vasco da Gama,3454,2025-11-02,"Sun, Nov 2",,Brazilian Serie A,Vasco da Gama,3454,São Paulo,2026,0,2,0 - 2,FT,D,casa,732892,https://www.espn.com/soccer/match/_/gameId/732892/sao-paulo-vasco-da-gama,ESPN,https://www.espn.com/soccer/team/results/_/id/3454/season/2025
2025,Vasco da Gama,3454,2025-11-05,"Wed, Nov 5",,Brazilian Serie A,Botafogo,6086,Vasco da Gama,3454,3,0,3 - 0,FT,D,fora,732908,https://www.espn.com/soccer/match/_/gameId/732908/vasco-da-gama-botafogo,ESPN,https://www.espn.com/soccer/team/results/_/id/3454/season/2025
2025,Vasco da Gama,3454,2025-11-08,"Sat, Nov 8",,Brazilian Serie A,Vasco da Gama,3454,Juventude,6270,1,3,1 - 3,FT,D,casa,732910,https://www.espn.com/soccer/match/_/gameId/732910/juventude-vasco-da-gama,ESPN,https://www.espn.com/soccer/team/results/_/id/3454/season/2025
2025,Vasco da Gama,3454,2025-11-19,"Wed, Nov 19",,Brazilian Serie A,Grêmio,6273,Vasco da Gama,3454,2,0,2 - 0,FT,D,fora,732923,https://www.espn.com/soccer/match/_/gameId/732923/vasco-da-gama-gremio,ESPN,https://www.espn.com/soccer/team/results/_/id/3454/season/2025
2025,Vasco da Gama,3454,2025-11-23,"Sun, Nov 23",,Brazilian Serie A,Bahia,9967,Vasco da Gama,3454,1,0,1 - 0,FT,D,fora,732938,https://www.espn.com/soccer/match/_/gameId/732938/vasco-da-gama-bahia,ESPN,https://www.espn.com/soccer/team/results/_/id/3454/season/2025
2025,Vasco da Gama,3454,2025-11-28,"Fri, Nov 28",,Brazilian Serie A,Vasco da Gama,3454,Internacional,1936,5,1,5 - 1,FT,V,casa,732948,https://www.espn.com/soccer/match/_/gameId/732948/internacional-vasco-da-gama,ESPN,https://www.espn.com/soccer/team/results/_/id/3454/season/2025
2025,Vasco da Gama,3454,2025-12-02,"Tue, Dec 2",,Brazilian Serie A,Vasco da Gama,3454,Mirassol,9169,0,2,0 - 2,FT,D,casa,732955,https://www.espn.com/soccer/match/_/gameId/732955/mirassol-vasco-da-gama,ESPN,https://www.espn.com/soccer/team/results/_/id/3454/season/2025
2025,Vasco da Gama,3454,2025-12-07,"Sun, Dec 7",,Brazilian Serie A,Atlético-MG,7632,Vasco da Gama,3454,5,0,5 - 0,FT,D,fora,732960,https://www.espn.com/soccer/match/_/gameId/732960/vasco-da-gama-atletico-mg,ESPN,https://www.espn.com/soccer/team/results/_/id/3454/season/2025
2025,Vasco da Gama,3454,2025-12-11,"Thu, Dec 11",,Copa do Brasil,Vasco da Gama,3454,Fluminense,3445,2,1,2 - 1 1st Leg,FT,V,casa,760848,https://www.espn.com/soccer/match/_/gameId/760848/fluminense-vasco-da-gama,ESPN,https://www.espn.com/soccer/team/results/_/id/3454/season/2025
2025,Vasco da Gama,3454,2025-12-14,"Sun, Dec 14",,Copa do Brasil,Fluminense,3445,Vasco da Gama,3454,1,0,1 - 0 2nd Leg · Tied 2-2 on aggregate · Fluminense wins 3-4 on Penalty Kicks,FT-Pens,D,fora,760850,https://www.espn.com/soccer/match/_/gameId/760850/vasco-da-gama-fluminense,ESPN,https://www.espn.com/soccer/team/results/_/id/3454/season/2025
2025,Vasco da Gama,3454,2025-12-17,"Wed, Dec 17",,Copa do Brasil,Corinthians,874,Vasco da Gama,3454,0,0,0 - 0 1st Leg,FT,E,fora,763014,https://www.espn.com/soccer/match/_/gameId/763014/vasco-da-gama-corinthians,ESPN,https://www.espn.com/soccer/team/results/_/id/3454/season/2025
2025,Vasco da Gama,3454,2025-12-21,"Sun, Dec 21",,Copa do Brasil,Vasco da Gama,3454,Corinthians,874,1,2,1 - 2 2nd Leg · Corinthians wins 2-1 on aggregate,FT,D,casa,763015,https://www.espn.com/soccer/match/_/gameId/763015/corinthians-vasco-da-gama,ESPN,https://www.espn.com/soccer/team/results/_/id/3454/season/2025
2025,Vitória,3457,2025-01-22,"Wed, Jan 22",,Copa do Nordeste,CRB,9970,Vitória,3457,2,2,2 - 2,FT,E,fora,730902,https://www.espn.com/soccer/match/_/gameId/730902/vitoria-crb,ESPN,https://www.espn.com/soccer/team/results/_/id/3457/season/2025
2025,Vitória,3457,2025-02-04,"Tue, Feb 4",,Copa do Nordeste,Vitória,3457,Sousa EC,15561,1,0,1 - 0,FT,V,casa,730908,https://www.espn.com/soccer/match/_/gameId/730908/sousa-ec-vitoria,ESPN,https://www.espn.com/soccer/team/results/_/id/3457/season/2025
2025,Vitória,3457,2025-02-11,"Tue, Feb 11",,Copa do Nordeste,Vitória,3457,Ferroviário,21901,2,1,2 - 1,FT,V,casa,730919,https://www.espn.com/soccer/match/_/gameId/730919/ferroviario-vitoria,ESPN,https://www.espn.com/soccer/team/results/_/id/3457/season/2025
2025,Vitória,3457,2025-02-19,"Wed, Feb 19",,Copa do Nordeste,Fortaleza,6272,Vitória,3457,1,2,1 - 2,FT,V,fora,730927,https://www.espn.com/soccer/match/_/gameId/730927/vitoria-fortaleza,ESPN,https://www.espn.com/soccer/team/results/_/id/3457/season/2025
2025,Vitória,3457,2025-02-25,"Tue, Feb 25",,Copa do Brasil,Maranhao,9303,Vitória,3457,0,1,0 - 1,FT,V,fora,732317,https://www.espn.com/soccer/match/_/gameId/732317/vitoria-maranhao,ESPN,https://www.espn.com/soccer/team/results/_/id/3457/season/2025
2025,Vitória,3457,2025-03-05,"Wed, Mar 5",,Copa do Nordeste,Vitória,3457,Altos,18433,1,1,1 - 1,FT,E,casa,730937,https://www.espn.com/soccer/match/_/gameId/730937/altos-vitoria,ESPN,https://www.espn.com/soccer/team/results/_/id/3457/season/2025
2025,Vitória,3457,2025-03-12,"Wed, Mar 12",,Copa do Brasil,Vitória,3457,Náutico,7633,0,2,0 - 2,FT,D,casa,733191,https://www.espn.com/soccer/match/_/gameId/733191/nautico-vitoria,ESPN,https://www.espn.com/soccer/team/results/_/id/3457/season/2025
2025,Vitória,3457,2025-03-19,"Wed, Mar 19",,Copa do Nordeste,Vitória,3457,Sport,7635,1,0,1 - 0,FT,V,casa,730945,https://www.espn.com/soccer/match/_/gameId/730945/sport-vitoria,ESPN,https://www.espn.com/soccer/team/results/_/id/3457/season/2025
2025,Vitória,3457,2025-03-26,"Wed, Mar 26",,Copa do Nordeste,Moto Club,4908,Vitória,3457,1,1,1 - 1,FT,E,fora,730951,https://www.espn.com/soccer/match/_/gameId/730951/vitoria-moto-club,ESPN,https://www.espn.com/soccer/team/results/_/id/3457/season/2025
2025,Vitória,3457,2025-03-29,"Sat, Mar 29",,Brazilian Serie A,Juventude,6270,Vitória,3457,2,0,2 - 0,FT,D,fora,732595,https://www.espn.com/soccer/match/_/gameId/732595/vitoria-juventude,ESPN,https://www.espn.com/soccer/team/results/_/id/3457/season/2025
2025,Vitória,3457,2025-04-02,"Wed, Apr 2",,CONMEBOL Sudamericana,Vitória,3457,Universidad Católica (Quito),9283,1,1,1 - 1,FT,E,casa,734683,https://www.espn.com/soccer/match/_/gameId/734683/universidad-catolica-quito-vitoria,ESPN,https://www.espn.com/soccer/team/results/_/id/3457/season/2025
2025,Vitória,3457,2025-04-06,"Sun, Apr 6",,Brazilian Serie A,Vitória,3457,Flamengo,819,1,2,1 - 2,FT,D,casa,732602,https://www.espn.com/soccer/match/_/gameId/732602/flamengo-vitoria,ESPN,https://www.espn.com/soccer/team/results/_/id/3457/season/2025
2025,Vitória,3457,2025-04-10,"Thu, Apr 10",,CONMEBOL Sudamericana,Defensa y Justicia,8950,Vitória,3457,0,0,0 - 0,FT,E,fora,734694,https://www.espn.com/soccer/match/_/gameId/734694/vitoria-defensa-y-justicia,ESPN,https://www.espn.com/soccer/team/results/_/id/3457/season/2025
2025,Vitória,3457,2025-04-13,"Sun, Apr 13",,Brazilian Serie A,Atlético-MG,7632,Vitória,3457,2,2,2 - 2,FT,E,fora,732610,https://www.espn.com/soccer/match/_/gameId/732610/vitoria-atletico-mg,ESPN,https://www.espn.com/soccer/team/results/_/id/3457/season/2025
2025,Vitória,3457,2025-04-16,"Wed, Apr 16",,Brazilian Serie A,Vitória,3457,Fortaleza,6272,2,1,2 - 1,FT,V,casa,732625,https://www.espn.com/soccer/match/_/gameId/732625/fortaleza-vitoria,ESPN,https://www.espn.com/soccer/team/results/_/id/3457/season/2025
2025,Vitória,3457,2025-04-20,"Sun, Apr 20",,Brazilian Serie A,Fluminense,3445,Vitória,3457,1,1,1 - 1,FT,E,fora,732638,https://www.espn.com/soccer/match/_/gameId/732638/vitoria-fluminense,ESPN,https://www.espn.com/soccer/team/results/_/id/3457/season/2025
2025,Vitória,3457,2025-04-23,"Wed, Apr 23",,CONMEBOL Sudamericana,Vitória,3457,Cerro Largo,9902,0,1,0 - 1,FT,D,casa,734720,https://www.espn.com/soccer/match/_/gameId/734720/cerro-largo-vitoria,ESPN,https://www.espn.com/soccer/team/results/_/id/3457/season/2025
2025,Vitória,3457,2025-04-27,"Sun, Apr 27",,Brazilian Serie A,Vitória,3457,Grêmio,6273,1,1,1 - 1,FT,E,casa,732644,https://www.espn.com/soccer/match/_/gameId/732644/gremio-vitoria,ESPN,https://www.espn.com/soccer/team/results/_/id/3457/season/2025
2025,Vitória,3457,2025-05-03,"Sat, May 3",,Brazilian Serie A,Ceará,9969,Vitória,3457,1,0,1 - 0,FT,D,fora,732659,https://www.espn.com/soccer/match/_/gameId/732659/vitoria-ceara,ESPN,https://www.espn.com/soccer/team/results/_/id/3457/season/2025
2025,Vitória,3457,2025-05-06,"Tue, May 6",,CONMEBOL Sudamericana,Vitória,3457,Defensa y Justicia,8950,1,1,1 - 1,FT,E,casa,734722,https://www.espn.com/soccer/match/_/gameId/734722/defensa-y-justicia-vitoria,ESPN,https://www.espn.com/soccer/team/results/_/id/3457/season/2025
2025,Vitória,3457,2025-05-10,"Sat, May 10",,Brazilian Serie A,Vitória,3457,Vasco da Gama,3454,2,1,2 - 1,FT,V,casa,732664,https://www.espn.com/soccer/match/_/gameId/732664/vasco-da-gama-vitoria,ESPN,https://www.espn.com/soccer/team/results/_/id/3457/season/2025
2025,Vitória,3457,2025-05-14,"Wed, May 14",,CONMEBOL Sudamericana,Cerro Largo,9902,Vitória,3457,0,1,0 - 1,FT,V,fora,734740,https://www.espn.com/soccer/match/_/gameId/734740/vitoria-cerro-largo,ESPN,https://www.espn.com/soccer/team/results/_/id/3457/season/2025
2025,Vitória,3457,2025-05-18,"Sun, May 18",,Brazilian Serie A,Bahia,9967,Vitória,3457,2,1,2 - 1,FT,D,fora,732673,https://www.espn.com/soccer/match/_/gameId/732673/vitoria-bahia,ESPN,https://www.espn.com/soccer/team/results/_/id/3457/season/2025
2025,Vitória,3457,2025-05-25,"Sun, May 25",,Brazilian Serie A,Vitória,3457,Santos,2674,0,1,0 - 1,FT,D,casa,732682,https://www.espn.com/soccer/match/_/gameId/732682/santos-vitoria,ESPN,https://www.espn.com/soccer/team/results/_/id/3457/season/2025
2025,Vitória,3457,2025-05-28,"Wed, May 28",,CONMEBOL Sudamericana,Universidad Católica (Quito),9283,Vitória,3457,1,0,1 - 0,FT,D,fora,734761,https://www.espn.com/soccer/match/_/gameId/734761/vitoria-universidad-catolica-quito,ESPN,https://www.espn.com/soccer/team/results/_/id/3457/season/2025
2025,Vitória,3457,2025-06-01,"Sun, Jun 1",,Brazilian Serie A,Corinthians,874,Vitória,3457,0,0,0 - 0,FT,E,fora,732697,https://www.espn.com/soccer/match/_/gameId/732697/vitoria-corinthians,ESPN,https://www.espn.com/soccer/team/results/_/id/3457/season/2025
2025,Vitória,3457,2025-06-12,"Thu, Jun 12",,Brazilian Serie A,Vitória,3457,Cruzeiro,2022,0,0,0 - 0,FT,E,casa,732704,https://www.espn.com/soccer/match/_/gameId/732704/cruzeiro-vitoria,ESPN,https://www.espn.com/soccer/team/results/_/id/3457/season/2025
2025,Vitória,3457,2025-07-08,"Tue, Jul 8",,Copa do Nordeste,Vitória,3457,Confiança,4875,0,1,0 - 1,FT,D,casa,735077,https://www.espn.com/soccer/match/_/gameId/735077/confianca-vitoria,ESPN,https://www.espn.com/soccer/team/results/_/id/3457/season/2025
2025,Vitória,3457,2025-07-12,"Sat, Jul 12",,Brazilian Serie A,Internacional,1936,Vitória,3457,1,0,1 - 0,FT,D,fora,732716,https://www.espn.com/soccer/match/_/gameId/732716/vitoria-internacional,ESPN,https://www.espn.com/soccer/team/results/_/id/3457/season/2025
2025,Vitória,3457,2025-07-16,"Wed, Jul 16",,Brazilian Serie A,Botafogo,6086,Vitória,3457,0,0,0 - 0,FT,E,fora,732727,https://www.espn.com/soccer/match/_/gameId/732727/vitoria-botafogo,ESPN,https://www.espn.com/soccer/team/results/_/id/3457/season/2025
2025,Vitória,3457,2025-07-20,"Sun, Jul 20",,Brazilian Serie A,Vitória,3457,Red Bull Bragantino,6079,1,0,1 - 0,FT,V,casa,732735,https://www.espn.com/soccer/match/_/gameId/732735/red-bull-bragantino-vitoria,ESPN,https://www.espn.com/soccer/team/results/_/id/3457/season/2025
2025,Vitória,3457,2025-07-23,"Wed, Jul 23",,Brazilian Serie A,Vitória,3457,Sport,7635,2,2,2 - 2,FT,E,casa,732742,https://www.espn.com/soccer/match/_/gameId/732742/sport-vitoria,ESPN,https://www.espn.com/soccer/team/results/_/id/3457/season/2025
2025,Vitória,3457,2025-07-26,"Sat, Jul 26",,Brazilian Serie A,Mirassol,9169,Vitória,3457,1,1,1 - 1,FT,E,fora,732753,https://www.espn.com/soccer/match/_/gameId/732753/vitoria-mirassol,ESPN,https://www.espn.com/soccer/team/results/_/id/3457/season/2025
2025,Vitória,3457,2025-08-03,"Sun, Aug 3",,Brazilian Serie A,Vitória,3457,Palmeiras,2029,2,2,2 - 2,FT,E,casa,732764,https://www.espn.com/soccer/match/_/gameId/732764/palmeiras-vitoria,ESPN,https://www.espn.com/soccer/team/results/_/id/3457/season/2025
2025,Vitória,3457,2025-08-09,"Sat, Aug 9",,Brazilian Serie A,São Paulo,2026,Vitória,3457,2,0,2 - 0,FT,D,fora,732778,https://www.espn.com/soccer/match/_/gameId/732778/vitoria-sao-paulo,ESPN,https://www.espn.com/soccer/team/results/_/id/3457/season/2025
2025,Vitória,3457,2025-08-16,"Sat, Aug 16",,Brazilian Serie A,Vitória,3457,Juventude,6270,2,2,2 - 2,FT,E,casa,732784,https://www.espn.com/soccer/match/_/gameId/732784/juventude-vitoria,ESPN,https://www.espn.com/soccer/team/results/_/id/3457/season/2025
2025,Vitória,3457,2025-08-25,"Mon, Aug 25",,Brazilian Serie A,Flamengo,819,Vitória,3457,8,0,8 - 0,FT,D,fora,732791,https://www.espn.com/soccer/match/_/gameId/732791/vitoria-flamengo,ESPN,https://www.espn.com/soccer/team/results/_/id/3457/season/2025
2025,Vitória,3457,2025-08-31,"Sun, Aug 31",,Brazilian Serie A,Vitória,3457,Atlético-MG,7632,1,0,1 - 0,FT,V,casa,732804,https://www.espn.com/soccer/match/_/gameId/732804/atletico-mg-vitoria,ESPN,https://www.espn.com/soccer/team/results/_/id/3457/season/2025
2025,Vitória,3457,2025-09-13,"Sat, Sep 13",,Brazilian Serie A,Fortaleza,6272,Vitória,3457,2,0,2 - 0,FT,D,fora,732810,https://www.espn.com/soccer/match/_/gameId/732810/vitoria-fortaleza,ESPN,https://www.espn.com/soccer/team/results/_/id/3457/season/2025
2025,Vitória,3457,2025-09-20,"Sat, Sep 20",,Brazilian Serie A,Vitória,3457,Fluminense,3445,0,1,0 - 1,FT,D,casa,732825,https://www.espn.com/soccer/match/_/gameId/732825/fluminense-vitoria,ESPN,https://www.espn.com/soccer/team/results/_/id/3457/season/2025
2025,Vitória,3457,2025-09-28,"Sun, Sep 28",,Brazilian Serie A,Grêmio,6273,Vitória,3457,3,1,3 - 1,FT,D,fora,732837,https://www.espn.com/soccer/match/_/gameId/732837/vitoria-gremio,ESPN,https://www.espn.com/soccer/team/results/_/id/3457/season/2025
2025,Vitória,3457,2025-10-02,"Thu, Oct 2",,Brazilian Serie A,Vitória,3457,Ceará,9969,1,0,1 - 0,FT,V,casa,732844,https://www.espn.com/soccer/match/_/gameId/732844/ceara-vitoria,ESPN,https://www.espn.com/soccer/team/results/_/id/3457/season/2025
2025,Vitória,3457,2025-10-05,"Sun, Oct 5",,Brazilian Serie A,Vasco da Gama,3454,Vitória,3457,4,3,4 - 3,FT,D,fora,732855,https://www.espn.com/soccer/match/_/gameId/732855/vitoria-vasco-da-gama,ESPN,https://www.espn.com/soccer/team/results/_/id/3457/season/2025
2025,Vitória,3457,2025-10-16,"Thu, Oct 16",,Brazilian Serie A,Vitória,3457,Bahia,9967,2,1,2 - 1,FT,V,casa,732864,https://www.espn.com/soccer/match/_/gameId/732864/bahia-vitoria,ESPN,https://www.espn.com/soccer/team/results/_/id/3457/season/2025
2025,Vitória,3457,2025-10-20,"Mon, Oct 20",,Brazilian Serie A,Santos,2674,Vitória,3457,0,1,0 - 1,FT,V,fora,732870,https://www.espn.com/soccer/match/_/gameId/732870/vitoria-santos,ESPN,https://www.espn.com/soccer/team/results/_/id/3457/season/2025
2025,Vitória,3457,2025-10-25,"Sat, Oct 25",,Brazilian Serie A,Vitória,3457,Corinthians,874,0,1,0 - 1,FT,D,casa,732889,https://www.espn.com/soccer/match/_/gameId/732889/corinthians-vitoria,ESPN,https://www.espn.com/soccer/team/results/_/id/3457/season/2025
2025,Vitória,3457,2025-11-01,"Sat, Nov 1",,Brazilian Serie A,Cruzeiro,2022,Vitória,3457,3,1,3 - 1,FT,D,fora,732898,https://www.espn.com/soccer/match/_/gameId/732898/vitoria-cruzeiro,ESPN,https://www.espn.com/soccer/team/results/_/id/3457/season/2025
2025,Vitória,3457,2025-11-05,"Wed, Nov 5",,Brazilian Serie A,Vitória,3457,Internacional,1936,1,0,1 - 0,FT,V,casa,732904,https://www.espn.com/soccer/match/_/gameId/732904/internacional-vitoria,ESPN,https://www.espn.com/soccer/team/results/_/id/3457/season/2025
2025,Vitória,3457,2025-11-09,"Sun, Nov 9",,Brazilian Serie A,Vitória,3457,Botafogo,6086,0,0,0 - 0,FT,E,casa,732912,https://www.espn.com/soccer/match/_/gameId/732912/botafogo-vitoria,ESPN,https://www.espn.com/soccer/team/results/_/id/3457/season/2025
2025,Vitória,3457,2025-11-19,"Wed, Nov 19",,Brazilian Serie A,Palmeiras,2029,Vitória,3457,0,0,0 - 0,FT,E,fora,732958,https://www.espn.com/soccer/match/_/gameId/732958/vitoria-palmeiras,ESPN,https://www.espn.com/soccer/team/results/_/id/3457/season/2025
2025,Vitória,3457,2025-11-23,"Sun, Nov 23",,Brazilian Serie A,Sport,7635,Vitória,3457,1,3,1 - 3,FT,V,fora,732930,https://www.espn.com/soccer/match/_/gameId/732930/vitoria-sport,ESPN,https://www.espn.com/soccer/team/results/_/id/3457/season/2025
2025,Vitória,3457,2025-11-29,"Sat, Nov 29",,Brazilian Serie A,Vitória,3457,Mirassol,9169,2,0,2 - 0,FT,V,casa,732944,https://www.espn.com/soccer/match/_/gameId/732944/mirassol-vitoria,ESPN,https://www.espn.com/soccer/team/results/_/id/3457/season/2025
2025,Vitória,3457,2025-12-03,"Wed, Dec 3",,Brazilian Serie A,Red Bull Bragantino,6079,Vitória,3457,4,0,4 - 0,FT,D,fora,732921,https://www.espn.com/soccer/match/_/gameId/732921/vitoria-red-bull-bragantino,ESPN,https://www.espn.com/soccer/team/results/_/id/3457/season/2025
2025,Vitória,3457,2025-12-07,"Sun, Dec 7",,Brazilian Serie A,Vitória,3457,São Paulo,2026,1,0,1 - 0,FT,V,casa,732964,https://www.espn.com/soccer/match/_/gameId/732964/sao-paulo-vitoria,ESPN,https://www.espn.com/soccer/team/results/_/id/3457/season/2025
2026,Athletico Paranaense,3458,2026-01-28,"Wed, Jan 28",,Brazilian Serie A,Internacional,1936,Athletico Paranaense,3458,0,1,0 - 1,FT,V,fora,401840814,https://www.espn.com/soccer/match/_/gameId/401840814/athletico-paranaense-internacional,ESPN,https://www.espn.com/soccer/team/results/_/id/3458/season/2026
2026,Athletico Paranaense,3458,2026-02-12,"Thu, Feb 12",,Brazilian Serie A,Athletico Paranaense,3458,Santos,2674,2,1,2 - 1,FT,V,casa,401840991,https://www.espn.com/soccer/match/_/gameId/401840991/santos-athletico-paranaense,ESPN,https://www.espn.com/soccer/team/results/_/id/3458/season/2026
2026,Athletico Paranaense,3458,2026-02-19,"Thu, Feb 19",,Brazilian Serie A,Athletico Paranaense,3458,Corinthians,874,0,1,0 - 1,FT,D,casa,401840981,https://www.espn.com/soccer/match/_/gameId/401840981/corinthians-athletico-paranaense,ESPN,https://www.espn.com/soccer/team/results/_/id/3458/season/2026
2026,Athletico Paranaense,3458,2026-02-25,"Wed, Feb 25",,Brazilian Serie A,Red Bull Bragantino,6079,Athletico Paranaense,3458,1,1,1 - 1,FT,E,fora,401841003,https://www.espn.com/soccer/match/_/gameId/401841003/athletico-paranaense-red-bull-bragantino,ESPN,https://www.espn.com/soccer/team/results/_/id/3458/season/2026
2026,Athletico Paranaense,3458,2026-03-15,"Sun, Mar 15",,Brazilian Serie A,Fluminense,3445,Athletico Paranaense,3458,3,2,3 - 2,FT,D,fora,401841022,https://www.espn.com/soccer/match/_/gameId/401841022/athletico-paranaense-fluminense,ESPN,https://www.espn.com/soccer/team/results/_/id/3458/season/2026
2026,Athletico Paranaense,3458,2026-03-18,"Wed, Mar 18",,Brazilian Serie A,Athletico Paranaense,3458,Cruzeiro,2022,2,1,2 - 1,FT,V,casa,401841028,https://www.espn.com/soccer/match/_/gameId/401841028/cruzeiro-athletico-paranaense,ESPN,https://www.espn.com/soccer/team/results/_/id/3458/season/2026
2026,Athletico Paranaense,3458,2026-03-22,"Sun, Mar 22",,Brazilian Serie A,Athletico Paranaense,3458,Coritiba,3456,2,0,2 - 0,FT,V,casa,401841038,https://www.espn.com/soccer/match/_/gameId/401841038/coritiba-athletico-paranaense,ESPN,https://www.espn.com/soccer/team/results/_/id/3458/season/2026
2026,Athletico Paranaense,3458,2026-03-29,"Sun, Mar 29",,Brazilian Serie A,Athletico Paranaense,3458,Botafogo,6086,4,1,4 - 1,FT,V,casa,401841016,https://www.espn.com/soccer/match/_/gameId/401841016/botafogo-athletico-paranaense,ESPN,https://www.espn.com/soccer/team/results/_/id/3458/season/2026
2026,Athletico Paranaense,3458,2026-04-01,"Wed, Apr 1",,Brazilian Serie A,Bahia,9967,Athletico Paranaense,3458,3,0,3 - 0,FT,D,fora,401841056,https://www.espn.com/soccer/match/_/gameId/401841056/athletico-paranaense-bahia,ESPN,https://www.espn.com/soccer/team/results/_/id/3458/season/2026
2026,Athletico Paranaense,3458,2026-04-05,"Sun, Apr 5",,Brazilian Serie A,Atlético-MG,7632,Athletico Paranaense,3458,2,1,2 - 1,FT,D,fora,401841058,https://www.espn.com/soccer/match/_/gameId/401841058/athletico-paranaense-atletico-mg,ESPN,https://www.espn.com/soccer/team/results/_/id/3458/season/2026
2026,Athletico Paranaense,3458,2026-04-12,"Sun, Apr 12",,Brazilian Serie A,Athletico Paranaense,3458,Chapecoense,9318,2,0,2 - 0,FT,V,casa,401841071,https://www.espn.com/soccer/match/_/gameId/401841071/chapecoense-athletico-paranaense,ESPN,https://www.espn.com/soccer/team/results/_/id/3458/season/2026
2026,Athletico Paranaense,3458,2026-04-19,"Sun, Apr 19",,Brazilian Serie A,Palmeiras,2029,Athletico Paranaense,3458,1,0,1 - 0,FT,D,fora,401841084,https://www.espn.com/soccer/match/_/gameId/401841084/athletico-paranaense-palmeiras,ESPN,https://www.espn.com/soccer/team/results/_/id/3458/season/2026
2026,Athletico Paranaense,3458,2026-04-23,"Thu, Apr 23",,Copa do Brasil,Athletico Paranaense,3458,Atlético Goianiense,10357,0,0,0 - 0 1st Leg,FT,E,casa,401866334,https://www.espn.com/soccer/match/_/gameId/401866334/atletico-goianiense-athletico-paranaense,ESPN,https://www.espn.com/soccer/team/results/_/id/3458/season/2026
2026,Athletico Paranaense,3458,2026-04-26,"Sun, Apr 26",,Brazilian Serie A,Athletico Paranaense,3458,Vitória,3457,3,1,3 - 1,FT,V,casa,401841088,https://www.espn.com/soccer/match/_/gameId/401841088/vitoria-athletico-paranaense,ESPN,https://www.espn.com/soccer/team/results/_/id/3458/season/2026
2026,Athletico Paranaense,3458,2026-05-02,"Sat, May 2",,Brazilian Serie A,Athletico Paranaense,3458,Grêmio,6273,0,0,0 - 0,FT,E,casa,401841106,https://www.espn.com/soccer/match/_/gameId/401841106/gremio-athletico-paranaense,ESPN,https://www.espn.com/soccer/team/results/_/id/3458/season/2026
2026,Athletico Paranaense,3458,2026-05-10,"Sun, May 10",,Brazilian Serie A,Vasco da Gama,3454,Athletico Paranaense,3458,1,0,1 - 0,FT,D,fora,401841112,https://www.espn.com/soccer/match/_/gameId/401841112/athletico-paranaense-vasco-da-gama,ESPN,https://www.espn.com/soccer/team/results/_/id/3458/season/2026
2026,Athletico Paranaense,3458,2026-05-14,"Thu, May 14",,Copa do Brasil,Atlético Goianiense,10357,Athletico Paranaense,3458,0,0,0 - 0 2nd Leg · Athletico Paranaense wins 4-1 on Penalty Kicks,FT-Pens,E,fora,401866349,https://www.espn.com/soccer/match/_/gameId/401866349/athletico-paranaense-atletico-goianiense,ESPN,https://www.espn.com/soccer/team/results/_/id/3458/season/2026
2026,Athletico Paranaense,3458,2026-05-17,"Sun, May 17",6:30 PM,Brazilian Serie A,Athletico Paranaense,3458,Flamengo,819,,,,agendado,,casa,401841121,https://www.espn.com/soccer/match/_/gameId/401841121/flamengo-athletico-paranaense,ESPN,https://www.espn.com/soccer/team/fixtures/_/id/3458/season/2026
2026,Athletico Paranaense,3458,2026-05-24,"Sun, May 24",3:00 PM,Brazilian Serie A,Remo,4936,Athletico Paranaense,3458,,,,agendado,,fora,401841133,https://www.espn.com/soccer/match/_/gameId/401841133/athletico-paranaense-remo,ESPN,https://www.espn.com/soccer/team/fixtures/_/id/3458/season/2026
2026,Athletico Paranaense,3458,2026-05-30,"Sat, May 30",3:00 PM,Brazilian Serie A,Athletico Paranaense,3458,Mirassol,9169,,,,agendado,,casa,401841138,https://www.espn.com/soccer/match/_/gameId/401841138/mirassol-athletico-paranaense,ESPN,https://www.espn.com/soccer/team/fixtures/_/id/3458/season/2026
2026,Athletico Paranaense,3458,2026-07-22,"Wed, Jul 22",TBD,Brazilian Serie A,São Paulo,2026,Athletico Paranaense,3458,,,,agendado,,fora,401841156,https://www.espn.com/soccer/match/_/gameId/401841156/athletico-paranaense-sao-paulo,ESPN,https://www.espn.com/soccer/team/fixtures/_/id/3458/season/2026
2026,Athletico Paranaense,3458,2026-07-25,"Sat, Jul 25",TBD,Brazilian Serie A,Athletico Paranaense,3458,Internacional,1936,,,,agendado,,casa,401841158,https://www.espn.com/soccer/match/_/gameId/401841158/internacional-athletico-paranaense,ESPN,https://www.espn.com/soccer/team/fixtures/_/id/3458/season/2026
2026,Athletico Paranaense,3458,2026-07-29,"Wed, Jul 29",TBD,Brazilian Serie A,Corinthians,874,Athletico Paranaense,3458,,,,agendado,,fora,401841174,https://www.espn.com/soccer/match/_/gameId/401841174/athletico-paranaense-corinthians,ESPN,https://www.espn.com/soccer/team/fixtures/_/id/3458/season/2026
2026,Athletico Paranaense,3458,2026-08-08,"Sat, Aug 8",TBD,Brazilian Serie A,Santos,2674,Athletico Paranaense,3458,,,,agendado,,fora,401841182,https://www.espn.com/soccer/match/_/gameId/401841182/athletico-paranaense-santos,ESPN,https://www.espn.com/soccer/team/fixtures/_/id/3458/season/2026
2026,Athletico Paranaense,3458,2026-08-15,"Sat, Aug 15",TBD,Brazilian Serie A,Athletico Paranaense,3458,Red Bull Bragantino,6079,,,,agendado,,casa,401841196,https://www.espn.com/soccer/match/_/gameId/401841196/red-bull-bragantino-athletico-paranaense,ESPN,https://www.espn.com/soccer/team/fixtures/_/id/3458/season/2026
2026,Athletico Paranaense,3458,2026-08-22,"Sat, Aug 22",TBD,Brazilian Serie A,Botafogo,6086,Athletico Paranaense,3458,,,,agendado,,fora,401841198,https://www.espn.com/soccer/match/_/gameId/401841198/athletico-paranaense-botafogo,ESPN,https://www.espn.com/soccer/team/fixtures/_/id/3458/season/2026
2026,Athletico Paranaense,3458,2026-08-29,"Sat, Aug 29",TBD,Brazilian Serie A,Athletico Paranaense,3458,Fluminense,3445,,,,agendado,,casa,401841208,https://www.espn.com/soccer/match/_/gameId/401841208/fluminense-athletico-paranaense,ESPN,https://www.espn.com/soccer/team/fixtures/_/id/3458/season/2026
2026,Athletico Paranaense,3458,2026-09-05,"Sat, Sep 5",TBD,Brazilian Serie A,Cruzeiro,2022,Athletico Paranaense,3458,,,,agendado,,fora,401841218,https://www.espn.com/soccer/match/_/gameId/401841218/athletico-paranaense-cruzeiro,ESPN,https://www.espn.com/soccer/team/fixtures/_/id/3458/season/2026
2026,Athletico Paranaense,3458,2026-09-12,"Sat, Sep 12",TBD,Brazilian Serie A,Coritiba,3456,Athletico Paranaense,3458,,,,agendado,,fora,401841232,https://www.espn.com/soccer/match/_/gameId/401841232/athletico-paranaense-coritiba,ESPN,https://www.espn.com/soccer/team/fixtures/_/id/3458/season/2026
2026,Athletico Paranaense,3458,2026-09-19,"Sat, Sep 19",TBD,Brazilian Serie A,Athletico Paranaense,3458,Bahia,9967,,,,agendado,,casa,401841238,https://www.espn.com/soccer/match/_/gameId/401841238/bahia-athletico-paranaense,ESPN,https://www.espn.com/soccer/team/fixtures/_/id/3458/season/2026
2026,Athletico Paranaense,3458,2026-10-07,"Wed, Oct 7",TBD,Brazilian Serie A,Athletico Paranaense,3458,Atlético-MG,7632,,,,agendado,,casa,401841256,https://www.espn.com/soccer/match/_/gameId/401841256/atletico-mg-athletico-paranaense,ESPN,https://www.espn.com/soccer/team/fixtures/_/id/3458/season/2026
2026,Athletico Paranaense,3458,2026-10-10,"Sat, Oct 10",TBD,Brazilian Serie A,Chapecoense,9318,Athletico Paranaense,3458,,,,agendado,,fora,401841265,https://www.espn.com/soccer/match/_/gameId/401841265/athletico-paranaense-chapecoense,ESPN,https://www.espn.com/soccer/team/fixtures/_/id/3458/season/2026
2026,Athletico Paranaense,3458,2026-10-17,"Sat, Oct 17",TBD,Brazilian Serie A,Athletico Paranaense,3458,Palmeiras,2029,,,,agendado,,casa,401841271,https://www.espn.com/soccer/match/_/gameId/401841271/palmeiras-athletico-paranaense,ESPN,https://www.espn.com/soccer/team/fixtures/_/id/3458/season/2026
2026,Athletico Paranaense,3458,2026-10-24,"Sat, Oct 24",TBD,Brazilian Serie A,Vitória,3457,Athletico Paranaense,3458,,,,agendado,,fora,401841280,https://www.espn.com/soccer/match/_/gameId/401841280/athletico-paranaense-vitoria,ESPN,https://www.espn.com/soccer/team/fixtures/_/id/3458/season/2026
2026,Athletico Paranaense,3458,2026-10-28,"Wed, Oct 28",TBD,Brazilian Serie A,Grêmio,6273,Athletico Paranaense,3458,,,,agendado,,fora,401841290,https://www.espn.com/soccer/match/_/gameId/401841290/athletico-paranaense-gremio,ESPN,https://www.espn.com/soccer/team/fixtures/_/id/3458/season/2026
2026,Athletico Paranaense,3458,2026-11-04,"Wed, Nov 4",TBD,Brazilian Serie A,Athletico Paranaense,3458,Vasco da Gama,3454,,,,agendado,,casa,401841306,https://www.espn.com/soccer/match/_/gameId/401841306/vasco-da-gama-athletico-paranaense,ESPN,https://www.espn.com/soccer/team/fixtures/_/id/3458/season/2026
2026,Athletico Paranaense,3458,2026-11-18,"Wed, Nov 18",TBD,Brazilian Serie A,Flamengo,819,Athletico Paranaense,3458,,,,agendado,,fora,401841313,https://www.espn.com/soccer/match/_/gameId/401841313/athletico-paranaense-flamengo,ESPN,https://www.espn.com/soccer/team/fixtures/_/id/3458/season/2026
2026,Athletico Paranaense,3458,2026-11-21,"Sat, Nov 21",TBD,Brazilian Serie A,Athletico Paranaense,3458,Remo,4936,,,,agendado,,casa,401841318,https://www.espn.com/soccer/match/_/gameId/401841318/remo-athletico-paranaense,ESPN,https://www.espn.com/soccer/team/fixtures/_/id/3458/season/2026
2026,Athletico Paranaense,3458,2026-11-28,"Sat, Nov 28",TBD,Brazilian Serie A,Mirassol,9169,Athletico Paranaense,3458,,,,agendado,,fora,401841330,https://www.espn.com/soccer/match/_/gameId/401841330/athletico-paranaense-mirassol,ESPN,https://www.espn.com/soccer/team/fixtures/_/id/3458/season/2026
2026,Athletico Paranaense,3458,2026-12-02,"Wed, Dec 2",TBD,Brazilian Serie A,Athletico Paranaense,3458,São Paulo,2026,,,,agendado,,casa,401841338,https://www.espn.com/soccer/match/_/gameId/401841338/sao-paulo-athletico-paranaense,ESPN,https://www.espn.com/soccer/team/fixtures/_/id/3458/season/2026
2026,Atlético-MG,7632,2026-01-11,"Sun, Jan 11",,Brazilian Campeonato Mineiro,Atlético-MG,7632,Betim FC,22489,1,1,1 - 1,FT,E,casa,762139,https://www.espn.com/soccer/match/_/gameId/762139/betim-fc-atletico-mg,ESPN,https://www.espn.com/soccer/team/results/_/id/7632/season/2026
2026,Atlético-MG,7632,2026-01-14,"Wed, Jan 14",,Brazilian Campeonato Mineiro,North EC,131565,Atlético-MG,7632,1,1,1 - 1,FT,E,fora,762142,https://www.espn.com/soccer/match/_/gameId/762142/atletico-mg-north-ec,ESPN,https://www.espn.com/soccer/team/results/_/id/7632/season/2026
2026,Atlético-MG,7632,2026-01-18,"Sun, Jan 18",,Brazilian Campeonato Mineiro,Atlético-MG,7632,Tombense,17339,0,0,0 - 0,FT,E,casa,762151,https://www.espn.com/soccer/match/_/gameId/762151/tombense-atletico-mg,ESPN,https://www.espn.com/soccer/team/results/_/id/7632/season/2026
2026,Atlético-MG,7632,2026-01-21,"Wed, Jan 21",,Brazilian Campeonato Mineiro,América Mineiro,6154,Atlético-MG,7632,1,1,1 - 1,FT,E,fora,762156,https://www.espn.com/soccer/match/_/gameId/762156/atletico-mg-america-mineiro,ESPN,https://www.espn.com/soccer/team/results/_/id/7632/season/2026
2026,Atlético-MG,7632,2026-01-25,"Sun, Jan 25",,Brazilian Campeonato Mineiro,Atlético-MG,7632,Cruzeiro,2022,2,1,2 - 1,FT,V,casa,762162,https://www.espn.com/soccer/match/_/gameId/762162/cruzeiro-atletico-mg,ESPN,https://www.espn.com/soccer/team/results/_/id/7632/season/2026
2026,Atlético-MG,7632,2026-01-28,"Wed, Jan 28",,Brazilian Serie A,Atlético-MG,7632,Palmeiras,2029,2,2,2 - 2,FT,E,casa,401840808,https://www.espn.com/soccer/match/_/gameId/401840808/palmeiras-atletico-mg,ESPN,https://www.espn.com/soccer/team/results/_/id/7632/season/2026
2026,Atlético-MG,7632,2026-01-31,"Sat, Jan 31",,Brazilian Campeonato Mineiro,Pouso Alegre,20852,Atlético-MG,7632,1,3,1 - 3,FT,V,fora,762165,https://www.espn.com/soccer/match/_/gameId/762165/atletico-mg-pouso-alegre,ESPN,https://www.espn.com/soccer/team/results/_/id/7632/season/2026
2026,Atlético-MG,7632,2026-02-04,"Wed, Feb 4",,Brazilian Serie A,Red Bull Bragantino,6079,Atlético-MG,7632,1,0,1 - 0,FT,D,fora,401840984,https://www.espn.com/soccer/match/_/gameId/401840984/atletico-mg-red-bull-bragantino,ESPN,https://www.espn.com/soccer/team/results/_/id/7632/season/2026
2026,Atlético-MG,7632,2026-02-07,"Sat, Feb 7",,Brazilian Campeonato Mineiro,Atlético-MG,7632,Athletic,20851,1,1,1 - 1,FT,E,casa,762171,https://www.espn.com/soccer/match/_/gameId/762171/athletic-atletico-mg,ESPN,https://www.espn.com/soccer/team/results/_/id/7632/season/2026
2026,Atlético-MG,7632,2026-02-11,"Wed, Feb 11",,Brazilian Serie A,Atlético-MG,7632,Remo,4936,3,3,3 - 3,FT,E,casa,401840990,https://www.espn.com/soccer/match/_/gameId/401840990/remo-atletico-mg,ESPN,https://www.espn.com/soccer/team/results/_/id/7632/season/2026
2026,Atlético-MG,7632,2026-02-14,"Sat, Feb 14",,Brazilian Campeonato Mineiro,Itabirito,22142,Atlético-MG,7632,2,7,2 - 7,FT,V,fora,762181,https://www.espn.com/soccer/match/_/gameId/762181/atletico-mg-itabirito,ESPN,https://www.espn.com/soccer/team/results/_/id/7632/season/2026
2026,Atlético-MG,7632,2026-02-22,"Sun, Feb 22",,Brazilian Campeonato Mineiro,Atlético-MG,7632,América Mineiro,6154,1,1,1 - 1 1st Leg,FT,E,casa,401861299,https://www.espn.com/soccer/match/_/gameId/401861299/america-mineiro-atletico-mg,ESPN,https://www.espn.com/soccer/team/results/_/id/7632/season/2026
2026,Atlético-MG,7632,2026-02-25,"Wed, Feb 25",,Brazilian Serie A,Grêmio,6273,Atlético-MG,7632,2,1,2 - 1,FT,D,fora,401841005,https://www.espn.com/soccer/match/_/gameId/401841005/atletico-mg-gremio,ESPN,https://www.espn.com/soccer/team/results/_/id/7632/season/2026
2026,Atlético-MG,7632,2026-03-01,"Sun, Mar 1",,Brazilian Campeonato Mineiro,América Mineiro,6154,Atlético-MG,7632,0,0,0 - 0 2nd Leg · Tied 1-1 on aggregate · Atlético-MG wins 4-2 on Penalty Kicks,FT-Pens,E,fora,401861305,https://www.espn.com/soccer/match/_/gameId/401861305/atletico-mg-america-mineiro,ESPN,https://www.espn.com/soccer/team/results/_/id/7632/season/2026
2026,Atlético-MG,7632,2026-03-08,"Sun, Mar 8",,Brazilian Campeonato Mineiro,Cruzeiro,2022,Atlético-MG,7632,1,0,1 - 0,FT,D,fora,401863457,https://www.espn.com/soccer/match/_/gameId/401863457/atletico-mg-cruzeiro,ESPN,https://www.espn.com/soccer/team/results/_/id/7632/season/2026
2026,Atlético-MG,7632,2026-03-11,"Wed, Mar 11",,Brazilian Serie A,Atlético-MG,7632,Internacional,1936,1,0,1 - 0,FT,V,casa,401841015,https://www.espn.com/soccer/match/_/gameId/401841015/internacional-atletico-mg,ESPN,https://www.espn.com/soccer/team/results/_/id/7632/season/2026
2026,Atlético-MG,7632,2026-03-14,"Sat, Mar 14",,Brazilian Serie A,Vitória,3457,Atlético-MG,7632,2,0,2 - 0,FT,D,fora,401841027,https://www.espn.com/soccer/match/_/gameId/401841027/atletico-mg-vitoria,ESPN,https://www.espn.com/soccer/team/results/_/id/7632/season/2026
2026,Atlético-MG,7632,2026-03-18,"Wed, Mar 18",,Brazilian Serie A,Atlético-MG,7632,São Paulo,2026,1,0,1 - 0,FT,V,casa,401841029,https://www.espn.com/soccer/match/_/gameId/401841029/sao-paulo-atletico-mg,ESPN,https://www.espn.com/soccer/team/results/_/id/7632/season/2026
2026,Atlético-MG,7632,2026-03-21,"Sat, Mar 21",,Brazilian Serie A,Fluminense,3445,Atlético-MG,7632,1,0,1 - 0,FT,D,fora,401841044,https://www.espn.com/soccer/match/_/gameId/401841044/atletico-mg-fluminense,ESPN,https://www.espn.com/soccer/team/results/_/id/7632/season/2026
2026,Atlético-MG,7632,2026-04-02,"Thu, Apr 2",,Brazilian Serie A,Chapecoense,9318,Atlético-MG,7632,0,4,0 - 4,FT,V,fora,401841049,https://www.espn.com/soccer/match/_/gameId/401841049/atletico-mg-chapecoense,ESPN,https://www.espn.com/soccer/team/results/_/id/7632/season/2026
2026,Atlético-MG,7632,2026-04-05,"Sun, Apr 5",,Brazilian Serie A,Atlético-MG,7632,Athletico Paranaense,3458,2,1,2 - 1,FT,V,casa,401841058,https://www.espn.com/soccer/match/_/gameId/401841058/athletico-paranaense-atletico-mg,ESPN,https://www.espn.com/soccer/team/results/_/id/7632/season/2026
2026,Atlético-MG,7632,2026-04-08,"Wed, Apr 8",,CONMEBOL Sudamericana,Academia Puerto Cabello,18995,Atlético-MG,7632,2,1,2 - 1,FT,D,fora,401865377,https://www.espn.com/soccer/match/_/gameId/401865377/atletico-mg-academia-puerto-cabello,ESPN,https://www.espn.com/soccer/team/results/_/id/7632/season/2026
2026,Atlético-MG,7632,2026-04-11,"Sat, Apr 11",,Brazilian Serie A,Santos,2674,Atlético-MG,7632,1,0,1 - 0,FT,D,fora,401841074,https://www.espn.com/soccer/match/_/gameId/401841074/atletico-mg-santos,ESPN,https://www.espn.com/soccer/team/results/_/id/7632/season/2026
2026,Atlético-MG,7632,2026-04-16,"Thu, Apr 16",,CONMEBOL Sudamericana,Atlético-MG,7632,Juventud,8416,2,1,2 - 1,FT,V,casa,401865402,https://www.espn.com/soccer/match/_/gameId/401865402/juventud-atletico-mg,ESPN,https://www.espn.com/soccer/team/results/_/id/7632/season/2026
2026,Atlético-MG,7632,2026-04-19,"Sun, Apr 19",,Brazilian Serie A,Coritiba,3456,Atlético-MG,7632,2,0,2 - 0,FT,D,fora,401841079,https://www.espn.com/soccer/match/_/gameId/401841079/atletico-mg-coritiba,ESPN,https://www.espn.com/soccer/team/results/_/id/7632/season/2026
2026,Atlético-MG,7632,2026-04-23,"Thu, Apr 23",,Copa do Brasil,Atlético-MG,7632,Ceará,9969,2,1,2 - 1 1st Leg,FT,V,casa,401866348,https://www.espn.com/soccer/match/_/gameId/401866348/ceara-atletico-mg,ESPN,https://www.espn.com/soccer/team/results/_/id/7632/season/2026
2026,Atlético-MG,7632,2026-04-26,"Sun, Apr 26",,Brazilian Serie A,Atlético-MG,7632,Flamengo,819,0,4,0 - 4,FT,D,casa,401841096,https://www.espn.com/soccer/match/_/gameId/401841096/flamengo-atletico-mg,ESPN,https://www.espn.com/soccer/team/results/_/id/7632/season/2026
2026,Atlético-MG,7632,2026-04-29,"Wed, Apr 29",,CONMEBOL Sudamericana,Cienciano del Cusco,3372,Atlético-MG,7632,1,0,1 - 0,FT,D,fora,401865408,https://www.espn.com/soccer/match/_/gameId/401865408/atletico-mg-cienciano-del-cusco,ESPN,https://www.espn.com/soccer/team/results/_/id/7632/season/2026
2026,Atlético-MG,7632,2026-05-02,"Sat, May 2",,Brazilian Serie A,Cruzeiro,2022,Atlético-MG,7632,1,3,1 - 3,FT,V,fora,401841098,https://www.espn.com/soccer/match/_/gameId/401841098/atletico-mg-cruzeiro,ESPN,https://www.espn.com/soccer/team/results/_/id/7632/season/2026
2026,Atlético-MG,7632,2026-05-05,"Tue, May 5",,CONMEBOL Sudamericana,Juventud,8416,Atlético-MG,7632,2,2,2 - 2,FT,E,fora,401865430,https://www.espn.com/soccer/match/_/gameId/401865430/atletico-mg-juventud,ESPN,https://www.espn.com/soccer/team/results/_/id/7632/season/2026
2026,Atlético-MG,7632,2026-05-10,"Sun, May 10",,Brazilian Serie A,Atlético-MG,7632,Botafogo,6086,1,1,1 - 1,FT,E,casa,401841108,https://www.espn.com/soccer/match/_/gameId/401841108/botafogo-atletico-mg,ESPN,https://www.espn.com/soccer/team/results/_/id/7632/season/2026
2026,Atlético-MG,7632,2026-05-13,"Wed, May 13",,Copa do Brasil,Ceará,9969,Atlético-MG,7632,2,1,2 - 1 2nd Leg · Tied 3-3 on aggregate · Atlético-MG wins 4-2 on Penalty Kicks,FT-Pens,D,fora,401866362,https://www.espn.com/soccer/match/_/gameId/401866362/atletico-mg-ceara,ESPN,https://www.espn.com/soccer/team/results/_/id/7632/season/2026
2026,Atlético-MG,7632,2026-05-16,"Sat, May 16",5:30 PM,Brazilian Serie A,Atlético-MG,7632,Mirassol,9169,,,,agendado,,casa,401841120,https://www.espn.com/soccer/match/_/gameId/401841120/mirassol-atletico-mg,ESPN,https://www.espn.com/soccer/team/fixtures/_/id/7632/season/2026
2026,Atlético-MG,7632,2026-05-21,"Thu, May 21",6:00 PM,CONMEBOL Sudamericana,Atlético-MG,7632,Cienciano del Cusco,3372,,,,agendado,,casa,401865439,https://www.espn.com/soccer/match/_/gameId/401865439/cienciano-del-cusco-atletico-mg,ESPN,https://www.espn.com/soccer/team/fixtures/_/id/7632/season/2026
2026,Atlético-MG,7632,2026-05-24,"Sun, May 24",5:30 PM,Brazilian Serie A,Corinthians,874,Atlético-MG,7632,,,,agendado,,fora,401841128,https://www.espn.com/soccer/match/_/gameId/401841128/atletico-mg-corinthians,ESPN,https://www.espn.com/soccer/team/fixtures/_/id/7632/season/2026
2026,Atlético-MG,7632,2026-05-27,"Wed, May 27",6:00 PM,CONMEBOL Sudamericana,Atlético-MG,7632,Academia Puerto Cabello,18995,,,,agendado,,casa,401865466,https://www.espn.com/soccer/match/_/gameId/401865466/academia-puerto-cabello-atletico-mg,ESPN,https://www.espn.com/soccer/team/fixtures/_/id/7632/season/2026
2026,Atlético-MG,7632,2026-05-31,"Sun, May 31",3:00 PM,Brazilian Serie A,Vasco da Gama,3454,Atlético-MG,7632,,,,agendado,,fora,401841142,https://www.espn.com/soccer/match/_/gameId/401841142/atletico-mg-vasco-da-gama,ESPN,https://www.espn.com/soccer/team/fixtures/_/id/7632/season/2026
2026,Atlético-MG,7632,2026-07-22,"Wed, Jul 22",TBD,Brazilian Serie A,Atlético-MG,7632,Bahia,9967,,,,agendado,,casa,401841148,https://www.espn.com/soccer/match/_/gameId/401841148/bahia-atletico-mg,ESPN,https://www.espn.com/soccer/team/fixtures/_/id/7632/season/2026
2026,Atlético-MG,7632,2026-07-25,"Sat, Jul 25",TBD,Brazilian Serie A,Palmeiras,2029,Atlético-MG,7632,,,,agendado,,fora,401841164,https://www.espn.com/soccer/match/_/gameId/401841164/atletico-mg-palmeiras,ESPN,https://www.espn.com/soccer/team/fixtures/_/id/7632/season/2026
2026,Atlético-MG,7632,2026-07-29,"Wed, Jul 29",TBD,Brazilian Serie A,Atlético-MG,7632,Red Bull Bragantino,6079,,,,agendado,,casa,401841168,https://www.espn.com/soccer/match/_/gameId/401841168/red-bull-bragantino-atletico-mg,ESPN,https://www.espn.com/soccer/team/fixtures/_/id/7632/season/2026
2026,Atlético-MG,7632,2026-08-08,"Sat, Aug 8",TBD,Brazilian Serie A,Remo,4936,Atlético-MG,7632,,,,agendado,,fora,401841178,https://www.espn.com/soccer/match/_/gameId/401841178/atletico-mg-remo,ESPN,https://www.espn.com/soccer/team/fixtures/_/id/7632/season/2026
2026,Atlético-MG,7632,2026-08-15,"Sat, Aug 15",TBD,Brazilian Serie A,Atlético-MG,7632,Grêmio,6273,,,,agendado,,casa,401841195,https://www.espn.com/soccer/match/_/gameId/401841195/gremio-atletico-mg,ESPN,https://www.espn.com/soccer/team/fixtures/_/id/7632/season/2026
2026,Atlético-MG,7632,2026-08-22,"Sat, Aug 22",TBD,Brazilian Serie A,Internacional,1936,Atlético-MG,7632,,,,agendado,,fora,401841204,https://www.espn.com/soccer/match/_/gameId/401841204/atletico-mg-internacional,ESPN,https://www.espn.com/soccer/team/fixtures/_/id/7632/season/2026
2026,Atlético-MG,7632,2026-08-29,"Sat, Aug 29",TBD,Brazilian Serie A,Atlético-MG,7632,Vitória,3457,,,,agendado,,casa,401841216,https://www.espn.com/soccer/match/_/gameId/401841216/vitoria-atletico-mg,ESPN,https://www.espn.com/soccer/team/fixtures/_/id/7632/season/2026
2026,Atlético-MG,7632,2026-09-05,"Sat, Sep 5",TBD,Brazilian Serie A,São Paulo,2026,Atlético-MG,7632,,,,agendado,,fora,401841226,https://www.espn.com/soccer/match/_/gameId/401841226/atletico-mg-sao-paulo,ESPN,https://www.espn.com/soccer/team/fixtures/_/id/7632/season/2026
2026,Atlético-MG,7632,2026-09-12,"Sat, Sep 12",TBD,Brazilian Serie A,Atlético-MG,7632,Fluminense,3445,,,,agendado,,casa,401841231,https://www.espn.com/soccer/match/_/gameId/401841231/fluminense-atletico-mg,ESPN,https://www.espn.com/soccer/team/fixtures/_/id/7632/season/2026
2026,Atlético-MG,7632,2026-09-19,"Sat, Sep 19",TBD,Brazilian Serie A,Atlético-MG,7632,Chapecoense,9318,,,,agendado,,casa,401841239,https://www.espn.com/soccer/match/_/gameId/401841239/chapecoense-atletico-mg,ESPN,https://www.espn.com/soccer/team/fixtures/_/id/7632/season/2026
2026,Atlético-MG,7632,2026-10-07,"Wed, Oct 7",TBD,Brazilian Serie A,Athletico Paranaense,3458,Atlético-MG,7632,,,,agendado,,fora,401841256,https://www.espn.com/soccer/match/_/gameId/401841256/atletico-mg-athletico-paranaense,ESPN,https://www.espn.com/soccer/team/fixtures/_/id/7632/season/2026
2026,Atlético-MG,7632,2026-10-10,"Sat, Oct 10",TBD,Brazilian Serie A,Atlético-MG,7632,Santos,2674,,,,agendado,,casa,401841258,https://www.espn.com/soccer/match/_/gameId/401841258/santos-atletico-mg,ESPN,https://www.espn.com/soccer/team/fixtures/_/id/7632/season/2026
2026,Atlético-MG,7632,2026-10-17,"Sat, Oct 17",TBD,Brazilian Serie A,Atlético-MG,7632,Coritiba,3456,,,,agendado,,casa,401841270,https://www.espn.com/soccer/match/_/gameId/401841270/coritiba-atletico-mg,ESPN,https://www.espn.com/soccer/team/fixtures/_/id/7632/season/2026
2026,Atlético-MG,7632,2026-10-24,"Sat, Oct 24",TBD,Brazilian Serie A,Flamengo,819,Atlético-MG,7632,,,,agendado,,fora,401841286,https://www.espn.com/soccer/match/_/gameId/401841286/atletico-mg-flamengo,ESPN,https://www.espn.com/soccer/team/fixtures/_/id/7632/season/2026
2026,Atlético-MG,7632,2026-10-28,"Wed, Oct 28",TBD,Brazilian Serie A,Atlético-MG,7632,Cruzeiro,2022,,,,agendado,,casa,401841288,https://www.espn.com/soccer/match/_/gameId/401841288/cruzeiro-atletico-mg,ESPN,https://www.espn.com/soccer/team/fixtures/_/id/7632/season/2026
2026,Atlético-MG,7632,2026-11-04,"Wed, Nov 4",TBD,Brazilian Serie A,Botafogo,6086,Atlético-MG,7632,,,,agendado,,fora,401841305,https://www.espn.com/soccer/match/_/gameId/401841305/atletico-mg-botafogo,ESPN,https://www.espn.com/soccer/team/fixtures/_/id/7632/season/2026
2026,Atlético-MG,7632,2026-11-18,"Wed, Nov 18",TBD,Brazilian Serie A,Mirassol,9169,Atlético-MG,7632,,,,agendado,,fora,401841311,https://www.espn.com/soccer/match/_/gameId/401841311/atletico-mg-mirassol,ESPN,https://www.espn.com/soccer/team/fixtures/_/id/7632/season/2026
2026,Atlético-MG,7632,2026-11-21,"Sat, Nov 21",TBD,Brazilian Serie A,Atlético-MG,7632,Corinthians,874,,,,agendado,,casa,401841319,https://www.espn.com/soccer/match/_/gameId/401841319/corinthians-atletico-mg,ESPN,https://www.espn.com/soccer/team/fixtures/_/id/7632/season/2026
2026,Atlético-MG,7632,2026-11-28,"Sat, Nov 28",TBD,Brazilian Serie A,Atlético-MG,7632,Vasco da Gama,3454,,,,agendado,,casa,401841328,https://www.espn.com/soccer/match/_/gameId/401841328/vasco-da-gama-atletico-mg,ESPN,https://www.espn.com/soccer/team/fixtures/_/id/7632/season/2026
2026,Atlético-MG,7632,2026-12-02,"Wed, Dec 2",TBD,Brazilian Serie A,Bahia,9967,Atlético-MG,7632,,,,agendado,,fora,401841339,https://www.espn.com/soccer/match/_/gameId/401841339/atletico-mg-bahia,ESPN,https://www.espn.com/soccer/team/fixtures/_/id/7632/season/2026
2026,Bahia,9967,2026-01-28,"Wed, Jan 28",,Brazilian Serie A,Corinthians,874,Bahia,9967,1,2,1 - 2,FT,V,fora,401840811,https://www.espn.com/soccer/match/_/gameId/401840811/bahia-corinthians,ESPN,https://www.espn.com/soccer/team/results/_/id/9967/season/2026
2026,Bahia,9967,2026-02-05,"Thu, Feb 5",,Brazilian Serie A,Bahia,9967,Fluminense,3445,1,1,1 - 1,FT,E,casa,401840980,https://www.espn.com/soccer/match/_/gameId/401840980/fluminense-bahia,ESPN,https://www.espn.com/soccer/team/results/_/id/9967/season/2026
2026,Bahia,9967,2026-02-11,"Wed, Feb 11",,Brazilian Serie A,Vasco da Gama,3454,Bahia,9967,0,1,0 - 1,FT,V,fora,401840994,https://www.espn.com/soccer/match/_/gameId/401840994/bahia-vasco-da-gama,ESPN,https://www.espn.com/soccer/team/results/_/id/9967/season/2026
2026,Bahia,9967,2026-02-18,"Wed, Feb 18",,CONMEBOL Libertadores,O'Higgins,6072,Bahia,9967,1,0,1 - 0 1st Leg,FT,D,fora,401842638,https://www.espn.com/soccer/match/_/gameId/401842638/bahia-ohiggins,ESPN,https://www.espn.com/soccer/team/results/_/id/9967/season/2026
2026,Bahia,9967,2026-02-25,"Wed, Feb 25",,CONMEBOL Libertadores,Bahia,9967,O'Higgins,6072,2,1,2 - 1 2nd Leg · Tied 2-2 on aggregate · Bahia wins 3-4 on Penalty Kicks,FT-Pens,V,casa,401842645,https://www.espn.com/soccer/match/_/gameId/401842645/ohiggins-bahia,ESPN,https://www.espn.com/soccer/team/results/_/id/9967/season/2026
2026,Bahia,9967,2026-03-11,"Wed, Mar 11",,Brazilian Serie A,Bahia,9967,Vitória,3457,1,1,1 - 1,FT,E,casa,401841014,https://www.espn.com/soccer/match/_/gameId/401841014/vitoria-bahia,ESPN,https://www.espn.com/soccer/team/results/_/id/9967/season/2026
2026,Bahia,9967,2026-03-15,"Sun, Mar 15",,Brazilian Serie A,Internacional,1936,Bahia,9967,0,1,0 - 1,FT,V,fora,401841021,https://www.espn.com/soccer/match/_/gameId/401841021/bahia-internacional,ESPN,https://www.espn.com/soccer/team/results/_/id/9967/season/2026
2026,Bahia,9967,2026-03-18,"Wed, Mar 18",,Brazilian Serie A,Bahia,9967,Red Bull Bragantino,6079,2,0,2 - 0,FT,V,casa,401841037,https://www.espn.com/soccer/match/_/gameId/401841037/red-bull-bragantino-bahia,ESPN,https://www.espn.com/soccer/team/results/_/id/9967/season/2026
2026,Bahia,9967,2026-03-22,"Sun, Mar 22",,Brazilian Serie A,Remo,4936,Bahia,9967,4,1,4 - 1,FT,D,fora,401841041,https://www.espn.com/soccer/match/_/gameId/401841041/bahia-remo,ESPN,https://www.espn.com/soccer/team/results/_/id/9967/season/2026
2026,Bahia,9967,2026-04-01,"Wed, Apr 1",,Brazilian Serie A,Bahia,9967,Athletico Paranaense,3458,3,0,3 - 0,FT,V,casa,401841056,https://www.espn.com/soccer/match/_/gameId/401841056/athletico-paranaense-bahia,ESPN,https://www.espn.com/soccer/team/results/_/id/9967/season/2026
2026,Bahia,9967,2026-04-05,"Sun, Apr 5",,Brazilian Serie A,Bahia,9967,Palmeiras,2029,1,2,1 - 2,FT,D,casa,401841066,https://www.espn.com/soccer/match/_/gameId/401841066/palmeiras-bahia,ESPN,https://www.espn.com/soccer/team/results/_/id/9967/season/2026
2026,Bahia,9967,2026-04-11,"Sat, Apr 11",,Brazilian Serie A,Mirassol,9169,Bahia,9967,1,2,1 - 2,FT,V,fora,401841076,https://www.espn.com/soccer/match/_/gameId/401841076/bahia-mirassol,ESPN,https://www.espn.com/soccer/team/results/_/id/9967/season/2026
2026,Bahia,9967,2026-04-19,"Sun, Apr 19",,Brazilian Serie A,Flamengo,819,Bahia,9967,2,0,2 - 0,FT,D,fora,401841086,https://www.espn.com/soccer/match/_/gameId/401841086/bahia-flamengo,ESPN,https://www.espn.com/soccer/team/results/_/id/9967/season/2026
2026,Bahia,9967,2026-04-22,"Wed, Apr 22",,Copa do Brasil,Bahia,9967,Remo,4936,1,3,1 - 3 1st Leg,FT,D,casa,401866347,https://www.espn.com/soccer/match/_/gameId/401866347/remo-bahia,ESPN,https://www.espn.com/soccer/team/results/_/id/9967/season/2026
2026,Bahia,9967,2026-04-25,"Sat, Apr 25",,Brazilian Serie A,Bahia,9967,Santos,2674,2,2,2 - 2,FT,E,casa,401841095,https://www.espn.com/soccer/match/_/gameId/401841095/santos-bahia,ESPN,https://www.espn.com/soccer/team/results/_/id/9967/season/2026
2026,Bahia,9967,2026-05-03,"Sun, May 3",,Brazilian Serie A,São Paulo,2026,Bahia,9967,2,2,2 - 2,FT,E,fora,401841101,https://www.espn.com/soccer/match/_/gameId/401841101/bahia-sao-paulo,ESPN,https://www.espn.com/soccer/team/results/_/id/9967/season/2026
2026,Bahia,9967,2026-05-09,"Sat, May 9",,Brazilian Serie A,Bahia,9967,Cruzeiro,2022,1,2,1 - 2,FT,D,casa,401841116,https://www.espn.com/soccer/match/_/gameId/401841116/cruzeiro-bahia,ESPN,https://www.espn.com/soccer/team/results/_/id/9967/season/2026
2026,Bahia,9967,2026-05-13,"Wed, May 13",,Copa do Brasil,Remo,4936,Bahia,9967,2,1,2 - 1 2nd Leg · Remo wins 5-2 on aggregate,FT,D,fora,401866351,https://www.espn.com/soccer/match/_/gameId/401866351/bahia-remo,ESPN,https://www.espn.com/soccer/team/results/_/id/9967/season/2026
2026,Bahia,9967,2026-05-17,"Sun, May 17",3:00 PM,Brazilian Serie A,Bahia,9967,Grêmio,6273,,,,agendado,,casa,401841119,https://www.espn.com/soccer/match/_/gameId/401841119/gremio-bahia,ESPN,https://www.espn.com/soccer/team/fixtures/_/id/9967/season/2026
2026,Bahia,9967,2026-05-25,"Mon, May 25",7:00 PM,Brazilian Serie A,Coritiba,3456,Bahia,9967,,,,agendado,,fora,401841129,https://www.espn.com/soccer/match/_/gameId/401841129/bahia-coritiba,ESPN,https://www.espn.com/soccer/team/fixtures/_/id/9967/season/2026
2026,Bahia,9967,2026-05-30,"Sat, May 30",4:30 PM,Brazilian Serie A,Bahia,9967,Botafogo,6086,,,,agendado,,casa,401841146,https://www.espn.com/soccer/match/_/gameId/401841146/botafogo-bahia,ESPN,https://www.espn.com/soccer/team/fixtures/_/id/9967/season/2026
2026,Bahia,9967,2026-07-22,"Wed, Jul 22",TBD,Brazilian Serie A,Atlético-MG,7632,Bahia,9967,,,,agendado,,fora,401841148,https://www.espn.com/soccer/match/_/gameId/401841148/bahia-atletico-mg,ESPN,https://www.espn.com/soccer/team/fixtures/_/id/9967/season/2026
2026,Bahia,9967,2026-07-25,"Sat, Jul 25",TBD,Brazilian Serie A,Bahia,9967,Corinthians,874,,,,agendado,,casa,401841159,https://www.espn.com/soccer/match/_/gameId/401841159/corinthians-bahia,ESPN,https://www.espn.com/soccer/team/fixtures/_/id/9967/season/2026
2026,Bahia,9967,2026-07-29,"Wed, Jul 29",TBD,Brazilian Serie A,Fluminense,3445,Bahia,9967,,,,agendado,,fora,401841177,https://www.espn.com/soccer/match/_/gameId/401841177/bahia-fluminense,ESPN,https://www.espn.com/soccer/team/fixtures/_/id/9967/season/2026
2026,Bahia,9967,2026-08-08,"Sat, Aug 8",TBD,Brazilian Serie A,Bahia,9967,Vasco da Gama,3454,,,,agendado,,casa,401841186,https://www.espn.com/soccer/match/_/gameId/401841186/vasco-da-gama-bahia,ESPN,https://www.espn.com/soccer/team/fixtures/_/id/9967/season/2026
2026,Bahia,9967,2026-08-15,"Sat, Aug 15",TBD,Brazilian Serie A,Chapecoense,9318,Bahia,9967,,,,agendado,,fora,401841194,https://www.espn.com/soccer/match/_/gameId/401841194/bahia-chapecoense,ESPN,https://www.espn.com/soccer/team/fixtures/_/id/9967/season/2026
2026,Bahia,9967,2026-08-22,"Sat, Aug 22",TBD,Brazilian Serie A,Vitória,3457,Bahia,9967,,,,agendado,,fora,401841200,https://www.espn.com/soccer/match/_/gameId/401841200/bahia-vitoria,ESPN,https://www.espn.com/soccer/team/fixtures/_/id/9967/season/2026
2026,Bahia,9967,2026-08-29,"Sat, Aug 29",TBD,Brazilian Serie A,Bahia,9967,Internacional,1936,,,,agendado,,casa,401841215,https://www.espn.com/soccer/match/_/gameId/401841215/internacional-bahia,ESPN,https://www.espn.com/soccer/team/fixtures/_/id/9967/season/2026
2026,Bahia,9967,2026-09-05,"Sat, Sep 5",TBD,Brazilian Serie A,Red Bull Bragantino,6079,Bahia,9967,,,,agendado,,fora,401841224,https://www.espn.com/soccer/match/_/gameId/401841224/bahia-red-bull-bragantino,ESPN,https://www.espn.com/soccer/team/fixtures/_/id/9967/season/2026
2026,Bahia,9967,2026-09-12,"Sat, Sep 12",TBD,Brazilian Serie A,Bahia,9967,Remo,4936,,,,agendado,,casa,401841230,https://www.espn.com/soccer/match/_/gameId/401841230/remo-bahia,ESPN,https://www.espn.com/soccer/team/fixtures/_/id/9967/season/2026
2026,Bahia,9967,2026-09-19,"Sat, Sep 19",TBD,Brazilian Serie A,Athletico Paranaense,3458,Bahia,9967,,,,agendado,,fora,401841238,https://www.espn.com/soccer/match/_/gameId/401841238/bahia-athletico-paranaense,ESPN,https://www.espn.com/soccer/team/fixtures/_/id/9967/season/2026
2026,Bahia,9967,2026-10-07,"Wed, Oct 7",TBD,Brazilian Serie A,Palmeiras,2029,Bahia,9967,,,,agendado,,fora,401841254,https://www.espn.com/soccer/match/_/gameId/401841254/bahia-palmeiras,ESPN,https://www.espn.com/soccer/team/fixtures/_/id/9967/season/2026
2026,Bahia,9967,2026-10-10,"Sat, Oct 10",TBD,Brazilian Serie A,Bahia,9967,Mirassol,9169,,,,agendado,,casa,401841266,https://www.espn.com/soccer/match/_/gameId/401841266/mirassol-bahia,ESPN,https://www.espn.com/soccer/team/fixtures/_/id/9967/season/2026
2026,Bahia,9967,2026-10-17,"Sat, Oct 17",TBD,Brazilian Serie A,Bahia,9967,Flamengo,819,,,,agendado,,casa,401841269,https://www.espn.com/soccer/match/_/gameId/401841269/flamengo-bahia,ESPN,https://www.espn.com/soccer/team/fixtures/_/id/9967/season/2026
2026,Bahia,9967,2026-10-24,"Sat, Oct 24",TBD,Brazilian Serie A,Santos,2674,Bahia,9967,,,,agendado,,fora,401841282,https://www.espn.com/soccer/match/_/gameId/401841282/bahia-santos,ESPN,https://www.espn.com/soccer/team/fixtures/_/id/9967/season/2026
2026,Bahia,9967,2026-10-28,"Wed, Oct 28",TBD,Brazilian Serie A,Bahia,9967,São Paulo,2026,,,,agendado,,casa,401841296,https://www.espn.com/soccer/match/_/gameId/401841296/sao-paulo-bahia,ESPN,https://www.espn.com/soccer/team/fixtures/_/id/9967/season/2026
2026,Bahia,9967,2026-11-04,"Wed, Nov 4",TBD,Brazilian Serie A,Cruzeiro,2022,Bahia,9967,,,,agendado,,fora,401841303,https://www.espn.com/soccer/match/_/gameId/401841303/bahia-cruzeiro,ESPN,https://www.espn.com/soccer/team/fixtures/_/id/9967/season/2026
2026,Bahia,9967,2026-11-18,"Wed, Nov 18",TBD,Brazilian Serie A,Grêmio,6273,Bahia,9967,,,,agendado,,fora,401841312,https://www.espn.com/soccer/match/_/gameId/401841312/bahia-gremio,ESPN,https://www.espn.com/soccer/team/fixtures/_/id/9967/season/2026
2026,Bahia,9967,2026-11-21,"Sat, Nov 21",TBD,Brazilian Serie A,Bahia,9967,Coritiba,3456,,,,agendado,,casa,401841327,https://www.espn.com/soccer/match/_/gameId/401841327/coritiba-bahia,ESPN,https://www.espn.com/soccer/team/fixtures/_/id/9967/season/2026
2026,Bahia,9967,2026-11-28,"Sat, Nov 28",TBD,Brazilian Serie A,Botafogo,6086,Bahia,9967,,,,agendado,,fora,401841336,https://www.espn.com/soccer/match/_/gameId/401841336/bahia-botafogo,ESPN,https://www.espn.com/soccer/team/fixtures/_/id/9967/season/2026
2026,Bahia,9967,2026-12-02,"Wed, Dec 2",TBD,Brazilian Serie A,Bahia,9967,Atlético-MG,7632,,,,agendado,,casa,401841339,https://www.espn.com/soccer/match/_/gameId/401841339/atletico-mg-bahia,ESPN,https://www.espn.com/soccer/team/fixtures/_/id/9967/season/2026
2026,Botafogo,6086,2026-01-15,"Thu, Jan 15",,Brazilian Campeonato Carioca,Portuguesa-RJ,18134,Botafogo,6086,0,2,0 - 2,FT,V,fora,751640,https://www.espn.com/soccer/match/_/gameId/751640/botafogo-portuguesa-rj,ESPN,https://www.espn.com/soccer/team/results/_/id/6086/season/2026
2026,Botafogo,6086,2026-01-18,"Sun, Jan 18",,Brazilian Campeonato Carioca,Sampaio Correa RJ,20855,Botafogo,6086,2,1,2 - 1,FT,D,fora,751647,https://www.espn.com/soccer/match/_/gameId/751647/botafogo-sampaio-correa-rj,ESPN,https://www.espn.com/soccer/team/results/_/id/6086/season/2026
2026,Botafogo,6086,2026-01-21,"Wed, Jan 21",,Brazilian Campeonato Carioca,Botafogo,6086,Volta Redonda,4806,1,0,1 - 0,FT,V,casa,751652,https://www.espn.com/soccer/match/_/gameId/751652/volta-redonda-botafogo,ESPN,https://www.espn.com/soccer/team/results/_/id/6086/season/2026
2026,Botafogo,6086,2026-01-24,"Sat, Jan 24",,Brazilian Campeonato Carioca,Botafogo,6086,Bangu,10265,2,0,2 - 0,FT,V,casa,751658,https://www.espn.com/soccer/match/_/gameId/751658/bangu-botafogo,ESPN,https://www.espn.com/soccer/team/results/_/id/6086/season/2026
2026,Botafogo,6086,2026-01-29,"Thu, Jan 29",,Brazilian Serie A,Botafogo,6086,Cruzeiro,2022,4,0,4 - 0,FT,V,casa,401840809,https://www.espn.com/soccer/match/_/gameId/401840809/cruzeiro-botafogo,ESPN,https://www.espn.com/soccer/team/results/_/id/6086/season/2026
2026,Botafogo,6086,2026-02-01,"Sun, Feb 1",,Brazilian Campeonato Carioca,Botafogo,6086,Fluminense,3445,0,1,0 - 1,FT,D,casa,751663,https://www.espn.com/soccer/match/_/gameId/751663/fluminense-botafogo,ESPN,https://www.espn.com/soccer/team/results/_/id/6086/season/2026
2026,Botafogo,6086,2026-02-04,"Wed, Feb 4",,Brazilian Serie A,Grêmio,6273,Botafogo,6086,5,3,5 - 3,FT,D,fora,401840987,https://www.espn.com/soccer/match/_/gameId/401840987/botafogo-gremio,ESPN,https://www.espn.com/soccer/team/results/_/id/6086/season/2026
2026,Botafogo,6086,2026-02-08,"Sun, Feb 8",,Brazilian Campeonato Carioca,Vasco da Gama,3454,Botafogo,6086,2,0,2 - 0,FT,D,fora,751673,https://www.espn.com/soccer/match/_/gameId/751673/botafogo-vasco-da-gama,ESPN,https://www.espn.com/soccer/team/results/_/id/6086/season/2026
2026,Botafogo,6086,2026-02-12,"Thu, Feb 12",,Brazilian Serie A,Fluminense,3445,Botafogo,6086,1,0,1 - 0,FT,D,fora,401840992,https://www.espn.com/soccer/match/_/gameId/401840992/botafogo-fluminense,ESPN,https://www.espn.com/soccer/team/results/_/id/6086/season/2026
2026,Botafogo,6086,2026-02-15,"Sun, Feb 15",,Brazilian Campeonato Carioca,Botafogo,6086,Flamengo,819,1,2,1 - 2,FT,D,casa,401860444,https://www.espn.com/soccer/match/_/gameId/401860444/flamengo-botafogo,ESPN,https://www.espn.com/soccer/team/results/_/id/6086/season/2026
2026,Botafogo,6086,2026-02-18,"Wed, Feb 18",,CONMEBOL Libertadores,Nacional Potosí,10311,Botafogo,6086,1,0,1 - 0 1st Leg,FT,D,fora,401842637,https://www.espn.com/soccer/match/_/gameId/401842637/botafogo-nacional-potosi,ESPN,https://www.espn.com/soccer/team/results/_/id/6086/season/2026
2026,Botafogo,6086,2026-02-21,"Sat, Feb 21",,Brazilian Campeonato Carioca,Boavista,900,Botafogo,6086,0,2,0 - 2 1st Leg,FT,V,fora,401861656,https://www.espn.com/soccer/match/_/gameId/401861656/botafogo-boavista,ESPN,https://www.espn.com/soccer/team/results/_/id/6086/season/2026
2026,Botafogo,6086,2026-02-25,"Wed, Feb 25",,CONMEBOL Libertadores,Botafogo,6086,Nacional Potosí,10311,2,0,2 - 0 2nd Leg · Botafogo wins 2-1 on aggregate,FT,V,casa,401842646,https://www.espn.com/soccer/match/_/gameId/401842646/nacional-potosi-botafogo,ESPN,https://www.espn.com/soccer/team/results/_/id/6086/season/2026
2026,Botafogo,6086,2026-02-28,"Sat, Feb 28",,Brazilian Campeonato Carioca,Botafogo,6086,Boavista,900,0,0,0 - 0 2nd Leg,FT,E,casa,401861660,https://www.espn.com/soccer/match/_/gameId/401861660/boavista-botafogo,ESPN,https://www.espn.com/soccer/team/results/_/id/6086/season/2026
2026,Botafogo,6086,2026-03-03,"Tue, Mar 3",,CONMEBOL Libertadores,Barcelona SC,2686,Botafogo,6086,1,1,1 - 1 1st Leg,FT,E,fora,401862714,https://www.espn.com/soccer/match/_/gameId/401862714/botafogo-barcelona-sc,ESPN,https://www.espn.com/soccer/team/results/_/id/6086/season/2026
2026,Botafogo,6086,2026-03-07,"Sat, Mar 7",,Brazilian Campeonato Carioca,Botafogo,6086,Bangu,10265,3,1,3 - 1,FT,V,casa,401863448,https://www.espn.com/soccer/match/_/gameId/401863448/bangu-botafogo,ESPN,https://www.espn.com/soccer/team/results/_/id/6086/season/2026
2026,Botafogo,6086,2026-03-10,"Tue, Mar 10",,CONMEBOL Libertadores,Botafogo,6086,Barcelona SC,2686,0,1,0 - 1 2nd Leg · Barcelona SC wins 2-1 on aggregate,FT,D,casa,401862715,https://www.espn.com/soccer/match/_/gameId/401862715/barcelona-sc-botafogo,ESPN,https://www.espn.com/soccer/team/results/_/id/6086/season/2026
2026,Botafogo,6086,2026-03-14,"Sat, Mar 14",,Brazilian Serie A,Botafogo,6086,Flamengo,819,0,3,0 - 3,FT,D,casa,401841026,https://www.espn.com/soccer/match/_/gameId/401841026/flamengo-botafogo,ESPN,https://www.espn.com/soccer/team/results/_/id/6086/season/2026
2026,Botafogo,6086,2026-03-18,"Wed, Mar 18",,Brazilian Serie A,Palmeiras,2029,Botafogo,6086,2,1,2 - 1,FT,D,fora,401841032,https://www.espn.com/soccer/match/_/gameId/401841032/botafogo-palmeiras,ESPN,https://www.espn.com/soccer/team/results/_/id/6086/season/2026
2026,Botafogo,6086,2026-03-21,"Sat, Mar 21",,Brazilian Serie A,Red Bull Bragantino,6079,Botafogo,6086,1,2,1 - 2,FT,V,fora,401841047,https://www.espn.com/soccer/match/_/gameId/401841047/botafogo-red-bull-bragantino,ESPN,https://www.espn.com/soccer/team/results/_/id/6086/season/2026
2026,Botafogo,6086,2026-03-29,"Sun, Mar 29",,Brazilian Serie A,Athletico Paranaense,3458,Botafogo,6086,4,1,4 - 1,FT,D,fora,401841016,https://www.espn.com/soccer/match/_/gameId/401841016/botafogo-athletico-paranaense,ESPN,https://www.espn.com/soccer/team/results/_/id/6086/season/2026
2026,Botafogo,6086,2026-04-01,"Wed, Apr 1",,Brazilian Serie A,Botafogo,6086,Mirassol,9169,3,2,3 - 2,FT,V,casa,401841057,https://www.espn.com/soccer/match/_/gameId/401841057/mirassol-botafogo,ESPN,https://www.espn.com/soccer/team/results/_/id/6086/season/2026
2026,Botafogo,6086,2026-04-04,"Sat, Apr 4",,Brazilian Serie A,Vasco da Gama,3454,Botafogo,6086,1,2,1 - 2,FT,V,fora,401841062,https://www.espn.com/soccer/match/_/gameId/401841062/botafogo-vasco-da-gama,ESPN,https://www.espn.com/soccer/team/results/_/id/6086/season/2026
2026,Botafogo,6086,2026-04-09,"Thu, Apr 9",,CONMEBOL Sudamericana,Botafogo,6086,Caracas FC,4811,1,1,1 - 1,FT,E,casa,401865371,https://www.espn.com/soccer/match/_/gameId/401865371/caracas-fc-botafogo,ESPN,https://www.espn.com/soccer/team/results/_/id/6086/season/2026
2026,Botafogo,6086,2026-04-12,"Sun, Apr 12",,Brazilian Serie A,Botafogo,6086,Coritiba,3456,2,2,2 - 2,FT,E,casa,401841070,https://www.espn.com/soccer/match/_/gameId/401841070/coritiba-botafogo,ESPN,https://www.espn.com/soccer/team/results/_/id/6086/season/2026
2026,Botafogo,6086,2026-04-15,"Wed, Apr 15",,CONMEBOL Sudamericana,Racing Club,15,Botafogo,6086,2,3,2 - 3,FT,V,fora,401865399,https://www.espn.com/soccer/match/_/gameId/401865399/botafogo-racing-club,ESPN,https://www.espn.com/soccer/team/results/_/id/6086/season/2026
2026,Botafogo,6086,2026-04-18,"Sat, Apr 18",,Brazilian Serie A,Chapecoense,9318,Botafogo,6086,1,4,1 - 4,FT,V,fora,401841078,https://www.espn.com/soccer/match/_/gameId/401841078/botafogo-chapecoense,ESPN,https://www.espn.com/soccer/team/results/_/id/6086/season/2026
2026,Botafogo,6086,2026-04-21,"Tue, Apr 21",,Copa do Brasil,Botafogo,6086,Chapecoense,9318,1,0,1 - 0 1st Leg,FT,V,casa,401866345,https://www.espn.com/soccer/match/_/gameId/401866345/chapecoense-botafogo,ESPN,https://www.espn.com/soccer/team/results/_/id/6086/season/2026
2026,Botafogo,6086,2026-04-25,"Sat, Apr 25",,Brazilian Serie A,Botafogo,6086,Internacional,1936,2,2,2 - 2,FT,E,casa,401841094,https://www.espn.com/soccer/match/_/gameId/401841094/internacional-botafogo,ESPN,https://www.espn.com/soccer/team/results/_/id/6086/season/2026
2026,Botafogo,6086,2026-04-28,"Tue, Apr 28",,CONMEBOL Sudamericana,Botafogo,6086,Independiente Petrolero,20889,3,0,3 - 0,FT,V,casa,401865405,https://www.espn.com/soccer/match/_/gameId/401865405/independiente-petrolero-botafogo,ESPN,https://www.espn.com/soccer/team/results/_/id/6086/season/2026
2026,Botafogo,6086,2026-05-02,"Sat, May 2",,Brazilian Serie A,Botafogo,6086,Remo,4936,1,2,1 - 2,FT,D,casa,401841107,https://www.espn.com/soccer/match/_/gameId/401841107/remo-botafogo,ESPN,https://www.espn.com/soccer/team/results/_/id/6086/season/2026
2026,Botafogo,6086,2026-05-06,"Wed, May 6",,CONMEBOL Sudamericana,Botafogo,6086,Racing Club,15,2,1,2 - 1,FT,V,casa,401865419,https://www.espn.com/soccer/match/_/gameId/401865419/racing-club-botafogo,ESPN,https://www.espn.com/soccer/team/results/_/id/6086/season/2026
2026,Botafogo,6086,2026-05-10,"Sun, May 10",,Brazilian Serie A,Atlético-MG,7632,Botafogo,6086,1,1,1 - 1,FT,E,fora,401841108,https://www.espn.com/soccer/match/_/gameId/401841108/botafogo-atletico-mg,ESPN,https://www.espn.com/soccer/team/results/_/id/6086/season/2026
2026,Botafogo,6086,2026-05-14,"Thu, May 14",,Copa do Brasil,Chapecoense,9318,Botafogo,6086,2,0,2 - 0 2nd Leg · Chapecoense wins 2-1 on aggregate,FT,D,fora,401866361,https://www.espn.com/soccer/match/_/gameId/401866361/botafogo-chapecoense,ESPN,https://www.espn.com/soccer/team/results/_/id/6086/season/2026
2026,Botafogo,6086,2026-05-17,"Sun, May 17",3:00 PM,Brazilian Serie A,Botafogo,6086,Corinthians,874,,,,agendado,,casa,401841118,https://www.espn.com/soccer/match/_/gameId/401841118/corinthians-botafogo,ESPN,https://www.espn.com/soccer/team/fixtures/_/id/6086/season/2026
2026,Botafogo,6086,2026-05-20,"Wed, May 20",8:00 PM,CONMEBOL Sudamericana,Independiente Petrolero,20889,Botafogo,6086,,,,agendado,,fora,401865450,https://www.espn.com/soccer/match/_/gameId/401865450/botafogo-independiente-petrolero,ESPN,https://www.espn.com/soccer/team/fixtures/_/id/6086/season/2026
2026,Botafogo,6086,2026-05-23,"Sat, May 23",4:00 PM,Brazilian Serie A,São Paulo,2026,Botafogo,6086,,,,agendado,,fora,401841132,https://www.espn.com/soccer/match/_/gameId/401841132/botafogo-sao-paulo,ESPN,https://www.espn.com/soccer/team/fixtures/_/id/6086/season/2026
2026,Botafogo,6086,2026-05-27,"Wed, May 27",6:00 PM,CONMEBOL Sudamericana,Caracas FC,4811,Botafogo,6086,,,,agendado,,fora,401865453,https://www.espn.com/soccer/match/_/gameId/401865453/botafogo-caracas-fc,ESPN,https://www.espn.com/soccer/team/fixtures/_/id/6086/season/2026
2026,Botafogo,6086,2026-05-30,"Sat, May 30",4:30 PM,Brazilian Serie A,Bahia,9967,Botafogo,6086,,,,agendado,,fora,401841146,https://www.espn.com/soccer/match/_/gameId/401841146/botafogo-bahia,ESPN,https://www.espn.com/soccer/team/fixtures/_/id/6086/season/2026
2026,Botafogo,6086,2026-07-22,"Wed, Jul 22",TBD,Brazilian Serie A,Botafogo,6086,Santos,2674,,,,agendado,,casa,401841149,https://www.espn.com/soccer/match/_/gameId/401841149/santos-botafogo,ESPN,https://www.espn.com/soccer/team/fixtures/_/id/6086/season/2026
2026,Botafogo,6086,2026-07-25,"Sat, Jul 25",TBD,Brazilian Serie A,Cruzeiro,2022,Botafogo,6086,,,,agendado,,fora,401841167,https://www.espn.com/soccer/match/_/gameId/401841167/botafogo-cruzeiro,ESPN,https://www.espn.com/soccer/team/fixtures/_/id/6086/season/2026
2026,Botafogo,6086,2026-07-29,"Wed, Jul 29",TBD,Brazilian Serie A,Botafogo,6086,Grêmio,6273,,,,agendado,,casa,401841176,https://www.espn.com/soccer/match/_/gameId/401841176/gremio-botafogo,ESPN,https://www.espn.com/soccer/team/fixtures/_/id/6086/season/2026
2026,Botafogo,6086,2026-08-08,"Sat, Aug 8",TBD,Brazilian Serie A,Botafogo,6086,Fluminense,3445,,,,agendado,,casa,401841185,https://www.espn.com/soccer/match/_/gameId/401841185/fluminense-botafogo,ESPN,https://www.espn.com/soccer/team/fixtures/_/id/6086/season/2026
2026,Botafogo,6086,2026-08-15,"Sat, Aug 15",TBD,Brazilian Serie A,Vitória,3457,Botafogo,6086,,,,agendado,,fora,401841197,https://www.espn.com/soccer/match/_/gameId/401841197/botafogo-vitoria,ESPN,https://www.espn.com/soccer/team/fixtures/_/id/6086/season/2026
2026,Botafogo,6086,2026-08-22,"Sat, Aug 22",TBD,Brazilian Serie A,Botafogo,6086,Athletico Paranaense,3458,,,,agendado,,casa,401841198,https://www.espn.com/soccer/match/_/gameId/401841198/athletico-paranaense-botafogo,ESPN,https://www.espn.com/soccer/team/fixtures/_/id/6086/season/2026
2026,Botafogo,6086,2026-08-29,"Sat, Aug 29",TBD,Brazilian Serie A,Flamengo,819,Botafogo,6086,,,,agendado,,fora,401841213,https://www.espn.com/soccer/match/_/gameId/401841213/botafogo-flamengo,ESPN,https://www.espn.com/soccer/team/fixtures/_/id/6086/season/2026
2026,Botafogo,6086,2026-09-05,"Sat, Sep 5",TBD,Brazilian Serie A,Botafogo,6086,Palmeiras,2029,,,,agendado,,casa,401841221,https://www.espn.com/soccer/match/_/gameId/401841221/palmeiras-botafogo,ESPN,https://www.espn.com/soccer/team/fixtures/_/id/6086/season/2026
2026,Botafogo,6086,2026-09-12,"Sat, Sep 12",TBD,Brazilian Serie A,Botafogo,6086,Red Bull Bragantino,6079,,,,agendado,,casa,401841229,https://www.espn.com/soccer/match/_/gameId/401841229/red-bull-bragantino-botafogo,ESPN,https://www.espn.com/soccer/team/fixtures/_/id/6086/season/2026
2026,Botafogo,6086,2026-09-19,"Sat, Sep 19",TBD,Brazilian Serie A,Mirassol,9169,Botafogo,6086,,,,agendado,,fora,401841245,https://www.espn.com/soccer/match/_/gameId/401841245/botafogo-mirassol,ESPN,https://www.espn.com/soccer/team/fixtures/_/id/6086/season/2026
2026,Botafogo,6086,2026-10-07,"Wed, Oct 7",TBD,Brazilian Serie A,Botafogo,6086,Vasco da Gama,3454,,,,agendado,,casa,401841257,https://www.espn.com/soccer/match/_/gameId/401841257/vasco-da-gama-botafogo,ESPN,https://www.espn.com/soccer/team/fixtures/_/id/6086/season/2026
2026,Botafogo,6086,2026-10-10,"Sat, Oct 10",TBD,Brazilian Serie A,Coritiba,3456,Botafogo,6086,,,,agendado,,fora,401841264,https://www.espn.com/soccer/match/_/gameId/401841264/botafogo-coritiba,ESPN,https://www.espn.com/soccer/team/fixtures/_/id/6086/season/2026
2026,Botafogo,6086,2026-10-17,"Sat, Oct 17",TBD,Brazilian Serie A,Botafogo,6086,Chapecoense,9318,,,,agendado,,casa,401841268,https://www.espn.com/soccer/match/_/gameId/401841268/chapecoense-botafogo,ESPN,https://www.espn.com/soccer/team/fixtures/_/id/6086/season/2026
2026,Botafogo,6086,2026-10-24,"Sat, Oct 24",TBD,Brazilian Serie A,Internacional,1936,Botafogo,6086,,,,agendado,,fora,401841285,https://www.espn.com/soccer/match/_/gameId/401841285/botafogo-internacional,ESPN,https://www.espn.com/soccer/team/fixtures/_/id/6086/season/2026
2026,Botafogo,6086,2026-10-28,"Wed, Oct 28",TBD,Brazilian Serie A,Remo,4936,Botafogo,6086,,,,agendado,,fora,401841297,https://www.espn.com/soccer/match/_/gameId/401841297/botafogo-remo,ESPN,https://www.espn.com/soccer/team/fixtures/_/id/6086/season/2026
2026,Botafogo,6086,2026-11-04,"Wed, Nov 4",TBD,Brazilian Serie A,Botafogo,6086,Atlético-MG,7632,,,,agendado,,casa,401841305,https://www.espn.com/soccer/match/_/gameId/401841305/atletico-mg-botafogo,ESPN,https://www.espn.com/soccer/team/fixtures/_/id/6086/season/2026
2026,Botafogo,6086,2026-11-18,"Wed, Nov 18",TBD,Brazilian Serie A,Corinthians,874,Botafogo,6086,,,,agendado,,fora,401841316,https://www.espn.com/soccer/match/_/gameId/401841316/botafogo-corinthians,ESPN,https://www.espn.com/soccer/team/fixtures/_/id/6086/season/2026
2026,Botafogo,6086,2026-11-21,"Sat, Nov 21",TBD,Brazilian Serie A,Botafogo,6086,São Paulo,2026,,,,agendado,,casa,401841326,https://www.espn.com/soccer/match/_/gameId/401841326/sao-paulo-botafogo,ESPN,https://www.espn.com/soccer/team/fixtures/_/id/6086/season/2026
2026,Botafogo,6086,2026-11-28,"Sat, Nov 28",TBD,Brazilian Serie A,Botafogo,6086,Bahia,9967,,,,agendado,,casa,401841336,https://www.espn.com/soccer/match/_/gameId/401841336/bahia-botafogo,ESPN,https://www.espn.com/soccer/team/fixtures/_/id/6086/season/2026
2026,Botafogo,6086,2026-12-02,"Wed, Dec 2",TBD,Brazilian Serie A,Santos,2674,Botafogo,6086,,,,agendado,,fora,401841346,https://www.espn.com/soccer/match/_/gameId/401841346/botafogo-santos,ESPN,https://www.espn.com/soccer/team/fixtures/_/id/6086/season/2026
2026,Chapecoense,9318,2026-01-28,"Wed, Jan 28",,Brazilian Serie A,Chapecoense,9318,Santos,2674,4,2,4 - 2,FT,V,casa,401840810,https://www.espn.com/soccer/match/_/gameId/401840810/santos-chapecoense,ESPN,https://www.espn.com/soccer/team/results/_/id/9318/season/2026
2026,Chapecoense,9318,2026-02-05,"Thu, Feb 5",,Brazilian Serie A,Vasco da Gama,3454,Chapecoense,9318,1,1,1 - 1,FT,E,fora,401840982,https://www.espn.com/soccer/match/_/gameId/401840982/chapecoense-vasco-da-gama,ESPN,https://www.espn.com/soccer/team/results/_/id/9318/season/2026
2026,Chapecoense,9318,2026-02-11,"Wed, Feb 11",,Brazilian Serie A,Chapecoense,9318,Coritiba,3456,3,3,3 - 3,FT,E,casa,401840989,https://www.espn.com/soccer/match/_/gameId/401840989/coritiba-chapecoense,ESPN,https://www.espn.com/soccer/team/results/_/id/9318/season/2026
2026,Chapecoense,9318,2026-03-12,"Thu, Mar 12",,Brazilian Serie A,São Paulo,2026,Chapecoense,9318,2,0,2 - 0,FT,D,fora,401841008,https://www.espn.com/soccer/match/_/gameId/401841008/chapecoense-sao-paulo,ESPN,https://www.espn.com/soccer/team/results/_/id/9318/season/2026
2026,Chapecoense,9318,2026-03-16,"Mon, Mar 16",,Brazilian Serie A,Chapecoense,9318,Grêmio,6273,1,1,1 - 1,FT,E,casa,401841025,https://www.espn.com/soccer/match/_/gameId/401841025/gremio-chapecoense,ESPN,https://www.espn.com/soccer/team/results/_/id/9318/season/2026
2026,Chapecoense,9318,2026-03-19,"Thu, Mar 19",,Brazilian Serie A,Chapecoense,9318,Corinthians,874,0,0,0 - 0,FT,E,casa,401841036,https://www.espn.com/soccer/match/_/gameId/401841036/corinthians-chapecoense,ESPN,https://www.espn.com/soccer/team/results/_/id/9318/season/2026
2026,Chapecoense,9318,2026-03-22,"Sun, Mar 22",,Brazilian Serie A,Internacional,1936,Chapecoense,9318,2,0,2 - 0,FT,D,fora,401841043,https://www.espn.com/soccer/match/_/gameId/401841043/chapecoense-internacional,ESPN,https://www.espn.com/soccer/team/results/_/id/9318/season/2026
2026,Chapecoense,9318,2026-04-02,"Thu, Apr 2",,Brazilian Serie A,Chapecoense,9318,Atlético-MG,7632,0,4,0 - 4,FT,D,casa,401841049,https://www.espn.com/soccer/match/_/gameId/401841049/atletico-mg-chapecoense,ESPN,https://www.espn.com/soccer/team/results/_/id/9318/season/2026
2026,Chapecoense,9318,2026-04-05,"Sun, Apr 5",,Brazilian Serie A,Chapecoense,9318,Vitória,3457,1,1,1 - 1,FT,E,casa,401841065,https://www.espn.com/soccer/match/_/gameId/401841065/vitoria-chapecoense,ESPN,https://www.espn.com/soccer/team/results/_/id/9318/season/2026
2026,Chapecoense,9318,2026-04-12,"Sun, Apr 12",,Brazilian Serie A,Athletico Paranaense,3458,Chapecoense,9318,2,0,2 - 0,FT,D,fora,401841071,https://www.espn.com/soccer/match/_/gameId/401841071/chapecoense-athletico-paranaense,ESPN,https://www.espn.com/soccer/team/results/_/id/9318/season/2026
2026,Chapecoense,9318,2026-04-18,"Sat, Apr 18",,Brazilian Serie A,Chapecoense,9318,Botafogo,6086,1,4,1 - 4,FT,D,casa,401841078,https://www.espn.com/soccer/match/_/gameId/401841078/botafogo-chapecoense,ESPN,https://www.espn.com/soccer/team/results/_/id/9318/season/2026
2026,Chapecoense,9318,2026-04-21,"Tue, Apr 21",,Copa do Brasil,Botafogo,6086,Chapecoense,9318,1,0,1 - 0 1st Leg,FT,D,fora,401866345,https://www.espn.com/soccer/match/_/gameId/401866345/chapecoense-botafogo,ESPN,https://www.espn.com/soccer/team/results/_/id/9318/season/2026
2026,Chapecoense,9318,2026-04-26,"Sun, Apr 26",,Brazilian Serie A,Fluminense,3445,Chapecoense,9318,2,1,2 - 1,FT,D,fora,401841090,https://www.espn.com/soccer/match/_/gameId/401841090/chapecoense-fluminense,ESPN,https://www.espn.com/soccer/team/results/_/id/9318/season/2026
2026,Chapecoense,9318,2026-05-03,"Sun, May 3",,Brazilian Serie A,Chapecoense,9318,Red Bull Bragantino,6079,1,2,1 - 2,FT,D,casa,401841099,https://www.espn.com/soccer/match/_/gameId/401841099/red-bull-bragantino-chapecoense,ESPN,https://www.espn.com/soccer/team/results/_/id/9318/season/2026
2026,Chapecoense,9318,2026-05-10,"Sun, May 10",,Brazilian Serie A,Mirassol,9169,Chapecoense,9318,1,1,1 - 1,FT,E,fora,401841111,https://www.espn.com/soccer/match/_/gameId/401841111/chapecoense-mirassol,ESPN,https://www.espn.com/soccer/team/results/_/id/9318/season/2026
2026,Chapecoense,9318,2026-05-14,"Thu, May 14",,Copa do Brasil,Chapecoense,9318,Botafogo,6086,2,0,2 - 0 2nd Leg · Chapecoense wins 2-1 on aggregate,FT,V,casa,401866361,https://www.espn.com/soccer/match/_/gameId/401866361/botafogo-chapecoense,ESPN,https://www.espn.com/soccer/team/results/_/id/9318/season/2026
2026,Chapecoense,9318,2026-05-17,"Sun, May 17",5:30 PM,Brazilian Serie A,Chapecoense,9318,Remo,4936,,,,agendado,,casa,401841122,https://www.espn.com/soccer/match/_/gameId/401841122/remo-chapecoense,ESPN,https://www.espn.com/soccer/team/fixtures/_/id/9318/season/2026
2026,Chapecoense,9318,2026-05-24,"Sun, May 24",3:00 PM,Brazilian Serie A,Cruzeiro,2022,Chapecoense,9318,,,,agendado,,fora,401841137,https://www.espn.com/soccer/match/_/gameId/401841137/chapecoense-cruzeiro,ESPN,https://www.espn.com/soccer/team/fixtures/_/id/9318/season/2026
2026,Chapecoense,9318,2026-05-31,"Sun, May 31",3:00 PM,Brazilian Serie A,Palmeiras,2029,Chapecoense,9318,,,,agendado,,fora,401841140,https://www.espn.com/soccer/match/_/gameId/401841140/chapecoense-palmeiras,ESPN,https://www.espn.com/soccer/team/fixtures/_/id/9318/season/2026
2026,Chapecoense,9318,2026-07-22,"Wed, Jul 22",TBD,Brazilian Serie A,Chapecoense,9318,Flamengo,819,,,,agendado,,casa,401841150,https://www.espn.com/soccer/match/_/gameId/401841150/flamengo-chapecoense,ESPN,https://www.espn.com/soccer/team/fixtures/_/id/9318/season/2026
2026,Chapecoense,9318,2026-07-25,"Sat, Jul 25",TBD,Brazilian Serie A,Santos,2674,Chapecoense,9318,,,,agendado,,fora,401841161,https://www.espn.com/soccer/match/_/gameId/401841161/chapecoense-santos,ESPN,https://www.espn.com/soccer/team/fixtures/_/id/9318/season/2026
2026,Chapecoense,9318,2026-07-29,"Wed, Jul 29",TBD,Brazilian Serie A,Chapecoense,9318,Vasco da Gama,3454,,,,agendado,,casa,401841175,https://www.espn.com/soccer/match/_/gameId/401841175/vasco-da-gama-chapecoense,ESPN,https://www.espn.com/soccer/team/fixtures/_/id/9318/season/2026
2026,Chapecoense,9318,2026-08-08,"Sat, Aug 8",TBD,Brazilian Serie A,Coritiba,3456,Chapecoense,9318,,,,agendado,,fora,401841184,https://www.espn.com/soccer/match/_/gameId/401841184/chapecoense-coritiba,ESPN,https://www.espn.com/soccer/team/fixtures/_/id/9318/season/2026
2026,Chapecoense,9318,2026-08-15,"Sat, Aug 15",TBD,Brazilian Serie A,Chapecoense,9318,Bahia,9967,,,,agendado,,casa,401841194,https://www.espn.com/soccer/match/_/gameId/401841194/bahia-chapecoense,ESPN,https://www.espn.com/soccer/team/fixtures/_/id/9318/season/2026
2026,Chapecoense,9318,2026-08-22,"Sat, Aug 22",TBD,Brazilian Serie A,Chapecoense,9318,São Paulo,2026,,,,agendado,,casa,401841199,https://www.espn.com/soccer/match/_/gameId/401841199/sao-paulo-chapecoense,ESPN,https://www.espn.com/soccer/team/fixtures/_/id/9318/season/2026
2026,Chapecoense,9318,2026-08-29,"Sat, Aug 29",TBD,Brazilian Serie A,Grêmio,6273,Chapecoense,9318,,,,agendado,,fora,401841217,https://www.espn.com/soccer/match/_/gameId/401841217/chapecoense-gremio,ESPN,https://www.espn.com/soccer/team/fixtures/_/id/9318/season/2026
2026,Chapecoense,9318,2026-09-05,"Sat, Sep 5",TBD,Brazilian Serie A,Corinthians,874,Chapecoense,9318,,,,agendado,,fora,401841220,https://www.espn.com/soccer/match/_/gameId/401841220/chapecoense-corinthians,ESPN,https://www.espn.com/soccer/team/fixtures/_/id/9318/season/2026
2026,Chapecoense,9318,2026-09-12,"Sat, Sep 12",TBD,Brazilian Serie A,Chapecoense,9318,Internacional,1936,,,,agendado,,casa,401841228,https://www.espn.com/soccer/match/_/gameId/401841228/internacional-chapecoense,ESPN,https://www.espn.com/soccer/team/fixtures/_/id/9318/season/2026
2026,Chapecoense,9318,2026-09-19,"Sat, Sep 19",TBD,Brazilian Serie A,Atlético-MG,7632,Chapecoense,9318,,,,agendado,,fora,401841239,https://www.espn.com/soccer/match/_/gameId/401841239/chapecoense-atletico-mg,ESPN,https://www.espn.com/soccer/team/fixtures/_/id/9318/season/2026
2026,Chapecoense,9318,2026-10-07,"Wed, Oct 7",TBD,Brazilian Serie A,Vitória,3457,Chapecoense,9318,,,,agendado,,fora,401841250,https://www.espn.com/soccer/match/_/gameId/401841250/chapecoense-vitoria,ESPN,https://www.espn.com/soccer/team/fixtures/_/id/9318/season/2026
2026,Chapecoense,9318,2026-10-10,"Sat, Oct 10",TBD,Brazilian Serie A,Chapecoense,9318,Athletico Paranaense,3458,,,,agendado,,casa,401841265,https://www.espn.com/soccer/match/_/gameId/401841265/athletico-paranaense-chapecoense,ESPN,https://www.espn.com/soccer/team/fixtures/_/id/9318/season/2026
2026,Chapecoense,9318,2026-10-17,"Sat, Oct 17",TBD,Brazilian Serie A,Botafogo,6086,Chapecoense,9318,,,,agendado,,fora,401841268,https://www.espn.com/soccer/match/_/gameId/401841268/chapecoense-botafogo,ESPN,https://www.espn.com/soccer/team/fixtures/_/id/9318/season/2026
2026,Chapecoense,9318,2026-10-24,"Sat, Oct 24",TBD,Brazilian Serie A,Chapecoense,9318,Fluminense,3445,,,,agendado,,casa,401841278,https://www.espn.com/soccer/match/_/gameId/401841278/fluminense-chapecoense,ESPN,https://www.espn.com/soccer/team/fixtures/_/id/9318/season/2026
2026,Chapecoense,9318,2026-10-28,"Wed, Oct 28",TBD,Brazilian Serie A,Red Bull Bragantino,6079,Chapecoense,9318,,,,agendado,,fora,401841291,https://www.espn.com/soccer/match/_/gameId/401841291/chapecoense-red-bull-bragantino,ESPN,https://www.espn.com/soccer/team/fixtures/_/id/9318/season/2026
2026,Chapecoense,9318,2026-11-04,"Wed, Nov 4",TBD,Brazilian Serie A,Chapecoense,9318,Mirassol,9169,,,,agendado,,casa,401841304,https://www.espn.com/soccer/match/_/gameId/401841304/mirassol-chapecoense,ESPN,https://www.espn.com/soccer/team/fixtures/_/id/9318/season/2026
2026,Chapecoense,9318,2026-11-18,"Wed, Nov 18",TBD,Brazilian Serie A,Remo,4936,Chapecoense,9318,,,,agendado,,fora,401841310,https://www.espn.com/soccer/match/_/gameId/401841310/chapecoense-remo,ESPN,https://www.espn.com/soccer/team/fixtures/_/id/9318/season/2026
2026,Chapecoense,9318,2026-11-21,"Sat, Nov 21",TBD,Brazilian Serie A,Chapecoense,9318,Cruzeiro,2022,,,,agendado,,casa,401841325,https://www.espn.com/soccer/match/_/gameId/401841325/cruzeiro-chapecoense,ESPN,https://www.espn.com/soccer/team/fixtures/_/id/9318/season/2026
2026,Chapecoense,9318,2026-11-28,"Sat, Nov 28",TBD,Brazilian Serie A,Chapecoense,9318,Palmeiras,2029,,,,agendado,,casa,401841335,https://www.espn.com/soccer/match/_/gameId/401841335/palmeiras-chapecoense,ESPN,https://www.espn.com/soccer/team/fixtures/_/id/9318/season/2026
2026,Chapecoense,9318,2026-12-02,"Wed, Dec 2",TBD,Brazilian Serie A,Flamengo,819,Chapecoense,9318,,,,agendado,,fora,401841341,https://www.espn.com/soccer/match/_/gameId/401841341/chapecoense-flamengo,ESPN,https://www.espn.com/soccer/team/fixtures/_/id/9318/season/2026
2026,Corinthians,874,2026-01-11,"Sun, Jan 11",,Brazilian Campeonato Paulista,Corinthians,874,Ponte Preta,3459,3,0,3 - 0,FT,V,casa,762068,https://www.espn.com/soccer/match/_/gameId/762068/ponte-preta-corinthians,ESPN,https://www.espn.com/soccer/team/results/_/id/874/season/2026
2026,Corinthians,874,2026-01-15,"Thu, Jan 15",,Brazilian Campeonato Paulista,Red Bull Bragantino,6079,Corinthians,874,3,0,3 - 0,FT,D,fora,762077,https://www.espn.com/soccer/match/_/gameId/762077/corinthians-red-bull-bragantino,ESPN,https://www.espn.com/soccer/team/results/_/id/874/season/2026
2026,Corinthians,874,2026-01-18,"Sun, Jan 18",,Brazilian Campeonato Paulista,Corinthians,874,São Paulo,2026,1,1,1 - 1,FT,E,casa,762085,https://www.espn.com/soccer/match/_/gameId/762085/sao-paulo-corinthians,ESPN,https://www.espn.com/soccer/team/results/_/id/874/season/2026
2026,Corinthians,874,2026-01-22,"Thu, Jan 22",,Brazilian Campeonato Paulista,Santos,2674,Corinthians,874,1,1,1 - 1,FT,E,fora,762097,https://www.espn.com/soccer/match/_/gameId/762097/corinthians-santos,ESPN,https://www.espn.com/soccer/team/results/_/id/874/season/2026
2026,Corinthians,874,2026-01-25,"Sun, Jan 25",,Brazilian Campeonato Paulista,AE Velo Clube,22487,Corinthians,874,0,1,0 - 1,FT,V,fora,762100,https://www.espn.com/soccer/match/_/gameId/762100/corinthians-ae-velo-clube,ESPN,https://www.espn.com/soccer/team/results/_/id/874/season/2026
2026,Corinthians,874,2026-01-28,"Wed, Jan 28",,Brazilian Serie A,Corinthians,874,Bahia,9967,1,2,1 - 2,FT,D,casa,401840811,https://www.espn.com/soccer/match/_/gameId/401840811/bahia-corinthians,ESPN,https://www.espn.com/soccer/team/results/_/id/874/season/2026
2026,Corinthians,874,2026-02-01,"Sun, Feb 1",,Brazilian Supercopa Rei,Flamengo,819,Corinthians,874,0,2,0 - 2,FT,V,fora,401844263,https://www.espn.com/soccer/match/_/gameId/401844263/corinthians-flamengo,ESPN,https://www.espn.com/soccer/team/results/_/id/874/season/2026
2026,Corinthians,874,2026-02-05,"Thu, Feb 5",,Brazilian Campeonato Paulista,Corinthians,874,Capivariano,17635,3,0,3 - 0,FT,V,casa,762113,https://www.espn.com/soccer/match/_/gameId/762113/capivariano-corinthians,ESPN,https://www.espn.com/soccer/team/results/_/id/874/season/2026
2026,Corinthians,874,2026-02-08,"Sun, Feb 8",,Brazilian Campeonato Paulista,Corinthians,874,Palmeiras,2029,0,1,0 - 1,FT,D,casa,762121,https://www.espn.com/soccer/match/_/gameId/762121/palmeiras-corinthians,ESPN,https://www.espn.com/soccer/team/results/_/id/874/season/2026
2026,Corinthians,874,2026-02-12,"Thu, Feb 12",,Brazilian Serie A,Corinthians,874,Red Bull Bragantino,6079,2,0,2 - 0,FT,V,casa,401840988,https://www.espn.com/soccer/match/_/gameId/401840988/red-bull-bragantino-corinthians,ESPN,https://www.espn.com/soccer/team/results/_/id/874/season/2026
2026,Corinthians,874,2026-02-15,"Sun, Feb 15",,Brazilian Campeonato Paulista,São Bernardo,11268,Corinthians,874,0,1,0 - 1,FT,V,fora,762127,https://www.espn.com/soccer/match/_/gameId/762127/corinthians-sao-bernardo,ESPN,https://www.espn.com/soccer/team/results/_/id/874/season/2026
2026,Corinthians,874,2026-02-19,"Thu, Feb 19",,Brazilian Serie A,Athletico Paranaense,3458,Corinthians,874,0,1,0 - 1,FT,V,fora,401840981,https://www.espn.com/soccer/match/_/gameId/401840981/corinthians-athletico-paranaense,ESPN,https://www.espn.com/soccer/team/results/_/id/874/season/2026
2026,Corinthians,874,2026-02-22,"Sun, Feb 22",,Brazilian Campeonato Paulista,Portuguesa,4773,Corinthians,874,1,1,1 - 1 Corinthians wins 8-7 on Penalty Kicks,FT-Pens,E,fora,401861577,https://www.espn.com/soccer/match/_/gameId/401861577/corinthians-portuguesa,ESPN,https://www.espn.com/soccer/team/results/_/id/874/season/2026
2026,Corinthians,874,2026-02-25,"Wed, Feb 25",,Brazilian Serie A,Cruzeiro,2022,Corinthians,874,1,1,1 - 1,FT,E,fora,401841001,https://www.espn.com/soccer/match/_/gameId/401841001/corinthians-cruzeiro,ESPN,https://www.espn.com/soccer/team/results/_/id/874/season/2026
2026,Corinthians,874,2026-02-28,"Sat, Feb 28",,Brazilian Campeonato Paulista,Novorizontino,18127,Corinthians,874,1,0,1 - 0,FT,D,fora,401862316,https://www.espn.com/soccer/match/_/gameId/401862316/corinthians-novorizontino,ESPN,https://www.espn.com/soccer/team/results/_/id/874/season/2026
2026,Corinthians,874,2026-03-11,"Wed, Mar 11",,Brazilian Serie A,Corinthians,874,Coritiba,3456,0,2,0 - 2,FT,D,casa,401841013,https://www.espn.com/soccer/match/_/gameId/401841013/coritiba-corinthians,ESPN,https://www.espn.com/soccer/team/results/_/id/874/season/2026
2026,Corinthians,874,2026-03-15,"Sun, Mar 15",,Brazilian Serie A,Santos,2674,Corinthians,874,1,1,1 - 1,FT,E,fora,401841018,https://www.espn.com/soccer/match/_/gameId/401841018/corinthians-santos,ESPN,https://www.espn.com/soccer/team/results/_/id/874/season/2026
2026,Corinthians,874,2026-03-19,"Thu, Mar 19",,Brazilian Serie A,Chapecoense,9318,Corinthians,874,0,0,0 - 0,FT,E,fora,401841036,https://www.espn.com/soccer/match/_/gameId/401841036/corinthians-chapecoense,ESPN,https://www.espn.com/soccer/team/results/_/id/874/season/2026
2026,Corinthians,874,2026-03-22,"Sun, Mar 22",,Brazilian Serie A,Corinthians,874,Flamengo,819,1,1,1 - 1,FT,E,casa,401841046,https://www.espn.com/soccer/match/_/gameId/401841046/flamengo-corinthians,ESPN,https://www.espn.com/soccer/team/results/_/id/874/season/2026
2026,Corinthians,874,2026-04-01,"Wed, Apr 1",,Brazilian Serie A,Fluminense,3445,Corinthians,874,3,1,3 - 1,FT,D,fora,401841054,https://www.espn.com/soccer/match/_/gameId/401841054/corinthians-fluminense,ESPN,https://www.espn.com/soccer/team/results/_/id/874/season/2026
2026,Corinthians,874,2026-04-05,"Sun, Apr 5",,Brazilian Serie A,Corinthians,874,Internacional,1936,0,1,0 - 1,FT,D,casa,401841064,https://www.espn.com/soccer/match/_/gameId/401841064/internacional-corinthians,ESPN,https://www.espn.com/soccer/team/results/_/id/874/season/2026
2026,Corinthians,874,2026-04-09,"Thu, Apr 9",,CONMEBOL Libertadores,Platense,7764,Corinthians,874,0,2,0 - 2,FT,V,fora,401865474,https://www.espn.com/soccer/match/_/gameId/401865474/corinthians-platense,ESPN,https://www.espn.com/soccer/team/results/_/id/874/season/2026
2026,Corinthians,874,2026-04-12,"Sun, Apr 12",,Brazilian Serie A,Corinthians,874,Palmeiras,2029,0,0,0 - 0,FT,E,casa,401841069,https://www.espn.com/soccer/match/_/gameId/401841069/palmeiras-corinthians,ESPN,https://www.espn.com/soccer/team/results/_/id/874/season/2026
2026,Corinthians,874,2026-04-15,"Wed, Apr 15",,CONMEBOL Libertadores,Corinthians,874,Independiente Santa Fe,5488,2,0,2 - 0,FT,V,casa,401865496,https://www.espn.com/soccer/match/_/gameId/401865496/independiente-santa-fe-corinthians,ESPN,https://www.espn.com/soccer/team/results/_/id/874/season/2026
2026,Corinthians,874,2026-04-18,"Sat, Apr 18",,Brazilian Serie A,Vitória,3457,Corinthians,874,0,0,0 - 0,FT,E,fora,401841080,https://www.espn.com/soccer/match/_/gameId/401841080/corinthians-vitoria,ESPN,https://www.espn.com/soccer/team/results/_/id/874/season/2026
2026,Corinthians,874,2026-04-21,"Tue, Apr 21",,Copa do Brasil,Barra FC,131708,Corinthians,874,0,1,0 - 1 1st Leg,FT,V,fora,401866346,https://www.espn.com/soccer/match/_/gameId/401866346/corinthians-barra-fc,ESPN,https://www.espn.com/soccer/team/results/_/id/874/season/2026
2026,Corinthians,874,2026-04-26,"Sun, Apr 26",,Brazilian Serie A,Corinthians,874,Vasco da Gama,3454,1,0,1 - 0,FT,V,casa,401841089,https://www.espn.com/soccer/match/_/gameId/401841089/vasco-da-gama-corinthians,ESPN,https://www.espn.com/soccer/team/results/_/id/874/season/2026
2026,Corinthians,874,2026-04-30,"Thu, Apr 30",,CONMEBOL Libertadores,Corinthians,874,Peñarol,2683,2,0,2 - 0,FT,V,casa,401865504,https://www.espn.com/soccer/match/_/gameId/401865504/penarol-corinthians,ESPN,https://www.espn.com/soccer/team/results/_/id/874/season/2026
2026,Corinthians,874,2026-05-03,"Sun, May 3",,Brazilian Serie A,Mirassol,9169,Corinthians,874,2,1,2 - 1,FT,D,fora,401841103,https://www.espn.com/soccer/match/_/gameId/401841103/corinthians-mirassol,ESPN,https://www.espn.com/soccer/team/results/_/id/874/season/2026
2026,Corinthians,874,2026-05-06,"Wed, May 6",,CONMEBOL Libertadores,Independiente Santa Fe,5488,Corinthians,874,1,1,1 - 1,FT,E,fora,401865525,https://www.espn.com/soccer/match/_/gameId/401865525/corinthians-independiente-santa-fe,ESPN,https://www.espn.com/soccer/team/results/_/id/874/season/2026
2026,Corinthians,874,2026-05-10,"Sun, May 10",,Brazilian Serie A,Corinthians,874,São Paulo,2026,3,2,3 - 2,FT,V,casa,401841115,https://www.espn.com/soccer/match/_/gameId/401841115/sao-paulo-corinthians,ESPN,https://www.espn.com/soccer/team/results/_/id/874/season/2026
2026,Corinthians,874,2026-05-14,"Thu, May 14",,Copa do Brasil,Corinthians,874,Barra FC,131708,1,0,1 - 0 2nd Leg,FT,V,casa,401866359,https://www.espn.com/soccer/match/_/gameId/401866359/barra-fc-corinthians,ESPN,https://www.espn.com/soccer/team/results/_/id/874/season/2026
2026,Corinthians,874,2026-05-17,"Sun, May 17",3:00 PM,Brazilian Serie A,Botafogo,6086,Corinthians,874,,,,agendado,,fora,401841118,https://www.espn.com/soccer/match/_/gameId/401841118/corinthians-botafogo,ESPN,https://www.espn.com/soccer/team/fixtures/_/id/874/season/2026
2026,Corinthians,874,2026-05-21,"Thu, May 21",8:30 PM,CONMEBOL Libertadores,Peñarol,2683,Corinthians,874,,,,agendado,,fora,401865543,https://www.espn.com/soccer/match/_/gameId/401865543/corinthians-penarol,ESPN,https://www.espn.com/soccer/team/fixtures/_/id/874/season/2026
2026,Corinthians,874,2026-05-24,"Sun, May 24",5:30 PM,Brazilian Serie A,Corinthians,874,Atlético-MG,7632,,,,agendado,,casa,401841128,https://www.espn.com/soccer/match/_/gameId/401841128/atletico-mg-corinthians,ESPN,https://www.espn.com/soccer/team/fixtures/_/id/874/season/2026
2026,Corinthians,874,2026-05-27,"Wed, May 27",8:30 PM,CONMEBOL Libertadores,Corinthians,874,Platense,7764,,,,agendado,,casa,401865552,https://www.espn.com/soccer/match/_/gameId/401865552/platense-corinthians,ESPN,https://www.espn.com/soccer/team/fixtures/_/id/874/season/2026
2026,Corinthians,874,2026-05-30,"Sat, May 30",4:30 PM,Brazilian Serie A,Grêmio,6273,Corinthians,874,,,,agendado,,fora,401841139,https://www.espn.com/soccer/match/_/gameId/401841139/corinthians-gremio,ESPN,https://www.espn.com/soccer/team/fixtures/_/id/874/season/2026
2026,Corinthians,874,2026-07-22,"Wed, Jul 22",TBD,Brazilian Serie A,Corinthians,874,Remo,4936,,,,agendado,,casa,401841151,https://www.espn.com/soccer/match/_/gameId/401841151/remo-corinthians,ESPN,https://www.espn.com/soccer/team/fixtures/_/id/874/season/2026
2026,Corinthians,874,2026-07-25,"Sat, Jul 25",TBD,Brazilian Serie A,Bahia,9967,Corinthians,874,,,,agendado,,fora,401841159,https://www.espn.com/soccer/match/_/gameId/401841159/corinthians-bahia,ESPN,https://www.espn.com/soccer/team/fixtures/_/id/874/season/2026
2026,Corinthians,874,2026-07-29,"Wed, Jul 29",TBD,Brazilian Serie A,Corinthians,874,Athletico Paranaense,3458,,,,agendado,,casa,401841174,https://www.espn.com/soccer/match/_/gameId/401841174/athletico-paranaense-corinthians,ESPN,https://www.espn.com/soccer/team/fixtures/_/id/874/season/2026
2026,Corinthians,874,2026-08-08,"Sat, Aug 8",TBD,Brazilian Serie A,Red Bull Bragantino,6079,Corinthians,874,,,,agendado,,fora,401841179,https://www.espn.com/soccer/match/_/gameId/401841179/corinthians-red-bull-bragantino,ESPN,https://www.espn.com/soccer/team/fixtures/_/id/874/season/2026
2026,Corinthians,874,2026-08-15,"Sat, Aug 15",TBD,Brazilian Serie A,Corinthians,874,Cruzeiro,2022,,,,agendado,,casa,401841193,https://www.espn.com/soccer/match/_/gameId/401841193/cruzeiro-corinthians,ESPN,https://www.espn.com/soccer/team/fixtures/_/id/874/season/2026
2026,Corinthians,874,2026-08-22,"Sat, Aug 22",TBD,Brazilian Serie A,Coritiba,3456,Corinthians,874,,,,agendado,,fora,401841207,https://www.espn.com/soccer/match/_/gameId/401841207/corinthians-coritiba,ESPN,https://www.espn.com/soccer/team/fixtures/_/id/874/season/2026
2026,Corinthians,874,2026-08-29,"Sat, Aug 29",TBD,Brazilian Serie A,Corinthians,874,Santos,2674,,,,agendado,,casa,401841214,https://www.espn.com/soccer/match/_/gameId/401841214/santos-corinthians,ESPN,https://www.espn.com/soccer/team/fixtures/_/id/874/season/2026
2026,Corinthians,874,2026-09-05,"Sat, Sep 5",TBD,Brazilian Serie A,Corinthians,874,Chapecoense,9318,,,,agendado,,casa,401841220,https://www.espn.com/soccer/match/_/gameId/401841220/chapecoense-corinthians,ESPN,https://www.espn.com/soccer/team/fixtures/_/id/874/season/2026
2026,Corinthians,874,2026-09-12,"Sat, Sep 12",TBD,Brazilian Serie A,Flamengo,819,Corinthians,874,,,,agendado,,fora,401841237,https://www.espn.com/soccer/match/_/gameId/401841237/corinthians-flamengo,ESPN,https://www.espn.com/soccer/team/fixtures/_/id/874/season/2026
2026,Corinthians,874,2026-09-19,"Sat, Sep 19",TBD,Brazilian Serie A,Corinthians,874,Fluminense,3445,,,,agendado,,casa,401841240,https://www.espn.com/soccer/match/_/gameId/401841240/fluminense-corinthians,ESPN,https://www.espn.com/soccer/team/fixtures/_/id/874/season/2026
2026,Corinthians,874,2026-10-07,"Wed, Oct 7",TBD,Brazilian Serie A,Internacional,1936,Corinthians,874,,,,agendado,,fora,401841255,https://www.espn.com/soccer/match/_/gameId/401841255/corinthians-internacional,ESPN,https://www.espn.com/soccer/team/fixtures/_/id/874/season/2026
2026,Corinthians,874,2026-10-10,"Sat, Oct 10",TBD,Brazilian Serie A,Palmeiras,2029,Corinthians,874,,,,agendado,,fora,401841261,https://www.espn.com/soccer/match/_/gameId/401841261/corinthians-palmeiras,ESPN,https://www.espn.com/soccer/team/fixtures/_/id/874/season/2026
2026,Corinthians,874,2026-10-17,"Sat, Oct 17",TBD,Brazilian Serie A,Corinthians,874,Vitória,3457,,,,agendado,,casa,401841272,https://www.espn.com/soccer/match/_/gameId/401841272/vitoria-corinthians,ESPN,https://www.espn.com/soccer/team/fixtures/_/id/874/season/2026
2026,Corinthians,874,2026-10-24,"Sat, Oct 24",TBD,Brazilian Serie A,Vasco da Gama,3454,Corinthians,874,,,,agendado,,fora,401841281,https://www.espn.com/soccer/match/_/gameId/401841281/corinthians-vasco-da-gama,ESPN,https://www.espn.com/soccer/team/fixtures/_/id/874/season/2026
2026,Corinthians,874,2026-10-28,"Wed, Oct 28",TBD,Brazilian Serie A,Corinthians,874,Mirassol,9169,,,,agendado,,casa,401841295,https://www.espn.com/soccer/match/_/gameId/401841295/mirassol-corinthians,ESPN,https://www.espn.com/soccer/team/fixtures/_/id/874/season/2026
2026,Corinthians,874,2026-11-04,"Wed, Nov 4",TBD,Brazilian Serie A,São Paulo,2026,Corinthians,874,,,,agendado,,fora,401841298,https://www.espn.com/soccer/match/_/gameId/401841298/corinthians-sao-paulo,ESPN,https://www.espn.com/soccer/team/fixtures/_/id/874/season/2026
2026,Corinthians,874,2026-11-18,"Wed, Nov 18",TBD,Brazilian Serie A,Corinthians,874,Botafogo,6086,,,,agendado,,casa,401841316,https://www.espn.com/soccer/match/_/gameId/401841316/botafogo-corinthians,ESPN,https://www.espn.com/soccer/team/fixtures/_/id/874/season/2026
2026,Corinthians,874,2026-11-21,"Sat, Nov 21",TBD,Brazilian Serie A,Atlético-MG,7632,Corinthians,874,,,,agendado,,fora,401841319,https://www.espn.com/soccer/match/_/gameId/401841319/corinthians-atletico-mg,ESPN,https://www.espn.com/soccer/team/fixtures/_/id/874/season/2026
2026,Corinthians,874,2026-11-28,"Sat, Nov 28",TBD,Brazilian Serie A,Corinthians,874,Grêmio,6273,,,,agendado,,casa,401841334,https://www.espn.com/soccer/match/_/gameId/401841334/gremio-corinthians,ESPN,https://www.espn.com/soccer/team/fixtures/_/id/874/season/2026
2026,Corinthians,874,2026-12-02,"Wed, Dec 2",TBD,Brazilian Serie A,Remo,4936,Corinthians,874,,,,agendado,,fora,401841345,https://www.espn.com/soccer/match/_/gameId/401841345/corinthians-remo,ESPN,https://www.espn.com/soccer/team/fixtures/_/id/874/season/2026
2026,Coritiba,3456,2026-01-28,"Wed, Jan 28",,Brazilian Serie A,Coritiba,3456,Red Bull Bragantino,6079,0,1,0 - 1,FT,D,casa,401840977,https://www.espn.com/soccer/match/_/gameId/401840977/red-bull-bragantino-coritiba,ESPN,https://www.espn.com/soccer/team/results/_/id/3456/season/2026
2026,Coritiba,3456,2026-02-05,"Thu, Feb 5",,Brazilian Serie A,Cruzeiro,2022,Coritiba,3456,1,2,1 - 2,FT,V,fora,401840979,https://www.espn.com/soccer/match/_/gameId/401840979/coritiba-cruzeiro,ESPN,https://www.espn.com/soccer/team/results/_/id/3456/season/2026
2026,Coritiba,3456,2026-02-11,"Wed, Feb 11",,Brazilian Serie A,Chapecoense,9318,Coritiba,3456,3,3,3 - 3,FT,E,fora,401840989,https://www.espn.com/soccer/match/_/gameId/401840989/coritiba-chapecoense,ESPN,https://www.espn.com/soccer/team/results/_/id/3456/season/2026
2026,Coritiba,3456,2026-02-25,"Wed, Feb 25",,Brazilian Serie A,Coritiba,3456,São Paulo,2026,0,1,0 - 1,FT,D,casa,401841000,https://www.espn.com/soccer/match/_/gameId/401841000/sao-paulo-coritiba,ESPN,https://www.espn.com/soccer/team/results/_/id/3456/season/2026
2026,Coritiba,3456,2026-03-11,"Wed, Mar 11",,Brazilian Serie A,Corinthians,874,Coritiba,3456,0,2,0 - 2,FT,V,fora,401841013,https://www.espn.com/soccer/match/_/gameId/401841013/coritiba-corinthians,ESPN,https://www.espn.com/soccer/team/results/_/id/3456/season/2026
2026,Coritiba,3456,2026-03-15,"Sun, Mar 15",,Brazilian Serie A,Coritiba,3456,Remo,4936,1,0,1 - 0,FT,V,casa,401841024,https://www.espn.com/soccer/match/_/gameId/401841024/remo-coritiba,ESPN,https://www.espn.com/soccer/team/results/_/id/3456/season/2026
2026,Coritiba,3456,2026-03-18,"Wed, Mar 18",,Brazilian Serie A,Mirassol,9169,Coritiba,3456,0,1,0 - 1,FT,V,fora,401841033,https://www.espn.com/soccer/match/_/gameId/401841033/coritiba-mirassol,ESPN,https://www.espn.com/soccer/team/results/_/id/3456/season/2026
2026,Coritiba,3456,2026-03-22,"Sun, Mar 22",,Brazilian Serie A,Athletico Paranaense,3458,Coritiba,3456,2,0,2 - 0,FT,D,fora,401841038,https://www.espn.com/soccer/match/_/gameId/401841038/coritiba-athletico-paranaense,ESPN,https://www.espn.com/soccer/team/results/_/id/3456/season/2026
2026,Coritiba,3456,2026-04-01,"Wed, Apr 1",,Brazilian Serie A,Coritiba,3456,Vasco da Gama,3454,1,1,1 - 1,FT,E,casa,401841048,https://www.espn.com/soccer/match/_/gameId/401841048/vasco-da-gama-coritiba,ESPN,https://www.espn.com/soccer/team/results/_/id/3456/season/2026
2026,Coritiba,3456,2026-04-04,"Sat, Apr 4",,Brazilian Serie A,Coritiba,3456,Fluminense,3445,1,1,1 - 1,FT,E,casa,401841063,https://www.espn.com/soccer/match/_/gameId/401841063/fluminense-coritiba,ESPN,https://www.espn.com/soccer/team/results/_/id/3456/season/2026
2026,Coritiba,3456,2026-04-12,"Sun, Apr 12",,Brazilian Serie A,Botafogo,6086,Coritiba,3456,2,2,2 - 2,FT,E,fora,401841070,https://www.espn.com/soccer/match/_/gameId/401841070/coritiba-botafogo,ESPN,https://www.espn.com/soccer/team/results/_/id/3456/season/2026
2026,Coritiba,3456,2026-04-19,"Sun, Apr 19",,Brazilian Serie A,Coritiba,3456,Atlético-MG,7632,2,0,2 - 0,FT,V,casa,401841079,https://www.espn.com/soccer/match/_/gameId/401841079/atletico-mg-coritiba,ESPN,https://www.espn.com/soccer/team/results/_/id/3456/season/2026
2026,Coritiba,3456,2026-04-22,"Wed, Apr 22",,Copa do Brasil,Santos,2674,Coritiba,3456,0,0,0 - 0 1st Leg,FT,E,fora,401866336,https://www.espn.com/soccer/match/_/gameId/401866336/coritiba-santos,ESPN,https://www.espn.com/soccer/team/results/_/id/3456/season/2026
2026,Coritiba,3456,2026-04-26,"Sun, Apr 26",,Brazilian Serie A,Grêmio,6273,Coritiba,3456,1,0,1 - 0,FT,D,fora,401841091,https://www.espn.com/soccer/match/_/gameId/401841091/coritiba-gremio,ESPN,https://www.espn.com/soccer/team/results/_/id/3456/season/2026
2026,Coritiba,3456,2026-05-02,"Sat, May 2",,Brazilian Serie A,Vitória,3457,Coritiba,3456,4,1,4 - 1,FT,D,fora,401841100,https://www.espn.com/soccer/match/_/gameId/401841100/coritiba-vitoria,ESPN,https://www.espn.com/soccer/team/results/_/id/3456/season/2026
2026,Coritiba,3456,2026-05-09,"Sat, May 9",,Brazilian Serie A,Coritiba,3456,Internacional,1936,2,2,2 - 2,FT,E,casa,401841114,https://www.espn.com/soccer/match/_/gameId/401841114/internacional-coritiba,ESPN,https://www.espn.com/soccer/team/results/_/id/3456/season/2026
2026,Coritiba,3456,2026-05-13,"Wed, May 13",,Copa do Brasil,Coritiba,3456,Santos,2674,0,2,0 - 2 2nd Leg,FT,D,casa,401866358,https://www.espn.com/soccer/match/_/gameId/401866358/santos-coritiba,ESPN,https://www.espn.com/soccer/team/results/_/id/3456/season/2026
2026,Coritiba,3456,2026-05-17,"Sun, May 17",10:00 AM,Brazilian Serie A,Santos,2674,Coritiba,3456,,,,agendado,,fora,401841123,https://www.espn.com/soccer/match/_/gameId/401841123/coritiba-santos,ESPN,https://www.espn.com/soccer/team/fixtures/_/id/3456/season/2026
2026,Coritiba,3456,2026-05-25,"Mon, May 25",7:00 PM,Brazilian Serie A,Coritiba,3456,Bahia,9967,,,,agendado,,casa,401841129,https://www.espn.com/soccer/match/_/gameId/401841129/bahia-coritiba,ESPN,https://www.espn.com/soccer/team/fixtures/_/id/3456/season/2026
2026,Coritiba,3456,2026-05-30,"Sat, May 30",3:00 PM,Brazilian Serie A,Flamengo,819,Coritiba,3456,,,,agendado,,fora,401841144,https://www.espn.com/soccer/match/_/gameId/401841144/coritiba-flamengo,ESPN,https://www.espn.com/soccer/team/fixtures/_/id/3456/season/2026
2026,Coritiba,3456,2026-07-22,"Wed, Jul 22",TBD,Brazilian Serie A,Coritiba,3456,Palmeiras,2029,,,,agendado,,casa,401841152,https://www.espn.com/soccer/match/_/gameId/401841152/palmeiras-coritiba,ESPN,https://www.espn.com/soccer/team/fixtures/_/id/3456/season/2026
2026,Coritiba,3456,2026-07-25,"Sat, Jul 25",TBD,Brazilian Serie A,Red Bull Bragantino,6079,Coritiba,3456,,,,agendado,,fora,401841163,https://www.espn.com/soccer/match/_/gameId/401841163/coritiba-red-bull-bragantino,ESPN,https://www.espn.com/soccer/team/fixtures/_/id/3456/season/2026
2026,Coritiba,3456,2026-07-29,"Wed, Jul 29",TBD,Brazilian Serie A,Coritiba,3456,Cruzeiro,2022,,,,agendado,,casa,401841173,https://www.espn.com/soccer/match/_/gameId/401841173/cruzeiro-coritiba,ESPN,https://www.espn.com/soccer/team/fixtures/_/id/3456/season/2026
2026,Coritiba,3456,2026-08-08,"Sat, Aug 8",TBD,Brazilian Serie A,Coritiba,3456,Chapecoense,9318,,,,agendado,,casa,401841184,https://www.espn.com/soccer/match/_/gameId/401841184/chapecoense-coritiba,ESPN,https://www.espn.com/soccer/team/fixtures/_/id/3456/season/2026
2026,Coritiba,3456,2026-08-15,"Sat, Aug 15",TBD,Brazilian Serie A,São Paulo,2026,Coritiba,3456,,,,agendado,,fora,401841189,https://www.espn.com/soccer/match/_/gameId/401841189/coritiba-sao-paulo,ESPN,https://www.espn.com/soccer/team/fixtures/_/id/3456/season/2026
2026,Coritiba,3456,2026-08-22,"Sat, Aug 22",TBD,Brazilian Serie A,Coritiba,3456,Corinthians,874,,,,agendado,,casa,401841207,https://www.espn.com/soccer/match/_/gameId/401841207/corinthians-coritiba,ESPN,https://www.espn.com/soccer/team/fixtures/_/id/3456/season/2026
2026,Coritiba,3456,2026-08-29,"Sat, Aug 29",TBD,Brazilian Serie A,Remo,4936,Coritiba,3456,,,,agendado,,fora,401841210,https://www.espn.com/soccer/match/_/gameId/401841210/coritiba-remo,ESPN,https://www.espn.com/soccer/team/fixtures/_/id/3456/season/2026
2026,Coritiba,3456,2026-09-05,"Sat, Sep 5",TBD,Brazilian Serie A,Coritiba,3456,Mirassol,9169,,,,agendado,,casa,401841219,https://www.espn.com/soccer/match/_/gameId/401841219/mirassol-coritiba,ESPN,https://www.espn.com/soccer/team/fixtures/_/id/3456/season/2026
2026,Coritiba,3456,2026-09-12,"Sat, Sep 12",TBD,Brazilian Serie A,Coritiba,3456,Athletico Paranaense,3458,,,,agendado,,casa,401841232,https://www.espn.com/soccer/match/_/gameId/401841232/athletico-paranaense-coritiba,ESPN,https://www.espn.com/soccer/team/fixtures/_/id/3456/season/2026
2026,Coritiba,3456,2026-09-19,"Sat, Sep 19",TBD,Brazilian Serie A,Vasco da Gama,3454,Coritiba,3456,,,,agendado,,fora,401841247,https://www.espn.com/soccer/match/_/gameId/401841247/coritiba-vasco-da-gama,ESPN,https://www.espn.com/soccer/team/fixtures/_/id/3456/season/2026
2026,Coritiba,3456,2026-10-07,"Wed, Oct 7",TBD,Brazilian Serie A,Fluminense,3445,Coritiba,3456,,,,agendado,,fora,401841248,https://www.espn.com/soccer/match/_/gameId/401841248/coritiba-fluminense,ESPN,https://www.espn.com/soccer/team/fixtures/_/id/3456/season/2026
2026,Coritiba,3456,2026-10-10,"Sat, Oct 10",TBD,Brazilian Serie A,Coritiba,3456,Botafogo,6086,,,,agendado,,casa,401841264,https://www.espn.com/soccer/match/_/gameId/401841264/botafogo-coritiba,ESPN,https://www.espn.com/soccer/team/fixtures/_/id/3456/season/2026
2026,Coritiba,3456,2026-10-17,"Sat, Oct 17",TBD,Brazilian Serie A,Atlético-MG,7632,Coritiba,3456,,,,agendado,,fora,401841270,https://www.espn.com/soccer/match/_/gameId/401841270/coritiba-atletico-mg,ESPN,https://www.espn.com/soccer/team/fixtures/_/id/3456/season/2026
2026,Coritiba,3456,2026-10-24,"Sat, Oct 24",TBD,Brazilian Serie A,Coritiba,3456,Grêmio,6273,,,,agendado,,casa,401841279,https://www.espn.com/soccer/match/_/gameId/401841279/gremio-coritiba,ESPN,https://www.espn.com/soccer/team/fixtures/_/id/3456/season/2026
2026,Coritiba,3456,2026-10-28,"Wed, Oct 28",TBD,Brazilian Serie A,Coritiba,3456,Vitória,3457,,,,agendado,,casa,401841294,https://www.espn.com/soccer/match/_/gameId/401841294/vitoria-coritiba,ESPN,https://www.espn.com/soccer/team/fixtures/_/id/3456/season/2026
2026,Coritiba,3456,2026-11-04,"Wed, Nov 4",TBD,Brazilian Serie A,Internacional,1936,Coritiba,3456,,,,agendado,,fora,401841301,https://www.espn.com/soccer/match/_/gameId/401841301/coritiba-internacional,ESPN,https://www.espn.com/soccer/team/fixtures/_/id/3456/season/2026
2026,Coritiba,3456,2026-11-18,"Wed, Nov 18",TBD,Brazilian Serie A,Coritiba,3456,Santos,2674,,,,agendado,,casa,401841315,https://www.espn.com/soccer/match/_/gameId/401841315/santos-coritiba,ESPN,https://www.espn.com/soccer/team/fixtures/_/id/3456/season/2026
2026,Coritiba,3456,2026-11-21,"Sat, Nov 21",TBD,Brazilian Serie A,Bahia,9967,Coritiba,3456,,,,agendado,,fora,401841327,https://www.espn.com/soccer/match/_/gameId/401841327/coritiba-bahia,ESPN,https://www.espn.com/soccer/team/fixtures/_/id/3456/season/2026
2026,Coritiba,3456,2026-11-28,"Sat, Nov 28",TBD,Brazilian Serie A,Coritiba,3456,Flamengo,819,,,,agendado,,casa,401841333,https://www.espn.com/soccer/match/_/gameId/401841333/flamengo-coritiba,ESPN,https://www.espn.com/soccer/team/fixtures/_/id/3456/season/2026
2026,Coritiba,3456,2026-12-02,"Wed, Dec 2",TBD,Brazilian Serie A,Palmeiras,2029,Coritiba,3456,,,,agendado,,fora,401841343,https://www.espn.com/soccer/match/_/gameId/401841343/coritiba-palmeiras,ESPN,https://www.espn.com/soccer/team/fixtures/_/id/3456/season/2026
2026,Cruzeiro,2022,2026-01-10,"Sat, Jan 10",,Brazilian Campeonato Mineiro,Cruzeiro,2022,Pouso Alegre,20852,1,2,1 - 2,FT,D,casa,762134,https://www.espn.com/soccer/match/_/gameId/762134/pouso-alegre-cruzeiro,ESPN,https://www.espn.com/soccer/team/results/_/id/2022/season/2026
2026,Cruzeiro,2022,2026-01-14,"Wed, Jan 14",,Brazilian Campeonato Mineiro,Tombense,17339,Cruzeiro,2022,1,2,1 - 2,FT,V,fora,762140,https://www.espn.com/soccer/match/_/gameId/762140/cruzeiro-tombense,ESPN,https://www.espn.com/soccer/team/results/_/id/2022/season/2026
2026,Cruzeiro,2022,2026-01-17,"Sat, Jan 17",,Brazilian Campeonato Mineiro,Cruzeiro,2022,Uberlândia,9460,5,0,5 - 0,FT,V,casa,762147,https://www.espn.com/soccer/match/_/gameId/762147/uberlandia-cruzeiro,ESPN,https://www.espn.com/soccer/team/results/_/id/2022/season/2026
2026,Cruzeiro,2022,2026-01-22,"Thu, Jan 22",,Brazilian Campeonato Mineiro,Cruzeiro,2022,Democrata GV,18396,0,1,0 - 1,FT,D,casa,762157,https://www.espn.com/soccer/match/_/gameId/762157/democrata-gv-cruzeiro,ESPN,https://www.espn.com/soccer/team/results/_/id/2022/season/2026
2026,Cruzeiro,2022,2026-01-25,"Sun, Jan 25",,Brazilian Campeonato Mineiro,Atlético-MG,7632,Cruzeiro,2022,2,1,2 - 1,FT,D,fora,762162,https://www.espn.com/soccer/match/_/gameId/762162/cruzeiro-atletico-mg,ESPN,https://www.espn.com/soccer/team/results/_/id/2022/season/2026
2026,Cruzeiro,2022,2026-01-29,"Thu, Jan 29",,Brazilian Serie A,Botafogo,6086,Cruzeiro,2022,4,0,4 - 0,FT,D,fora,401840809,https://www.espn.com/soccer/match/_/gameId/401840809/cruzeiro-botafogo,ESPN,https://www.espn.com/soccer/team/results/_/id/2022/season/2026
2026,Cruzeiro,2022,2026-02-01,"Sun, Feb 1",,Brazilian Campeonato Mineiro,Betim FC,22489,Cruzeiro,2022,0,1,0 - 1,FT,V,fora,762169,https://www.espn.com/soccer/match/_/gameId/762169/cruzeiro-betim-fc,ESPN,https://www.espn.com/soccer/team/results/_/id/2022/season/2026
2026,Cruzeiro,2022,2026-02-05,"Thu, Feb 5",,Brazilian Serie A,Cruzeiro,2022,Coritiba,3456,1,2,1 - 2,FT,D,casa,401840979,https://www.espn.com/soccer/match/_/gameId/401840979/coritiba-cruzeiro,ESPN,https://www.espn.com/soccer/team/results/_/id/2022/season/2026
2026,Cruzeiro,2022,2026-02-08,"Sun, Feb 8",,Brazilian Campeonato Mineiro,Cruzeiro,2022,América Mineiro,6154,2,0,2 - 0,FT,V,casa,762174,https://www.espn.com/soccer/match/_/gameId/762174/america-mineiro-cruzeiro,ESPN,https://www.espn.com/soccer/team/results/_/id/2022/season/2026
2026,Cruzeiro,2022,2026-02-11,"Wed, Feb 11",,Brazilian Serie A,Mirassol,9169,Cruzeiro,2022,2,2,2 - 2,FT,E,fora,401840996,https://www.espn.com/soccer/match/_/gameId/401840996/cruzeiro-mirassol,ESPN,https://www.espn.com/soccer/team/results/_/id/2022/season/2026
2026,Cruzeiro,2022,2026-02-14,"Sat, Feb 14",,Brazilian Campeonato Mineiro,URT,18399,Cruzeiro,2022,1,2,1 - 2,FT,V,fora,762176,https://www.espn.com/soccer/match/_/gameId/762176/cruzeiro-urt,ESPN,https://www.espn.com/soccer/team/results/_/id/2022/season/2026
2026,Cruzeiro,2022,2026-02-21,"Sat, Feb 21",,Brazilian Campeonato Mineiro,Pouso Alegre,20852,Cruzeiro,2022,1,2,1 - 2 1st Leg,FT,V,fora,401861300,https://www.espn.com/soccer/match/_/gameId/401861300/cruzeiro-pouso-alegre,ESPN,https://www.espn.com/soccer/team/results/_/id/2022/season/2026
2026,Cruzeiro,2022,2026-02-25,"Wed, Feb 25",,Brazilian Serie A,Cruzeiro,2022,Corinthians,874,1,1,1 - 1,FT,E,casa,401841001,https://www.espn.com/soccer/match/_/gameId/401841001/corinthians-cruzeiro,ESPN,https://www.espn.com/soccer/team/results/_/id/2022/season/2026
2026,Cruzeiro,2022,2026-02-28,"Sat, Feb 28",,Brazilian Campeonato Mineiro,Cruzeiro,2022,Pouso Alegre,20852,1,0,1 - 0 2nd Leg · Cruzeiro wins 3-1 on aggregate,FT,V,casa,401861304,https://www.espn.com/soccer/match/_/gameId/401861304/pouso-alegre-cruzeiro,ESPN,https://www.espn.com/soccer/team/results/_/id/2022/season/2026
2026,Cruzeiro,2022,2026-03-08,"Sun, Mar 8",,Brazilian Campeonato Mineiro,Cruzeiro,2022,Atlético-MG,7632,1,0,1 - 0,FT,V,casa,401863457,https://www.espn.com/soccer/match/_/gameId/401863457/atletico-mg-cruzeiro,ESPN,https://www.espn.com/soccer/team/results/_/id/2022/season/2026
2026,Cruzeiro,2022,2026-03-11,"Wed, Mar 11",,Brazilian Serie A,Flamengo,819,Cruzeiro,2022,2,0,2 - 0,FT,D,fora,401841017,https://www.espn.com/soccer/match/_/gameId/401841017/cruzeiro-flamengo,ESPN,https://www.espn.com/soccer/team/results/_/id/2022/season/2026
2026,Cruzeiro,2022,2026-03-15,"Sun, Mar 15",,Brazilian Serie A,Cruzeiro,2022,Vasco da Gama,3454,3,3,3 - 3,FT,E,casa,401841023,https://www.espn.com/soccer/match/_/gameId/401841023/vasco-da-gama-cruzeiro,ESPN,https://www.espn.com/soccer/team/results/_/id/2022/season/2026
2026,Cruzeiro,2022,2026-03-18,"Wed, Mar 18",,Brazilian Serie A,Athletico Paranaense,3458,Cruzeiro,2022,2,1,2 - 1,FT,D,fora,401841028,https://www.espn.com/soccer/match/_/gameId/401841028/cruzeiro-athletico-paranaense,ESPN,https://www.espn.com/soccer/team/results/_/id/2022/season/2026
2026,Cruzeiro,2022,2026-03-22,"Sun, Mar 22",,Brazilian Serie A,Cruzeiro,2022,Santos,2674,0,0,0 - 0,FT,E,casa,401841045,https://www.espn.com/soccer/match/_/gameId/401841045/santos-cruzeiro,ESPN,https://www.espn.com/soccer/team/results/_/id/2022/season/2026
2026,Cruzeiro,2022,2026-04-01,"Wed, Apr 1",,Brazilian Serie A,Cruzeiro,2022,Vitória,3457,3,0,3 - 0,FT,V,casa,401841055,https://www.espn.com/soccer/match/_/gameId/401841055/vitoria-cruzeiro,ESPN,https://www.espn.com/soccer/team/results/_/id/2022/season/2026
2026,Cruzeiro,2022,2026-04-04,"Sat, Apr 4",,Brazilian Serie A,São Paulo,2026,Cruzeiro,2022,4,1,4 - 1,FT,D,fora,401841059,https://www.espn.com/soccer/match/_/gameId/401841059/cruzeiro-sao-paulo,ESPN,https://www.espn.com/soccer/team/results/_/id/2022/season/2026
2026,Cruzeiro,2022,2026-04-07,"Tue, Apr 7",,CONMEBOL Libertadores,Barcelona SC,2686,Cruzeiro,2022,0,1,0 - 1,FT,V,fora,401865484,https://www.espn.com/soccer/match/_/gameId/401865484/cruzeiro-barcelona-sc,ESPN,https://www.espn.com/soccer/team/results/_/id/2022/season/2026
2026,Cruzeiro,2022,2026-04-12,"Sun, Apr 12",,Brazilian Serie A,Cruzeiro,2022,Red Bull Bragantino,6079,2,1,2 - 1,FT,V,casa,401841068,https://www.espn.com/soccer/match/_/gameId/401841068/red-bull-bragantino-cruzeiro,ESPN,https://www.espn.com/soccer/team/results/_/id/2022/season/2026
2026,Cruzeiro,2022,2026-04-15,"Wed, Apr 15",,CONMEBOL Libertadores,Cruzeiro,2022,Universidad Católica,885,1,2,1 - 2,FT,D,casa,401865495,https://www.espn.com/soccer/match/_/gameId/401865495/universidad-catolica-cruzeiro,ESPN,https://www.espn.com/soccer/team/results/_/id/2022/season/2026
2026,Cruzeiro,2022,2026-04-18,"Sat, Apr 18",,Brazilian Serie A,Cruzeiro,2022,Grêmio,6273,2,0,2 - 0,FT,V,casa,401841087,https://www.espn.com/soccer/match/_/gameId/401841087/gremio-cruzeiro,ESPN,https://www.espn.com/soccer/team/results/_/id/2022/season/2026
2026,Cruzeiro,2022,2026-04-22,"Wed, Apr 22",,Copa do Brasil,Goiás,3395,Cruzeiro,2022,2,2,2 - 2 1st Leg,FT,E,fora,401866342,https://www.espn.com/soccer/match/_/gameId/401866342/cruzeiro-goias,ESPN,https://www.espn.com/soccer/team/results/_/id/2022/season/2026
2026,Cruzeiro,2022,2026-04-25,"Sat, Apr 25",,Brazilian Serie A,Remo,4936,Cruzeiro,2022,0,1,0 - 1,FT,V,fora,401841093,https://www.espn.com/soccer/match/_/gameId/401841093/cruzeiro-remo,ESPN,https://www.espn.com/soccer/team/results/_/id/2022/season/2026
2026,Cruzeiro,2022,2026-04-28,"Tue, Apr 28",,CONMEBOL Libertadores,Cruzeiro,2022,Boca Juniors,5,1,0,1 - 0,FT,V,casa,401865505,https://www.espn.com/soccer/match/_/gameId/401865505/boca-juniors-cruzeiro,ESPN,https://www.espn.com/soccer/team/results/_/id/2022/season/2026
2026,Cruzeiro,2022,2026-05-02,"Sat, May 2",,Brazilian Serie A,Cruzeiro,2022,Atlético-MG,7632,1,3,1 - 3,FT,D,casa,401841098,https://www.espn.com/soccer/match/_/gameId/401841098/atletico-mg-cruzeiro,ESPN,https://www.espn.com/soccer/team/results/_/id/2022/season/2026
2026,Cruzeiro,2022,2026-05-06,"Wed, May 6",,CONMEBOL Libertadores,Universidad Católica,885,Cruzeiro,2022,0,0,0 - 0,FT,E,fora,401865518,https://www.espn.com/soccer/match/_/gameId/401865518/cruzeiro-universidad-catolica,ESPN,https://www.espn.com/soccer/team/results/_/id/2022/season/2026
2026,Cruzeiro,2022,2026-05-09,"Sat, May 9",,Brazilian Serie A,Bahia,9967,Cruzeiro,2022,1,2,1 - 2,FT,V,fora,401841116,https://www.espn.com/soccer/match/_/gameId/401841116/cruzeiro-bahia,ESPN,https://www.espn.com/soccer/team/results/_/id/2022/season/2026
2026,Cruzeiro,2022,2026-05-12,"Tue, May 12",,Copa do Brasil,Cruzeiro,2022,Goiás,3395,1,0,1 - 0 2nd Leg · Cruzeiro wins 3-2 on aggregate,FT,V,casa,401866357,https://www.espn.com/soccer/match/_/gameId/401866357/goias-cruzeiro,ESPN,https://www.espn.com/soccer/team/results/_/id/2022/season/2026
2026,Cruzeiro,2022,2026-05-16,"Sat, May 16",8:00 PM,Brazilian Serie A,Palmeiras,2029,Cruzeiro,2022,,,,agendado,,fora,401841125,https://www.espn.com/soccer/match/_/gameId/401841125/cruzeiro-palmeiras,ESPN,https://www.espn.com/soccer/team/fixtures/_/id/2022/season/2026
2026,Cruzeiro,2022,2026-05-19,"Tue, May 19",8:30 PM,CONMEBOL Libertadores,Boca Juniors,5,Cruzeiro,2022,,,,agendado,,fora,401865538,https://www.espn.com/soccer/match/_/gameId/401865538/cruzeiro-boca-juniors,ESPN,https://www.espn.com/soccer/team/fixtures/_/id/2022/season/2026
2026,Cruzeiro,2022,2026-05-24,"Sun, May 24",3:00 PM,Brazilian Serie A,Cruzeiro,2022,Chapecoense,9318,,,,agendado,,casa,401841137,https://www.espn.com/soccer/match/_/gameId/401841137/chapecoense-cruzeiro,ESPN,https://www.espn.com/soccer/team/fixtures/_/id/2022/season/2026
2026,Cruzeiro,2022,2026-05-28,"Thu, May 28",8:30 PM,CONMEBOL Libertadores,Cruzeiro,2022,Barcelona SC,2686,,,,agendado,,casa,401865553,https://www.espn.com/soccer/match/_/gameId/401865553/barcelona-sc-cruzeiro,ESPN,https://www.espn.com/soccer/team/fixtures/_/id/2022/season/2026
2026,Cruzeiro,2022,2026-05-31,"Sun, May 31",7:30 PM,Brazilian Serie A,Cruzeiro,2022,Fluminense,3445,,,,agendado,,casa,401841145,https://www.espn.com/soccer/match/_/gameId/401841145/fluminense-cruzeiro,ESPN,https://www.espn.com/soccer/team/fixtures/_/id/2022/season/2026
2026,Cruzeiro,2022,2026-07-22,"Wed, Jul 22",TBD,Brazilian Serie A,Internacional,1936,Cruzeiro,2022,,,,agendado,,fora,401841154,https://www.espn.com/soccer/match/_/gameId/401841154/cruzeiro-internacional,ESPN,https://www.espn.com/soccer/team/fixtures/_/id/2022/season/2026
2026,Cruzeiro,2022,2026-07-25,"Sat, Jul 25",TBD,Brazilian Serie A,Cruzeiro,2022,Botafogo,6086,,,,agendado,,casa,401841167,https://www.espn.com/soccer/match/_/gameId/401841167/botafogo-cruzeiro,ESPN,https://www.espn.com/soccer/team/fixtures/_/id/2022/season/2026
2026,Cruzeiro,2022,2026-07-29,"Wed, Jul 29",TBD,Brazilian Serie A,Coritiba,3456,Cruzeiro,2022,,,,agendado,,fora,401841173,https://www.espn.com/soccer/match/_/gameId/401841173/cruzeiro-coritiba,ESPN,https://www.espn.com/soccer/team/fixtures/_/id/2022/season/2026
2026,Cruzeiro,2022,2026-08-08,"Sat, Aug 8",TBD,Brazilian Serie A,Cruzeiro,2022,Mirassol,9169,,,,agendado,,casa,401841183,https://www.espn.com/soccer/match/_/gameId/401841183/mirassol-cruzeiro,ESPN,https://www.espn.com/soccer/team/fixtures/_/id/2022/season/2026
2026,Cruzeiro,2022,2026-08-15,"Sat, Aug 15",TBD,Brazilian Serie A,Corinthians,874,Cruzeiro,2022,,,,agendado,,fora,401841193,https://www.espn.com/soccer/match/_/gameId/401841193/cruzeiro-corinthians,ESPN,https://www.espn.com/soccer/team/fixtures/_/id/2022/season/2026
2026,Cruzeiro,2022,2026-08-22,"Sat, Aug 22",TBD,Brazilian Serie A,Cruzeiro,2022,Flamengo,819,,,,agendado,,casa,401841206,https://www.espn.com/soccer/match/_/gameId/401841206/flamengo-cruzeiro,ESPN,https://www.espn.com/soccer/team/fixtures/_/id/2022/season/2026
2026,Cruzeiro,2022,2026-08-29,"Sat, Aug 29",TBD,Brazilian Serie A,Vasco da Gama,3454,Cruzeiro,2022,,,,agendado,,fora,401841212,https://www.espn.com/soccer/match/_/gameId/401841212/cruzeiro-vasco-da-gama,ESPN,https://www.espn.com/soccer/team/fixtures/_/id/2022/season/2026
2026,Cruzeiro,2022,2026-09-05,"Sat, Sep 5",TBD,Brazilian Serie A,Cruzeiro,2022,Athletico Paranaense,3458,,,,agendado,,casa,401841218,https://www.espn.com/soccer/match/_/gameId/401841218/athletico-paranaense-cruzeiro,ESPN,https://www.espn.com/soccer/team/fixtures/_/id/2022/season/2026
2026,Cruzeiro,2022,2026-09-12,"Sat, Sep 12",TBD,Brazilian Serie A,Santos,2674,Cruzeiro,2022,,,,agendado,,fora,401841233,https://www.espn.com/soccer/match/_/gameId/401841233/cruzeiro-santos,ESPN,https://www.espn.com/soccer/team/fixtures/_/id/2022/season/2026
2026,Cruzeiro,2022,2026-09-19,"Sat, Sep 19",TBD,Brazilian Serie A,Vitória,3457,Cruzeiro,2022,,,,agendado,,fora,401841242,https://www.espn.com/soccer/match/_/gameId/401841242/cruzeiro-vitoria,ESPN,https://www.espn.com/soccer/team/fixtures/_/id/2022/season/2026
2026,Cruzeiro,2022,2026-10-07,"Wed, Oct 7",TBD,Brazilian Serie A,Cruzeiro,2022,São Paulo,2026,,,,agendado,,casa,401841249,https://www.espn.com/soccer/match/_/gameId/401841249/sao-paulo-cruzeiro,ESPN,https://www.espn.com/soccer/team/fixtures/_/id/2022/season/2026
2026,Cruzeiro,2022,2026-10-10,"Sat, Oct 10",TBD,Brazilian Serie A,Red Bull Bragantino,6079,Cruzeiro,2022,,,,agendado,,fora,401841260,https://www.espn.com/soccer/match/_/gameId/401841260/cruzeiro-red-bull-bragantino,ESPN,https://www.espn.com/soccer/team/fixtures/_/id/2022/season/2026
2026,Cruzeiro,2022,2026-10-17,"Sat, Oct 17",TBD,Brazilian Serie A,Grêmio,6273,Cruzeiro,2022,,,,agendado,,fora,401841276,https://www.espn.com/soccer/match/_/gameId/401841276/cruzeiro-gremio,ESPN,https://www.espn.com/soccer/team/fixtures/_/id/2022/season/2026
2026,Cruzeiro,2022,2026-10-24,"Sat, Oct 24",TBD,Brazilian Serie A,Cruzeiro,2022,Remo,4936,,,,agendado,,casa,401841287,https://www.espn.com/soccer/match/_/gameId/401841287/remo-cruzeiro,ESPN,https://www.espn.com/soccer/team/fixtures/_/id/2022/season/2026
2026,Cruzeiro,2022,2026-10-28,"Wed, Oct 28",TBD,Brazilian Serie A,Atlético-MG,7632,Cruzeiro,2022,,,,agendado,,fora,401841288,https://www.espn.com/soccer/match/_/gameId/401841288/cruzeiro-atletico-mg,ESPN,https://www.espn.com/soccer/team/fixtures/_/id/2022/season/2026
2026,Cruzeiro,2022,2026-11-04,"Wed, Nov 4",TBD,Brazilian Serie A,Cruzeiro,2022,Bahia,9967,,,,agendado,,casa,401841303,https://www.espn.com/soccer/match/_/gameId/401841303/bahia-cruzeiro,ESPN,https://www.espn.com/soccer/team/fixtures/_/id/2022/season/2026
2026,Cruzeiro,2022,2026-11-18,"Wed, Nov 18",TBD,Brazilian Serie A,Cruzeiro,2022,Palmeiras,2029,,,,agendado,,casa,401841314,https://www.espn.com/soccer/match/_/gameId/401841314/palmeiras-cruzeiro,ESPN,https://www.espn.com/soccer/team/fixtures/_/id/2022/season/2026
2026,Cruzeiro,2022,2026-11-21,"Sat, Nov 21",TBD,Brazilian Serie A,Chapecoense,9318,Cruzeiro,2022,,,,agendado,,fora,401841325,https://www.espn.com/soccer/match/_/gameId/401841325/cruzeiro-chapecoense,ESPN,https://www.espn.com/soccer/team/fixtures/_/id/2022/season/2026
2026,Cruzeiro,2022,2026-11-28,"Sat, Nov 28",TBD,Brazilian Serie A,Fluminense,3445,Cruzeiro,2022,,,,agendado,,fora,401841337,https://www.espn.com/soccer/match/_/gameId/401841337/cruzeiro-fluminense,ESPN,https://www.espn.com/soccer/team/fixtures/_/id/2022/season/2026
2026,Cruzeiro,2022,2026-12-02,"Wed, Dec 2",TBD,Brazilian Serie A,Cruzeiro,2022,Internacional,1936,,,,agendado,,casa,401841340,https://www.espn.com/soccer/match/_/gameId/401841340/internacional-cruzeiro,ESPN,https://www.espn.com/soccer/team/fixtures/_/id/2022/season/2026
2026,Flamengo,819,2026-01-11,"Sun, Jan 11",,Brazilian Campeonato Carioca,Flamengo,819,Portuguesa-RJ,18134,1,1,1 - 1,FT,E,casa,751664,https://www.espn.com/soccer/match/_/gameId/751664/portuguesa-rj-flamengo,ESPN,https://www.espn.com/soccer/team/results/_/id/819/season/2026
2026,Flamengo,819,2026-01-14,"Wed, Jan 14",,Brazilian Campeonato Carioca,Bangu,10265,Flamengo,819,2,1,2 - 1,FT,D,fora,751642,https://www.espn.com/soccer/match/_/gameId/751642/flamengo-bangu,ESPN,https://www.espn.com/soccer/team/results/_/id/819/season/2026
2026,Flamengo,819,2026-01-17,"Sat, Jan 17",,Brazilian Campeonato Carioca,Volta Redonda,4806,Flamengo,819,3,0,3 - 0,FT,D,fora,751650,https://www.espn.com/soccer/match/_/gameId/751650/flamengo-volta-redonda,ESPN,https://www.espn.com/soccer/team/results/_/id/819/season/2026
2026,Flamengo,819,2026-01-21,"Wed, Jan 21",,Brazilian Campeonato Carioca,Flamengo,819,Vasco da Gama,3454,1,0,1 - 0,FT,V,casa,751653,https://www.espn.com/soccer/match/_/gameId/751653/vasco-da-gama-flamengo,ESPN,https://www.espn.com/soccer/team/results/_/id/819/season/2026
2026,Flamengo,819,2026-01-25,"Sun, Jan 25",,Brazilian Campeonato Carioca,Fluminense,3445,Flamengo,819,2,1,2 - 1,FT,D,fora,751659,https://www.espn.com/soccer/match/_/gameId/751659/flamengo-fluminense,ESPN,https://www.espn.com/soccer/team/results/_/id/819/season/2026
2026,Flamengo,819,2026-01-28,"Wed, Jan 28",,Brazilian Serie A,São Paulo,2026,Flamengo,819,2,1,2 - 1,FT,D,fora,401840976,https://www.espn.com/soccer/match/_/gameId/401840976/flamengo-sao-paulo,ESPN,https://www.espn.com/soccer/team/results/_/id/819/season/2026
2026,Flamengo,819,2026-02-01,"Sun, Feb 1",,Brazilian Supercopa Rei,Flamengo,819,Corinthians,874,0,2,0 - 2,FT,D,casa,401844263,https://www.espn.com/soccer/match/_/gameId/401844263/corinthians-flamengo,ESPN,https://www.espn.com/soccer/team/results/_/id/819/season/2026
2026,Flamengo,819,2026-02-04,"Wed, Feb 4",,Brazilian Serie A,Flamengo,819,Internacional,1936,1,1,1 - 1,FT,E,casa,401840978,https://www.espn.com/soccer/match/_/gameId/401840978/internacional-flamengo,ESPN,https://www.espn.com/soccer/team/results/_/id/819/season/2026
2026,Flamengo,819,2026-02-07,"Sat, Feb 7",,Brazilian Campeonato Carioca,Flamengo,819,Sampaio Correa RJ,20855,7,1,7 - 1,FT,V,casa,751669,https://www.espn.com/soccer/match/_/gameId/751669/sampaio-correa-rj-flamengo,ESPN,https://www.espn.com/soccer/team/results/_/id/819/season/2026
2026,Flamengo,819,2026-02-10,"Tue, Feb 10",,Brazilian Serie A,Vitória,3457,Flamengo,819,1,2,1 - 2,FT,V,fora,401840993,https://www.espn.com/soccer/match/_/gameId/401840993/flamengo-vitoria,ESPN,https://www.espn.com/soccer/team/results/_/id/819/season/2026
2026,Flamengo,819,2026-02-15,"Sun, Feb 15",,Brazilian Campeonato Carioca,Botafogo,6086,Flamengo,819,1,2,1 - 2,FT,V,fora,401860444,https://www.espn.com/soccer/match/_/gameId/401860444/flamengo-botafogo,ESPN,https://www.espn.com/soccer/team/results/_/id/819/season/2026
2026,Flamengo,819,2026-02-19,"Thu, Feb 19",,CONMEBOL Recopa,Lanús,12,Flamengo,819,1,0,1 - 0 1st Leg,FT,D,fora,762261,https://www.espn.com/soccer/match/_/gameId/762261/flamengo-lanus,ESPN,https://www.espn.com/soccer/team/results/_/id/819/season/2026
2026,Flamengo,819,2026-02-22,"Sun, Feb 22",,Brazilian Campeonato Carioca,Flamengo,819,Madureira,4786,3,0,3 - 0 1st Leg,FT,V,casa,401861654,https://www.espn.com/soccer/match/_/gameId/401861654/madureira-flamengo,ESPN,https://www.espn.com/soccer/team/results/_/id/819/season/2026
2026,Flamengo,819,2026-02-26,"Thu, Feb 26",,CONMEBOL Recopa,Flamengo,819,Lanús,12,2,3,2 - 3 2nd Leg · Lanús wins 4-2 on aggregate,AET,D,casa,762262,https://www.espn.com/soccer/match/_/gameId/762262/lanus-flamengo,ESPN,https://www.espn.com/soccer/team/results/_/id/819/season/2026
2026,Flamengo,819,2026-03-02,"Mon, Mar 2",,Brazilian Campeonato Carioca,Madureira,4786,Flamengo,819,0,8,0 - 8 2nd Leg,FT,V,fora,401861659,https://www.espn.com/soccer/match/_/gameId/401861659/flamengo-madureira,ESPN,https://www.espn.com/soccer/team/results/_/id/819/season/2026
2026,Flamengo,819,2026-03-08,"Sun, Mar 8",,Brazilian Campeonato Carioca,Fluminense,3445,Flamengo,819,0,0,0 - 0 Flamengo wins 5-4 on Penalty Kicks,FT-Pens,E,fora,401863456,https://www.espn.com/soccer/match/_/gameId/401863456/flamengo-fluminense,ESPN,https://www.espn.com/soccer/team/results/_/id/819/season/2026
2026,Flamengo,819,2026-03-11,"Wed, Mar 11",,Brazilian Serie A,Flamengo,819,Cruzeiro,2022,2,0,2 - 0,FT,V,casa,401841017,https://www.espn.com/soccer/match/_/gameId/401841017/cruzeiro-flamengo,ESPN,https://www.espn.com/soccer/team/results/_/id/819/season/2026
2026,Flamengo,819,2026-03-14,"Sat, Mar 14",,Brazilian Serie A,Botafogo,6086,Flamengo,819,0,3,0 - 3,FT,V,fora,401841026,https://www.espn.com/soccer/match/_/gameId/401841026/flamengo-botafogo,ESPN,https://www.espn.com/soccer/team/results/_/id/819/season/2026
2026,Flamengo,819,2026-03-19,"Thu, Mar 19",,Brazilian Serie A,Flamengo,819,Remo,4936,3,0,3 - 0,FT,V,casa,401841035,https://www.espn.com/soccer/match/_/gameId/401841035/remo-flamengo,ESPN,https://www.espn.com/soccer/team/results/_/id/819/season/2026
2026,Flamengo,819,2026-03-22,"Sun, Mar 22",,Brazilian Serie A,Corinthians,874,Flamengo,819,1,1,1 - 1,FT,E,fora,401841046,https://www.espn.com/soccer/match/_/gameId/401841046/flamengo-corinthians,ESPN,https://www.espn.com/soccer/team/results/_/id/819/season/2026
2026,Flamengo,819,2026-04-02,"Thu, Apr 2",,Brazilian Serie A,Red Bull Bragantino,6079,Flamengo,819,3,0,3 - 0,FT,D,fora,401841051,https://www.espn.com/soccer/match/_/gameId/401841051/flamengo-red-bull-bragantino,ESPN,https://www.espn.com/soccer/team/results/_/id/819/season/2026
2026,Flamengo,819,2026-04-05,"Sun, Apr 5",,Brazilian Serie A,Flamengo,819,Santos,2674,3,1,3 - 1,FT,V,casa,401841067,https://www.espn.com/soccer/match/_/gameId/401841067/santos-flamengo,ESPN,https://www.espn.com/soccer/team/results/_/id/819/season/2026
2026,Flamengo,819,2026-04-08,"Wed, Apr 8",,CONMEBOL Libertadores,Cusco FC,11995,Flamengo,819,0,2,0 - 2,FT,V,fora,401865482,https://www.espn.com/soccer/match/_/gameId/401865482/flamengo-cusco-fc,ESPN,https://www.espn.com/soccer/team/results/_/id/819/season/2026
2026,Flamengo,819,2026-04-12,"Sun, Apr 12",,Brazilian Serie A,Fluminense,3445,Flamengo,819,1,2,1 - 2,FT,V,fora,401841072,https://www.espn.com/soccer/match/_/gameId/401841072/flamengo-fluminense,ESPN,https://www.espn.com/soccer/team/results/_/id/819/season/2026
2026,Flamengo,819,2026-04-16,"Thu, Apr 16",,CONMEBOL Libertadores,Flamengo,819,Independiente Medellín,2690,4,1,4 - 1,FT,V,casa,401865493,https://www.espn.com/soccer/match/_/gameId/401865493/independiente-medellin-flamengo,ESPN,https://www.espn.com/soccer/team/results/_/id/819/season/2026
2026,Flamengo,819,2026-04-19,"Sun, Apr 19",,Brazilian Serie A,Flamengo,819,Bahia,9967,2,0,2 - 0,FT,V,casa,401841086,https://www.espn.com/soccer/match/_/gameId/401841086/bahia-flamengo,ESPN,https://www.espn.com/soccer/team/results/_/id/819/season/2026
2026,Flamengo,819,2026-04-22,"Wed, Apr 22",,Copa do Brasil,Flamengo,819,Vitória,3457,2,1,2 - 1 1st Leg,FT,V,casa,401866344,https://www.espn.com/soccer/match/_/gameId/401866344/vitoria-flamengo,ESPN,https://www.espn.com/soccer/team/results/_/id/819/season/2026
2026,Flamengo,819,2026-04-26,"Sun, Apr 26",,Brazilian Serie A,Atlético-MG,7632,Flamengo,819,0,4,0 - 4,FT,V,fora,401841096,https://www.espn.com/soccer/match/_/gameId/401841096/flamengo-atletico-mg,ESPN,https://www.espn.com/soccer/team/results/_/id/819/season/2026
2026,Flamengo,819,2026-04-29,"Wed, Apr 29",,CONMEBOL Libertadores,Estudiantes de La Plata,8,Flamengo,819,1,1,1 - 1,FT,E,fora,401865507,https://www.espn.com/soccer/match/_/gameId/401865507/flamengo-estudiantes-de-la-plata,ESPN,https://www.espn.com/soccer/team/results/_/id/819/season/2026
2026,Flamengo,819,2026-05-03,"Sun, May 3",,Brazilian Serie A,Flamengo,819,Vasco da Gama,3454,2,2,2 - 2,FT,E,casa,401841105,https://www.espn.com/soccer/match/_/gameId/401841105/vasco-da-gama-flamengo,ESPN,https://www.espn.com/soccer/team/results/_/id/819/season/2026
2026,Flamengo,819,2026-05-10,"Sun, May 10",,Brazilian Serie A,Grêmio,6273,Flamengo,819,0,1,0 - 1,FT,V,fora,401841117,https://www.espn.com/soccer/match/_/gameId/401841117/flamengo-gremio,ESPN,https://www.espn.com/soccer/team/results/_/id/819/season/2026
2026,Flamengo,819,2026-05-14,"Thu, May 14",,Copa do Brasil,Vitória,3457,Flamengo,819,2,0,2 - 0 2nd Leg · Vitória wins 3-2 on aggregate,FT,D,fora,401866350,https://www.espn.com/soccer/match/_/gameId/401866350/flamengo-vitoria,ESPN,https://www.espn.com/soccer/team/results/_/id/819/season/2026
2026,Flamengo,819,2026-05-17,"Sun, May 17",6:30 PM,Brazilian Serie A,Athletico Paranaense,3458,Flamengo,819,,,,agendado,,fora,401841121,https://www.espn.com/soccer/match/_/gameId/401841121/flamengo-athletico-paranaense,ESPN,https://www.espn.com/soccer/team/fixtures/_/id/819/season/2026
2026,Flamengo,819,2026-05-20,"Wed, May 20",8:30 PM,CONMEBOL Libertadores,Flamengo,819,Estudiantes de La Plata,8,,,,agendado,,casa,401865534,https://www.espn.com/soccer/match/_/gameId/401865534/estudiantes-de-la-plata-flamengo,ESPN,https://www.espn.com/soccer/team/fixtures/_/id/819/season/2026
2026,Flamengo,819,2026-05-23,"Sat, May 23",8:00 PM,Brazilian Serie A,Flamengo,819,Palmeiras,2029,,,,agendado,,casa,401841136,https://www.espn.com/soccer/match/_/gameId/401841136/palmeiras-flamengo,ESPN,https://www.espn.com/soccer/team/fixtures/_/id/819/season/2026
2026,Flamengo,819,2026-05-26,"Tue, May 26",8:30 PM,CONMEBOL Libertadores,Flamengo,819,Cusco FC,11995,,,,agendado,,casa,401865555,https://www.espn.com/soccer/match/_/gameId/401865555/cusco-fc-flamengo,ESPN,https://www.espn.com/soccer/team/fixtures/_/id/819/season/2026
2026,Flamengo,819,2026-05-30,"Sat, May 30",3:00 PM,Brazilian Serie A,Flamengo,819,Coritiba,3456,,,,agendado,,casa,401841144,https://www.espn.com/soccer/match/_/gameId/401841144/coritiba-flamengo,ESPN,https://www.espn.com/soccer/team/fixtures/_/id/819/season/2026
2026,Flamengo,819,2026-07-22,"Wed, Jul 22",TBD,Brazilian Serie A,Chapecoense,9318,Flamengo,819,,,,agendado,,fora,401841150,https://www.espn.com/soccer/match/_/gameId/401841150/flamengo-chapecoense,ESPN,https://www.espn.com/soccer/team/fixtures/_/id/819/season/2026
2026,Flamengo,819,2026-07-25,"Sat, Jul 25",TBD,Brazilian Serie A,Flamengo,819,São Paulo,2026,,,,agendado,,casa,401841166,https://www.espn.com/soccer/match/_/gameId/401841166/sao-paulo-flamengo,ESPN,https://www.espn.com/soccer/team/fixtures/_/id/819/season/2026
2026,Flamengo,819,2026-07-29,"Wed, Jul 29",TBD,Brazilian Serie A,Internacional,1936,Flamengo,819,,,,agendado,,fora,401841171,https://www.espn.com/soccer/match/_/gameId/401841171/flamengo-internacional,ESPN,https://www.espn.com/soccer/team/fixtures/_/id/819/season/2026
2026,Flamengo,819,2026-08-08,"Sat, Aug 8",TBD,Brazilian Serie A,Flamengo,819,Vitória,3457,,,,agendado,,casa,401841187,https://www.espn.com/soccer/match/_/gameId/401841187/vitoria-flamengo,ESPN,https://www.espn.com/soccer/team/fixtures/_/id/819/season/2026
2026,Flamengo,819,2026-08-15,"Sat, Aug 15",TBD,Brazilian Serie A,Mirassol,9169,Flamengo,819,,,,agendado,,fora,401841190,https://www.espn.com/soccer/match/_/gameId/401841190/flamengo-mirassol,ESPN,https://www.espn.com/soccer/team/fixtures/_/id/819/season/2026
2026,Flamengo,819,2026-08-22,"Sat, Aug 22",TBD,Brazilian Serie A,Cruzeiro,2022,Flamengo,819,,,,agendado,,fora,401841206,https://www.espn.com/soccer/match/_/gameId/401841206/flamengo-cruzeiro,ESPN,https://www.espn.com/soccer/team/fixtures/_/id/819/season/2026
2026,Flamengo,819,2026-08-29,"Sat, Aug 29",TBD,Brazilian Serie A,Flamengo,819,Botafogo,6086,,,,agendado,,casa,401841213,https://www.espn.com/soccer/match/_/gameId/401841213/botafogo-flamengo,ESPN,https://www.espn.com/soccer/team/fixtures/_/id/819/season/2026
2026,Flamengo,819,2026-09-05,"Sat, Sep 5",TBD,Brazilian Serie A,Remo,4936,Flamengo,819,,,,agendado,,fora,401841225,https://www.espn.com/soccer/match/_/gameId/401841225/flamengo-remo,ESPN,https://www.espn.com/soccer/team/fixtures/_/id/819/season/2026
2026,Flamengo,819,2026-09-12,"Sat, Sep 12",TBD,Brazilian Serie A,Flamengo,819,Corinthians,874,,,,agendado,,casa,401841237,https://www.espn.com/soccer/match/_/gameId/401841237/corinthians-flamengo,ESPN,https://www.espn.com/soccer/team/fixtures/_/id/819/season/2026
2026,Flamengo,819,2026-09-19,"Sat, Sep 19",TBD,Brazilian Serie A,Flamengo,819,Red Bull Bragantino,6079,,,,agendado,,casa,401841241,https://www.espn.com/soccer/match/_/gameId/401841241/red-bull-bragantino-flamengo,ESPN,https://www.espn.com/soccer/team/fixtures/_/id/819/season/2026
2026,Flamengo,819,2026-10-07,"Wed, Oct 7",TBD,Brazilian Serie A,Santos,2674,Flamengo,819,,,,agendado,,fora,401841251,https://www.espn.com/soccer/match/_/gameId/401841251/flamengo-santos,ESPN,https://www.espn.com/soccer/team/fixtures/_/id/819/season/2026
2026,Flamengo,819,2026-10-10,"Sat, Oct 10",TBD,Brazilian Serie A,Flamengo,819,Fluminense,3445,,,,agendado,,casa,401841263,https://www.espn.com/soccer/match/_/gameId/401841263/fluminense-flamengo,ESPN,https://www.espn.com/soccer/team/fixtures/_/id/819/season/2026
2026,Flamengo,819,2026-10-17,"Sat, Oct 17",TBD,Brazilian Serie A,Bahia,9967,Flamengo,819,,,,agendado,,fora,401841269,https://www.espn.com/soccer/match/_/gameId/401841269/flamengo-bahia,ESPN,https://www.espn.com/soccer/team/fixtures/_/id/819/season/2026
2026,Flamengo,819,2026-10-24,"Sat, Oct 24",TBD,Brazilian Serie A,Flamengo,819,Atlético-MG,7632,,,,agendado,,casa,401841286,https://www.espn.com/soccer/match/_/gameId/401841286/atletico-mg-flamengo,ESPN,https://www.espn.com/soccer/team/fixtures/_/id/819/season/2026
2026,Flamengo,819,2026-10-28,"Wed, Oct 28",TBD,Brazilian Serie A,Vasco da Gama,3454,Flamengo,819,,,,agendado,,fora,401841292,https://www.espn.com/soccer/match/_/gameId/401841292/flamengo-vasco-da-gama,ESPN,https://www.espn.com/soccer/team/fixtures/_/id/819/season/2026
2026,Flamengo,819,2026-11-04,"Wed, Nov 4",TBD,Brazilian Serie A,Flamengo,819,Grêmio,6273,,,,agendado,,casa,401841307,https://www.espn.com/soccer/match/_/gameId/401841307/gremio-flamengo,ESPN,https://www.espn.com/soccer/team/fixtures/_/id/819/season/2026
2026,Flamengo,819,2026-11-18,"Wed, Nov 18",TBD,Brazilian Serie A,Flamengo,819,Athletico Paranaense,3458,,,,agendado,,casa,401841313,https://www.espn.com/soccer/match/_/gameId/401841313/athletico-paranaense-flamengo,ESPN,https://www.espn.com/soccer/team/fixtures/_/id/819/season/2026
2026,Flamengo,819,2026-11-21,"Sat, Nov 21",TBD,Brazilian Serie A,Palmeiras,2029,Flamengo,819,,,,agendado,,fora,401841322,https://www.espn.com/soccer/match/_/gameId/401841322/flamengo-palmeiras,ESPN,https://www.espn.com/soccer/team/fixtures/_/id/819/season/2026
2026,Flamengo,819,2026-11-28,"Sat, Nov 28",TBD,Brazilian Serie A,Coritiba,3456,Flamengo,819,,,,agendado,,fora,401841333,https://www.espn.com/soccer/match/_/gameId/401841333/flamengo-coritiba,ESPN,https://www.espn.com/soccer/team/fixtures/_/id/819/season/2026
2026,Flamengo,819,2026-12-02,"Wed, Dec 2",TBD,Brazilian Serie A,Flamengo,819,Chapecoense,9318,,,,agendado,,casa,401841341,https://www.espn.com/soccer/match/_/gameId/401841341/chapecoense-flamengo,ESPN,https://www.espn.com/soccer/team/fixtures/_/id/819/season/2026
2026,Fluminense,3445,2026-01-14,"Wed, Jan 14",,Brazilian Campeonato Carioca,Fluminense,3445,Madureira,4786,2,1,2 - 1,FT,V,casa,751639,https://www.espn.com/soccer/match/_/gameId/751639/madureira-fluminense,ESPN,https://www.espn.com/soccer/team/results/_/id/3445/season/2026
2026,Fluminense,3445,2026-01-17,"Sat, Jan 17",,Brazilian Campeonato Carioca,Boavista,900,Fluminense,3445,1,0,1 - 0,FT,D,fora,751645,https://www.espn.com/soccer/match/_/gameId/751645/fluminense-boavista,ESPN,https://www.espn.com/soccer/team/results/_/id/3445/season/2026
2026,Fluminense,3445,2026-01-22,"Thu, Jan 22",,Brazilian Campeonato Carioca,Nova Iguaçu,6087,Fluminense,3445,2,3,2 - 3,FT,V,fora,751656,https://www.espn.com/soccer/match/_/gameId/751656/fluminense-nova-iguacu,ESPN,https://www.espn.com/soccer/team/results/_/id/3445/season/2026
2026,Fluminense,3445,2026-01-25,"Sun, Jan 25",,Brazilian Campeonato Carioca,Fluminense,3445,Flamengo,819,2,1,2 - 1,FT,V,casa,751659,https://www.espn.com/soccer/match/_/gameId/751659/flamengo-fluminense,ESPN,https://www.espn.com/soccer/team/results/_/id/3445/season/2026
2026,Fluminense,3445,2026-01-28,"Wed, Jan 28",,Brazilian Serie A,Fluminense,3445,Grêmio,6273,2,1,2 - 1,FT,V,casa,401840813,https://www.espn.com/soccer/match/_/gameId/401840813/gremio-fluminense,ESPN,https://www.espn.com/soccer/team/results/_/id/3445/season/2026
2026,Fluminense,3445,2026-02-01,"Sun, Feb 1",,Brazilian Campeonato Carioca,Botafogo,6086,Fluminense,3445,0,1,0 - 1,FT,V,fora,751663,https://www.espn.com/soccer/match/_/gameId/751663/fluminense-botafogo,ESPN,https://www.espn.com/soccer/team/results/_/id/3445/season/2026
2026,Fluminense,3445,2026-02-05,"Thu, Feb 5",,Brazilian Serie A,Bahia,9967,Fluminense,3445,1,1,1 - 1,FT,E,fora,401840980,https://www.espn.com/soccer/match/_/gameId/401840980/fluminense-bahia,ESPN,https://www.espn.com/soccer/team/results/_/id/3445/season/2026
2026,Fluminense,3445,2026-02-08,"Sun, Feb 8",,Brazilian Campeonato Carioca,Fluminense,3445,Maricá,21387,1,0,1 - 0,FT,V,casa,751670,https://www.espn.com/soccer/match/_/gameId/751670/marica-fluminense,ESPN,https://www.espn.com/soccer/team/results/_/id/3445/season/2026
2026,Fluminense,3445,2026-02-12,"Thu, Feb 12",,Brazilian Serie A,Fluminense,3445,Botafogo,6086,1,0,1 - 0,FT,V,casa,401840992,https://www.espn.com/soccer/match/_/gameId/401840992/botafogo-fluminense,ESPN,https://www.espn.com/soccer/team/results/_/id/3445/season/2026
2026,Fluminense,3445,2026-02-16,"Mon, Feb 16",,Brazilian Campeonato Carioca,Fluminense,3445,Bangu,10265,3,1,3 - 1,FT,V,casa,401860445,https://www.espn.com/soccer/match/_/gameId/401860445/bangu-fluminense,ESPN,https://www.espn.com/soccer/team/results/_/id/3445/season/2026
2026,Fluminense,3445,2026-02-22,"Sun, Feb 22",,Brazilian Campeonato Carioca,Vasco da Gama,3454,Fluminense,3445,0,1,0 - 1 1st Leg,FT,V,fora,401861655,https://www.espn.com/soccer/match/_/gameId/401861655/fluminense-vasco-da-gama,ESPN,https://www.espn.com/soccer/team/results/_/id/3445/season/2026
2026,Fluminense,3445,2026-02-25,"Wed, Feb 25",,Brazilian Serie A,Palmeiras,2029,Fluminense,3445,2,1,2 - 1,FT,D,fora,401841004,https://www.espn.com/soccer/match/_/gameId/401841004/fluminense-palmeiras,ESPN,https://www.espn.com/soccer/team/results/_/id/3445/season/2026
2026,Fluminense,3445,2026-03-01,"Sun, Mar 1",,Brazilian Campeonato Carioca,Fluminense,3445,Vasco da Gama,3454,1,1,1 - 1 2nd Leg · Fluminense wins 2-1 on aggregate,FT,E,casa,401861658,https://www.espn.com/soccer/match/_/gameId/401861658/vasco-da-gama-fluminense,ESPN,https://www.espn.com/soccer/team/results/_/id/3445/season/2026
2026,Fluminense,3445,2026-03-08,"Sun, Mar 8",,Brazilian Campeonato Carioca,Fluminense,3445,Flamengo,819,0,0,0 - 0 Flamengo wins 5-4 on Penalty Kicks,FT-Pens,E,casa,401863456,https://www.espn.com/soccer/match/_/gameId/401863456/flamengo-fluminense,ESPN,https://www.espn.com/soccer/team/results/_/id/3445/season/2026
2026,Fluminense,3445,2026-03-12,"Thu, Mar 12",,Brazilian Serie A,Remo,4936,Fluminense,3445,0,2,0 - 2,FT,V,fora,401841009,https://www.espn.com/soccer/match/_/gameId/401841009/fluminense-remo,ESPN,https://www.espn.com/soccer/team/results/_/id/3445/season/2026
2026,Fluminense,3445,2026-03-15,"Sun, Mar 15",,Brazilian Serie A,Fluminense,3445,Athletico Paranaense,3458,3,2,3 - 2,FT,V,casa,401841022,https://www.espn.com/soccer/match/_/gameId/401841022/athletico-paranaense-fluminense,ESPN,https://www.espn.com/soccer/team/results/_/id/3445/season/2026
2026,Fluminense,3445,2026-03-18,"Wed, Mar 18",,Brazilian Serie A,Vasco da Gama,3454,Fluminense,3445,3,2,3 - 2,FT,D,fora,401841030,https://www.espn.com/soccer/match/_/gameId/401841030/fluminense-vasco-da-gama,ESPN,https://www.espn.com/soccer/team/results/_/id/3445/season/2026
2026,Fluminense,3445,2026-03-21,"Sat, Mar 21",,Brazilian Serie A,Fluminense,3445,Atlético-MG,7632,1,0,1 - 0,FT,V,casa,401841044,https://www.espn.com/soccer/match/_/gameId/401841044/atletico-mg-fluminense,ESPN,https://www.espn.com/soccer/team/results/_/id/3445/season/2026
2026,Fluminense,3445,2026-04-01,"Wed, Apr 1",,Brazilian Serie A,Fluminense,3445,Corinthians,874,3,1,3 - 1,FT,V,casa,401841054,https://www.espn.com/soccer/match/_/gameId/401841054/corinthians-fluminense,ESPN,https://www.espn.com/soccer/team/results/_/id/3445/season/2026
2026,Fluminense,3445,2026-04-04,"Sat, Apr 4",,Brazilian Serie A,Coritiba,3456,Fluminense,3445,1,1,1 - 1,FT,E,fora,401841063,https://www.espn.com/soccer/match/_/gameId/401841063/fluminense-coritiba,ESPN,https://www.espn.com/soccer/team/results/_/id/3445/season/2026
2026,Fluminense,3445,2026-04-07,"Tue, Apr 7",,CONMEBOL Libertadores,Deportivo La Guaira,17090,Fluminense,3445,0,0,0 - 0,FT,E,fora,401865480,https://www.espn.com/soccer/match/_/gameId/401865480/fluminense-deportivo-la-guaira,ESPN,https://www.espn.com/soccer/team/results/_/id/3445/season/2026
2026,Fluminense,3445,2026-04-12,"Sun, Apr 12",,Brazilian Serie A,Fluminense,3445,Flamengo,819,1,2,1 - 2,FT,D,casa,401841072,https://www.espn.com/soccer/match/_/gameId/401841072/flamengo-fluminense,ESPN,https://www.espn.com/soccer/team/results/_/id/3445/season/2026
2026,Fluminense,3445,2026-04-15,"Wed, Apr 15",,CONMEBOL Libertadores,Fluminense,3445,Independiente Rivadavia,9744,1,2,1 - 2,FT,D,casa,401865492,https://www.espn.com/soccer/match/_/gameId/401865492/independiente-rivadavia-fluminense,ESPN,https://www.espn.com/soccer/team/results/_/id/3445/season/2026
2026,Fluminense,3445,2026-04-19,"Sun, Apr 19",,Brazilian Serie A,Santos,2674,Fluminense,3445,2,3,2 - 3,FT,V,fora,401841082,https://www.espn.com/soccer/match/_/gameId/401841082/fluminense-santos,ESPN,https://www.espn.com/soccer/team/results/_/id/3445/season/2026
2026,Fluminense,3445,2026-04-23,"Thu, Apr 23",,Copa do Brasil,Operário PR,18187,Fluminense,3445,0,0,0 - 0 1st Leg,FT,E,fora,401866340,https://www.espn.com/soccer/match/_/gameId/401866340/fluminense-operario-pr,ESPN,https://www.espn.com/soccer/team/results/_/id/3445/season/2026
2026,Fluminense,3445,2026-04-26,"Sun, Apr 26",,Brazilian Serie A,Fluminense,3445,Chapecoense,9318,2,1,2 - 1,FT,V,casa,401841090,https://www.espn.com/soccer/match/_/gameId/401841090/chapecoense-fluminense,ESPN,https://www.espn.com/soccer/team/results/_/id/3445/season/2026
2026,Fluminense,3445,2026-04-30,"Thu, Apr 30",,CONMEBOL Libertadores,Bolívar,2681,Fluminense,3445,2,0,2 - 0,FT,D,fora,401865502,https://www.espn.com/soccer/match/_/gameId/401865502/fluminense-bolivar,ESPN,https://www.espn.com/soccer/team/results/_/id/3445/season/2026
2026,Fluminense,3445,2026-05-03,"Sun, May 3",,Brazilian Serie A,Internacional,1936,Fluminense,3445,2,0,2 - 0,FT,D,fora,401841104,https://www.espn.com/soccer/match/_/gameId/401841104/fluminense-internacional,ESPN,https://www.espn.com/soccer/team/results/_/id/3445/season/2026
2026,Fluminense,3445,2026-05-06,"Wed, May 6",,CONMEBOL Libertadores,Independiente Rivadavia,9744,Fluminense,3445,1,1,1 - 1,FT,E,fora,401865524,https://www.espn.com/soccer/match/_/gameId/401865524/fluminense-independiente-rivadavia,ESPN,https://www.espn.com/soccer/team/results/_/id/3445/season/2026
2026,Fluminense,3445,2026-05-09,"Sat, May 9",,Brazilian Serie A,Fluminense,3445,Vitória,3457,2,2,2 - 2,FT,E,casa,401841113,https://www.espn.com/soccer/match/_/gameId/401841113/vitoria-fluminense,ESPN,https://www.espn.com/soccer/team/results/_/id/3445/season/2026
2026,Fluminense,3445,2026-05-12,"Tue, May 12",,Copa do Brasil,Fluminense,3445,Operário PR,18187,2,1,2 - 1 2nd Leg · Fluminense wins 2-1 on aggregate,FT,V,casa,401866356,https://www.espn.com/soccer/match/_/gameId/401866356/operario-pr-fluminense,ESPN,https://www.espn.com/soccer/team/results/_/id/3445/season/2026
2026,Fluminense,3445,2026-05-16,"Sat, May 16",6:00 PM,Brazilian Serie A,Fluminense,3445,São Paulo,2026,,,,agendado,,casa,401841127,https://www.espn.com/soccer/match/_/gameId/401841127/sao-paulo-fluminense,ESPN,https://www.espn.com/soccer/team/fixtures/_/id/3445/season/2026
2026,Fluminense,3445,2026-05-19,"Tue, May 19",6:00 PM,CONMEBOL Libertadores,Fluminense,3445,Bolívar,2681,,,,agendado,,casa,401865533,https://www.espn.com/soccer/match/_/gameId/401865533/bolivar-fluminense,ESPN,https://www.espn.com/soccer/team/fixtures/_/id/3445/season/2026
2026,Fluminense,3445,2026-05-23,"Sat, May 23",6:00 PM,Brazilian Serie A,Mirassol,9169,Fluminense,3445,,,,agendado,,fora,401841134,https://www.espn.com/soccer/match/_/gameId/401841134/fluminense-mirassol,ESPN,https://www.espn.com/soccer/team/fixtures/_/id/3445/season/2026
2026,Fluminense,3445,2026-05-27,"Wed, May 27",8:30 PM,CONMEBOL Libertadores,Fluminense,3445,Deportivo La Guaira,17090,,,,agendado,,casa,401865563,https://www.espn.com/soccer/match/_/gameId/401865563/deportivo-la-guaira-fluminense,ESPN,https://www.espn.com/soccer/team/fixtures/_/id/3445/season/2026
2026,Fluminense,3445,2026-05-31,"Sun, May 31",7:30 PM,Brazilian Serie A,Cruzeiro,2022,Fluminense,3445,,,,agendado,,fora,401841145,https://www.espn.com/soccer/match/_/gameId/401841145/fluminense-cruzeiro,ESPN,https://www.espn.com/soccer/team/fixtures/_/id/3445/season/2026
2026,Fluminense,3445,2026-07-22,"Wed, Jul 22",TBD,Brazilian Serie A,Fluminense,3445,Red Bull Bragantino,6079,,,,agendado,,casa,401841153,https://www.espn.com/soccer/match/_/gameId/401841153/red-bull-bragantino-fluminense,ESPN,https://www.espn.com/soccer/team/fixtures/_/id/3445/season/2026
2026,Fluminense,3445,2026-07-25,"Sat, Jul 25",TBD,Brazilian Serie A,Grêmio,6273,Fluminense,3445,,,,agendado,,fora,401841165,https://www.espn.com/soccer/match/_/gameId/401841165/fluminense-gremio,ESPN,https://www.espn.com/soccer/team/fixtures/_/id/3445/season/2026
2026,Fluminense,3445,2026-07-29,"Wed, Jul 29",TBD,Brazilian Serie A,Fluminense,3445,Bahia,9967,,,,agendado,,casa,401841177,https://www.espn.com/soccer/match/_/gameId/401841177/bahia-fluminense,ESPN,https://www.espn.com/soccer/team/fixtures/_/id/3445/season/2026
2026,Fluminense,3445,2026-08-08,"Sat, Aug 8",TBD,Brazilian Serie A,Botafogo,6086,Fluminense,3445,,,,agendado,,fora,401841185,https://www.espn.com/soccer/match/_/gameId/401841185/fluminense-botafogo,ESPN,https://www.espn.com/soccer/team/fixtures/_/id/3445/season/2026
2026,Fluminense,3445,2026-08-15,"Sat, Aug 15",TBD,Brazilian Serie A,Fluminense,3445,Palmeiras,2029,,,,agendado,,casa,401841192,https://www.espn.com/soccer/match/_/gameId/401841192/palmeiras-fluminense,ESPN,https://www.espn.com/soccer/team/fixtures/_/id/3445/season/2026
2026,Fluminense,3445,2026-08-22,"Sat, Aug 22",TBD,Brazilian Serie A,Fluminense,3445,Remo,4936,,,,agendado,,casa,401841205,https://www.espn.com/soccer/match/_/gameId/401841205/remo-fluminense,ESPN,https://www.espn.com/soccer/team/fixtures/_/id/3445/season/2026
2026,Fluminense,3445,2026-08-29,"Sat, Aug 29",TBD,Brazilian Serie A,Athletico Paranaense,3458,Fluminense,3445,,,,agendado,,fora,401841208,https://www.espn.com/soccer/match/_/gameId/401841208/fluminense-athletico-paranaense,ESPN,https://www.espn.com/soccer/team/fixtures/_/id/3445/season/2026
2026,Fluminense,3445,2026-09-05,"Sat, Sep 5",TBD,Brazilian Serie A,Fluminense,3445,Vasco da Gama,3454,,,,agendado,,casa,401841227,https://www.espn.com/soccer/match/_/gameId/401841227/vasco-da-gama-fluminense,ESPN,https://www.espn.com/soccer/team/fixtures/_/id/3445/season/2026
2026,Fluminense,3445,2026-09-12,"Sat, Sep 12",TBD,Brazilian Serie A,Atlético-MG,7632,Fluminense,3445,,,,agendado,,fora,401841231,https://www.espn.com/soccer/match/_/gameId/401841231/fluminense-atletico-mg,ESPN,https://www.espn.com/soccer/team/fixtures/_/id/3445/season/2026
2026,Fluminense,3445,2026-09-19,"Sat, Sep 19",TBD,Brazilian Serie A,Corinthians,874,Fluminense,3445,,,,agendado,,fora,401841240,https://www.espn.com/soccer/match/_/gameId/401841240/fluminense-corinthians,ESPN,https://www.espn.com/soccer/team/fixtures/_/id/3445/season/2026
2026,Fluminense,3445,2026-10-07,"Wed, Oct 7",TBD,Brazilian Serie A,Fluminense,3445,Coritiba,3456,,,,agendado,,casa,401841248,https://www.espn.com/soccer/match/_/gameId/401841248/coritiba-fluminense,ESPN,https://www.espn.com/soccer/team/fixtures/_/id/3445/season/2026
2026,Fluminense,3445,2026-10-10,"Sat, Oct 10",TBD,Brazilian Serie A,Flamengo,819,Fluminense,3445,,,,agendado,,fora,401841263,https://www.espn.com/soccer/match/_/gameId/401841263/fluminense-flamengo,ESPN,https://www.espn.com/soccer/team/fixtures/_/id/3445/season/2026
2026,Fluminense,3445,2026-10-17,"Sat, Oct 17",TBD,Brazilian Serie A,Fluminense,3445,Santos,2674,,,,agendado,,casa,401841277,https://www.espn.com/soccer/match/_/gameId/401841277/santos-fluminense,ESPN,https://www.espn.com/soccer/team/fixtures/_/id/3445/season/2026
2026,Fluminense,3445,2026-10-24,"Sat, Oct 24",TBD,Brazilian Serie A,Chapecoense,9318,Fluminense,3445,,,,agendado,,fora,401841278,https://www.espn.com/soccer/match/_/gameId/401841278/fluminense-chapecoense,ESPN,https://www.espn.com/soccer/team/fixtures/_/id/3445/season/2026
2026,Fluminense,3445,2026-10-28,"Wed, Oct 28",TBD,Brazilian Serie A,Fluminense,3445,Internacional,1936,,,,agendado,,casa,401841289,https://www.espn.com/soccer/match/_/gameId/401841289/internacional-fluminense,ESPN,https://www.espn.com/soccer/team/fixtures/_/id/3445/season/2026
2026,Fluminense,3445,2026-11-04,"Wed, Nov 4",TBD,Brazilian Serie A,Vitória,3457,Fluminense,3445,,,,agendado,,fora,401841302,https://www.espn.com/soccer/match/_/gameId/401841302/fluminense-vitoria,ESPN,https://www.espn.com/soccer/team/fixtures/_/id/3445/season/2026
2026,Fluminense,3445,2026-11-18,"Wed, Nov 18",TBD,Brazilian Serie A,São Paulo,2026,Fluminense,3445,,,,agendado,,fora,401841309,https://www.espn.com/soccer/match/_/gameId/401841309/fluminense-sao-paulo,ESPN,https://www.espn.com/soccer/team/fixtures/_/id/3445/season/2026
2026,Fluminense,3445,2026-11-21,"Sat, Nov 21",TBD,Brazilian Serie A,Fluminense,3445,Mirassol,9169,,,,agendado,,casa,401841324,https://www.espn.com/soccer/match/_/gameId/401841324/mirassol-fluminense,ESPN,https://www.espn.com/soccer/team/fixtures/_/id/3445/season/2026
2026,Fluminense,3445,2026-11-28,"Sat, Nov 28",TBD,Brazilian Serie A,Fluminense,3445,Cruzeiro,2022,,,,agendado,,casa,401841337,https://www.espn.com/soccer/match/_/gameId/401841337/cruzeiro-fluminense,ESPN,https://www.espn.com/soccer/team/fixtures/_/id/3445/season/2026
2026,Fluminense,3445,2026-12-02,"Wed, Dec 2",TBD,Brazilian Serie A,Red Bull Bragantino,6079,Fluminense,3445,,,,agendado,,fora,401841344,https://www.espn.com/soccer/match/_/gameId/401841344/fluminense-red-bull-bragantino,ESPN,https://www.espn.com/soccer/team/fixtures/_/id/3445/season/2026
2026,Grêmio,6273,2026-01-10,"Sat, Jan 10",,Brazilian Campeonato Gaucho,Avenida,10266,Grêmio,6273,0,4,0 - 4,FT,V,fora,762011,https://www.espn.com/soccer/match/_/gameId/762011/gremio-avenida,ESPN,https://www.espn.com/soccer/team/results/_/id/6273/season/2026
2026,Grêmio,6273,2026-01-14,"Wed, Jan 14",,Brazilian Campeonato Gaucho,Grêmio,6273,São José-RS,7389,0,1,0 - 1,FT,D,casa,762020,https://www.espn.com/soccer/match/_/gameId/762020/sao-jose-rs-gremio,ESPN,https://www.espn.com/soccer/team/results/_/id/6273/season/2026
2026,Grêmio,6273,2026-01-17,"Sat, Jan 17",,Brazilian Campeonato Gaucho,Grêmio,6273,São Luiz-RS,7391,5,0,5 - 0,FT,V,casa,762026,https://www.espn.com/soccer/match/_/gameId/762026/sao-luiz-rs-gremio,ESPN,https://www.espn.com/soccer/team/results/_/id/6273/season/2026
2026,Grêmio,6273,2026-01-21,"Wed, Jan 21",,Brazilian Campeonato Gaucho,Guarany de Bagé,21369,Grêmio,6273,0,2,0 - 2,FT,V,fora,762031,https://www.espn.com/soccer/match/_/gameId/762031/gremio-guarany-de-bage,ESPN,https://www.espn.com/soccer/team/results/_/id/6273/season/2026
2026,Grêmio,6273,2026-01-25,"Sun, Jan 25",,Brazilian Campeonato Gaucho,Internacional,1936,Grêmio,6273,4,2,4 - 2,FT,D,fora,762039,https://www.espn.com/soccer/match/_/gameId/762039/gremio-internacional,ESPN,https://www.espn.com/soccer/team/results/_/id/6273/season/2026
2026,Grêmio,6273,2026-01-28,"Wed, Jan 28",,Brazilian Serie A,Fluminense,3445,Grêmio,6273,2,1,2 - 1,FT,D,fora,401840813,https://www.espn.com/soccer/match/_/gameId/401840813/gremio-fluminense,ESPN,https://www.espn.com/soccer/team/results/_/id/6273/season/2026
2026,Grêmio,6273,2026-01-31,"Sat, Jan 31",,Brazilian Campeonato Gaucho,Grêmio,6273,Juventude,6270,1,1,1 - 1,FT,E,casa,762042,https://www.espn.com/soccer/match/_/gameId/762042/juventude-gremio,ESPN,https://www.espn.com/soccer/team/results/_/id/6273/season/2026
2026,Grêmio,6273,2026-02-04,"Wed, Feb 4",,Brazilian Serie A,Grêmio,6273,Botafogo,6086,5,3,5 - 3,FT,V,casa,401840987,https://www.espn.com/soccer/match/_/gameId/401840987/botafogo-gremio,ESPN,https://www.espn.com/soccer/team/results/_/id/6273/season/2026
2026,Grêmio,6273,2026-02-07,"Sat, Feb 7",,Brazilian Campeonato Gaucho,Grêmio,6273,Novo Hamburgo,7388,1,0,1 - 0,FT,V,casa,401858935,https://www.espn.com/soccer/match/_/gameId/401858935/novo-hamburgo-gremio,ESPN,https://www.espn.com/soccer/team/results/_/id/6273/season/2026
2026,Grêmio,6273,2026-02-11,"Wed, Feb 11",,Brazilian Serie A,São Paulo,2026,Grêmio,6273,2,0,2 - 0,FT,D,fora,401840995,https://www.espn.com/soccer/match/_/gameId/401840995/gremio-sao-paulo,ESPN,https://www.espn.com/soccer/team/results/_/id/6273/season/2026
2026,Grêmio,6273,2026-02-15,"Sun, Feb 15",,Brazilian Campeonato Gaucho,Grêmio,6273,Juventude,6270,1,1,1 - 1 1st Leg,FT,E,casa,401860799,https://www.espn.com/soccer/match/_/gameId/401860799/juventude-gremio,ESPN,https://www.espn.com/soccer/team/results/_/id/6273/season/2026
2026,Grêmio,6273,2026-02-22,"Sun, Feb 22",,Brazilian Campeonato Gaucho,Juventude,6270,Grêmio,6273,1,1,1 - 1 2nd Leg · Tied 2-2 on aggregate · Grêmio wins 4-1 on Penalty Kicks,FT-Pens,E,fora,401860806,https://www.espn.com/soccer/match/_/gameId/401860806/gremio-juventude,ESPN,https://www.espn.com/soccer/team/results/_/id/6273/season/2026
2026,Grêmio,6273,2026-02-25,"Wed, Feb 25",,Brazilian Serie A,Grêmio,6273,Atlético-MG,7632,2,1,2 - 1,FT,V,casa,401841005,https://www.espn.com/soccer/match/_/gameId/401841005/atletico-mg-gremio,ESPN,https://www.espn.com/soccer/team/results/_/id/6273/season/2026
2026,Grêmio,6273,2026-03-01,"Sun, Mar 1",,Brazilian Campeonato Gaucho,Grêmio,6273,Internacional,1936,3,0,3 - 0 1st Leg,FT,V,casa,401862322,https://www.espn.com/soccer/match/_/gameId/401862322/internacional-gremio,ESPN,https://www.espn.com/soccer/team/results/_/id/6273/season/2026
2026,Grêmio,6273,2026-03-08,"Sun, Mar 8",,Brazilian Campeonato Gaucho,Internacional,1936,Grêmio,6273,1,1,1 - 1 2nd Leg · Grêmio wins 4-1 on aggregate,FT,E,fora,401862323,https://www.espn.com/soccer/match/_/gameId/401862323/gremio-internacional,ESPN,https://www.espn.com/soccer/team/results/_/id/6273/season/2026
2026,Grêmio,6273,2026-03-12,"Thu, Mar 12",,Brazilian Serie A,Grêmio,6273,Red Bull Bragantino,6079,1,1,1 - 1,FT,E,casa,401841011,https://www.espn.com/soccer/match/_/gameId/401841011/red-bull-bragantino-gremio,ESPN,https://www.espn.com/soccer/team/results/_/id/6273/season/2026
2026,Grêmio,6273,2026-03-16,"Mon, Mar 16",,Brazilian Serie A,Chapecoense,9318,Grêmio,6273,1,1,1 - 1,FT,E,fora,401841025,https://www.espn.com/soccer/match/_/gameId/401841025/gremio-chapecoense,ESPN,https://www.espn.com/soccer/team/results/_/id/6273/season/2026
2026,Grêmio,6273,2026-03-19,"Thu, Mar 19",,Brazilian Serie A,Grêmio,6273,Vitória,3457,2,0,2 - 0,FT,V,casa,401841034,https://www.espn.com/soccer/match/_/gameId/401841034/vitoria-gremio,ESPN,https://www.espn.com/soccer/team/results/_/id/6273/season/2026
2026,Grêmio,6273,2026-03-22,"Sun, Mar 22",,Brazilian Serie A,Vasco da Gama,3454,Grêmio,6273,2,1,2 - 1,FT,D,fora,401841039,https://www.espn.com/soccer/match/_/gameId/401841039/gremio-vasco-da-gama,ESPN,https://www.espn.com/soccer/team/results/_/id/6273/season/2026
2026,Grêmio,6273,2026-04-02,"Thu, Apr 2",,Brazilian Serie A,Palmeiras,2029,Grêmio,6273,2,1,2 - 1,FT,D,fora,401841052,https://www.espn.com/soccer/match/_/gameId/401841052/gremio-palmeiras,ESPN,https://www.espn.com/soccer/team/results/_/id/6273/season/2026
2026,Grêmio,6273,2026-04-05,"Sun, Apr 5",,Brazilian Serie A,Grêmio,6273,Remo,4936,0,0,0 - 0,FT,E,casa,401841061,https://www.espn.com/soccer/match/_/gameId/401841061/remo-gremio,ESPN,https://www.espn.com/soccer/team/results/_/id/6273/season/2026
2026,Grêmio,6273,2026-04-08,"Wed, Apr 8",,CONMEBOL Sudamericana,Montevideo City Torque,19002,Grêmio,6273,1,0,1 - 0,FT,D,fora,401865381,https://www.espn.com/soccer/match/_/gameId/401865381/gremio-montevideo-city-torque,ESPN,https://www.espn.com/soccer/team/results/_/id/6273/season/2026
2026,Grêmio,6273,2026-04-11,"Sat, Apr 11",,Brazilian Serie A,Internacional,1936,Grêmio,6273,0,0,0 - 0,FT,E,fora,401841077,https://www.espn.com/soccer/match/_/gameId/401841077/gremio-internacional,ESPN,https://www.espn.com/soccer/team/results/_/id/6273/season/2026
2026,Grêmio,6273,2026-04-14,"Tue, Apr 14",,CONMEBOL Sudamericana,Grêmio,6273,Deportivo Riestra,17702,1,0,1 - 0,FT,V,casa,401865391,https://www.espn.com/soccer/match/_/gameId/401865391/deportivo-riestra-gremio,ESPN,https://www.espn.com/soccer/team/results/_/id/6273/season/2026
2026,Grêmio,6273,2026-04-18,"Sat, Apr 18",,Brazilian Serie A,Cruzeiro,2022,Grêmio,6273,2,0,2 - 0,FT,D,fora,401841087,https://www.espn.com/soccer/match/_/gameId/401841087/gremio-cruzeiro,ESPN,https://www.espn.com/soccer/team/results/_/id/6273/season/2026
2026,Grêmio,6273,2026-04-21,"Tue, Apr 21",,Copa do Brasil,Grêmio,6273,Confiança,4875,2,0,2 - 0 1st Leg,FT,V,casa,401866341,https://www.espn.com/soccer/match/_/gameId/401866341/confianca-gremio,ESPN,https://www.espn.com/soccer/team/results/_/id/6273/season/2026
2026,Grêmio,6273,2026-04-26,"Sun, Apr 26",,Brazilian Serie A,Grêmio,6273,Coritiba,3456,1,0,1 - 0,FT,V,casa,401841091,https://www.espn.com/soccer/match/_/gameId/401841091/coritiba-gremio,ESPN,https://www.espn.com/soccer/team/results/_/id/6273/season/2026
2026,Grêmio,6273,2026-04-29,"Wed, Apr 29",,CONMEBOL Sudamericana,Palestino,4422,Grêmio,6273,0,0,0 - 0,FT,E,fora,401865413,https://www.espn.com/soccer/match/_/gameId/401865413/gremio-palestino,ESPN,https://www.espn.com/soccer/team/results/_/id/6273/season/2026
2026,Grêmio,6273,2026-05-02,"Sat, May 2",,Brazilian Serie A,Athletico Paranaense,3458,Grêmio,6273,0,0,0 - 0,FT,E,fora,401841106,https://www.espn.com/soccer/match/_/gameId/401841106/gremio-athletico-paranaense,ESPN,https://www.espn.com/soccer/team/results/_/id/6273/season/2026
2026,Grêmio,6273,2026-05-05,"Tue, May 5",,CONMEBOL Sudamericana,Deportivo Riestra,17702,Grêmio,6273,0,3,0 - 3,FT,V,fora,401865428,https://www.espn.com/soccer/match/_/gameId/401865428/gremio-deportivo-riestra,ESPN,https://www.espn.com/soccer/team/results/_/id/6273/season/2026
2026,Grêmio,6273,2026-05-10,"Sun, May 10",,Brazilian Serie A,Grêmio,6273,Flamengo,819,0,1,0 - 1,FT,D,casa,401841117,https://www.espn.com/soccer/match/_/gameId/401841117/flamengo-gremio,ESPN,https://www.espn.com/soccer/team/results/_/id/6273/season/2026
2026,Grêmio,6273,2026-05-14,"Thu, May 14",,Copa do Brasil,Confiança,4875,Grêmio,6273,0,3,0 - 3 2nd Leg,FT,V,fora,401866360,https://www.espn.com/soccer/match/_/gameId/401866360/gremio-confianca,ESPN,https://www.espn.com/soccer/team/results/_/id/6273/season/2026
2026,Grêmio,6273,2026-05-17,"Sun, May 17",3:00 PM,Brazilian Serie A,Bahia,9967,Grêmio,6273,,,,agendado,,fora,401841119,https://www.espn.com/soccer/match/_/gameId/401841119/gremio-bahia,ESPN,https://www.espn.com/soccer/team/fixtures/_/id/6273/season/2026
2026,Grêmio,6273,2026-05-20,"Wed, May 20",8:00 PM,CONMEBOL Sudamericana,Grêmio,6273,Palestino,4422,,,,agendado,,casa,401865442,https://www.espn.com/soccer/match/_/gameId/401865442/palestino-gremio,ESPN,https://www.espn.com/soccer/team/fixtures/_/id/6273/season/2026
2026,Grêmio,6273,2026-05-23,"Sat, May 23",6:00 PM,Brazilian Serie A,Grêmio,6273,Santos,2674,,,,agendado,,casa,401841135,https://www.espn.com/soccer/match/_/gameId/401841135/santos-gremio,ESPN,https://www.espn.com/soccer/team/fixtures/_/id/6273/season/2026
2026,Grêmio,6273,2026-05-26,"Tue, May 26",6:00 PM,CONMEBOL Sudamericana,Grêmio,6273,Montevideo City Torque,19002,,,,agendado,,casa,401865455,https://www.espn.com/soccer/match/_/gameId/401865455/montevideo-city-torque-gremio,ESPN,https://www.espn.com/soccer/team/fixtures/_/id/6273/season/2026
2026,Grêmio,6273,2026-05-30,"Sat, May 30",4:30 PM,Brazilian Serie A,Grêmio,6273,Corinthians,874,,,,agendado,,casa,401841139,https://www.espn.com/soccer/match/_/gameId/401841139/corinthians-gremio,ESPN,https://www.espn.com/soccer/team/fixtures/_/id/6273/season/2026
2026,Grêmio,6273,2026-07-22,"Wed, Jul 22",TBD,Brazilian Serie A,Mirassol,9169,Grêmio,6273,,,,agendado,,fora,401841155,https://www.espn.com/soccer/match/_/gameId/401841155/gremio-mirassol,ESPN,https://www.espn.com/soccer/team/fixtures/_/id/6273/season/2026
2026,Grêmio,6273,2026-07-25,"Sat, Jul 25",TBD,Brazilian Serie A,Grêmio,6273,Fluminense,3445,,,,agendado,,casa,401841165,https://www.espn.com/soccer/match/_/gameId/401841165/fluminense-gremio,ESPN,https://www.espn.com/soccer/team/fixtures/_/id/6273/season/2026
2026,Grêmio,6273,2026-07-29,"Wed, Jul 29",TBD,Brazilian Serie A,Botafogo,6086,Grêmio,6273,,,,agendado,,fora,401841176,https://www.espn.com/soccer/match/_/gameId/401841176/gremio-botafogo,ESPN,https://www.espn.com/soccer/team/fixtures/_/id/6273/season/2026
2026,Grêmio,6273,2026-08-08,"Sat, Aug 8",TBD,Brazilian Serie A,Grêmio,6273,São Paulo,2026,,,,agendado,,casa,401841181,https://www.espn.com/soccer/match/_/gameId/401841181/sao-paulo-gremio,ESPN,https://www.espn.com/soccer/team/fixtures/_/id/6273/season/2026
2026,Grêmio,6273,2026-08-15,"Sat, Aug 15",TBD,Brazilian Serie A,Atlético-MG,7632,Grêmio,6273,,,,agendado,,fora,401841195,https://www.espn.com/soccer/match/_/gameId/401841195/gremio-atletico-mg,ESPN,https://www.espn.com/soccer/team/fixtures/_/id/6273/season/2026
2026,Grêmio,6273,2026-08-22,"Sat, Aug 22",TBD,Brazilian Serie A,Red Bull Bragantino,6079,Grêmio,6273,,,,agendado,,fora,401841202,https://www.espn.com/soccer/match/_/gameId/401841202/gremio-red-bull-bragantino,ESPN,https://www.espn.com/soccer/team/fixtures/_/id/6273/season/2026
2026,Grêmio,6273,2026-08-29,"Sat, Aug 29",TBD,Brazilian Serie A,Grêmio,6273,Chapecoense,9318,,,,agendado,,casa,401841217,https://www.espn.com/soccer/match/_/gameId/401841217/chapecoense-gremio,ESPN,https://www.espn.com/soccer/team/fixtures/_/id/6273/season/2026
2026,Grêmio,6273,2026-09-05,"Sat, Sep 5",TBD,Brazilian Serie A,Vitória,3457,Grêmio,6273,,,,agendado,,fora,401841222,https://www.espn.com/soccer/match/_/gameId/401841222/gremio-vitoria,ESPN,https://www.espn.com/soccer/team/fixtures/_/id/6273/season/2026
2026,Grêmio,6273,2026-09-12,"Sat, Sep 12",TBD,Brazilian Serie A,Grêmio,6273,Vasco da Gama,3454,,,,agendado,,casa,401841236,https://www.espn.com/soccer/match/_/gameId/401841236/vasco-da-gama-gremio,ESPN,https://www.espn.com/soccer/team/fixtures/_/id/6273/season/2026
2026,Grêmio,6273,2026-09-19,"Sat, Sep 19",TBD,Brazilian Serie A,Grêmio,6273,Palmeiras,2029,,,,agendado,,casa,401841246,https://www.espn.com/soccer/match/_/gameId/401841246/palmeiras-gremio,ESPN,https://www.espn.com/soccer/team/fixtures/_/id/6273/season/2026
2026,Grêmio,6273,2026-10-07,"Wed, Oct 7",TBD,Brazilian Serie A,Remo,4936,Grêmio,6273,,,,agendado,,fora,401841252,https://www.espn.com/soccer/match/_/gameId/401841252/gremio-remo,ESPN,https://www.espn.com/soccer/team/fixtures/_/id/6273/season/2026
2026,Grêmio,6273,2026-10-10,"Sat, Oct 10",TBD,Brazilian Serie A,Grêmio,6273,Internacional,1936,,,,agendado,,casa,401841267,https://www.espn.com/soccer/match/_/gameId/401841267/internacional-gremio,ESPN,https://www.espn.com/soccer/team/fixtures/_/id/6273/season/2026
2026,Grêmio,6273,2026-10-17,"Sat, Oct 17",TBD,Brazilian Serie A,Grêmio,6273,Cruzeiro,2022,,,,agendado,,casa,401841276,https://www.espn.com/soccer/match/_/gameId/401841276/cruzeiro-gremio,ESPN,https://www.espn.com/soccer/team/fixtures/_/id/6273/season/2026
2026,Grêmio,6273,2026-10-24,"Sat, Oct 24",TBD,Brazilian Serie A,Coritiba,3456,Grêmio,6273,,,,agendado,,fora,401841279,https://www.espn.com/soccer/match/_/gameId/401841279/gremio-coritiba,ESPN,https://www.espn.com/soccer/team/fixtures/_/id/6273/season/2026
2026,Grêmio,6273,2026-10-28,"Wed, Oct 28",TBD,Brazilian Serie A,Grêmio,6273,Athletico Paranaense,3458,,,,agendado,,casa,401841290,https://www.espn.com/soccer/match/_/gameId/401841290/athletico-paranaense-gremio,ESPN,https://www.espn.com/soccer/team/fixtures/_/id/6273/season/2026
2026,Grêmio,6273,2026-11-04,"Wed, Nov 4",TBD,Brazilian Serie A,Flamengo,819,Grêmio,6273,,,,agendado,,fora,401841307,https://www.espn.com/soccer/match/_/gameId/401841307/gremio-flamengo,ESPN,https://www.espn.com/soccer/team/fixtures/_/id/6273/season/2026
2026,Grêmio,6273,2026-11-18,"Wed, Nov 18",TBD,Brazilian Serie A,Grêmio,6273,Bahia,9967,,,,agendado,,casa,401841312,https://www.espn.com/soccer/match/_/gameId/401841312/bahia-gremio,ESPN,https://www.espn.com/soccer/team/fixtures/_/id/6273/season/2026
2026,Grêmio,6273,2026-11-21,"Sat, Nov 21",TBD,Brazilian Serie A,Santos,2674,Grêmio,6273,,,,agendado,,fora,401841320,https://www.espn.com/soccer/match/_/gameId/401841320/gremio-santos,ESPN,https://www.espn.com/soccer/team/fixtures/_/id/6273/season/2026
2026,Grêmio,6273,2026-11-28,"Sat, Nov 28",TBD,Brazilian Serie A,Corinthians,874,Grêmio,6273,,,,agendado,,fora,401841334,https://www.espn.com/soccer/match/_/gameId/401841334/gremio-corinthians,ESPN,https://www.espn.com/soccer/team/fixtures/_/id/6273/season/2026
2026,Grêmio,6273,2026-12-02,"Wed, Dec 2",TBD,Brazilian Serie A,Grêmio,6273,Mirassol,9169,,,,agendado,,casa,401841347,https://www.espn.com/soccer/match/_/gameId/401841347/mirassol-gremio,ESPN,https://www.espn.com/soccer/team/fixtures/_/id/6273/season/2026
2026,Internacional,1936,2026-01-11,"Sun, Jan 11",,Brazilian Campeonato Gaucho,Internacional,1936,Novo Hamburgo,7388,2,1,2 - 1,FT,V,casa,762013,https://www.espn.com/soccer/match/_/gameId/762013/novo-hamburgo-internacional,ESPN,https://www.espn.com/soccer/team/results/_/id/1936/season/2026
2026,Internacional,1936,2026-01-15,"Thu, Jan 15",,Brazilian Campeonato Gaucho,Monsoon,22520,Internacional,1936,0,4,0 - 4,FT,V,fora,762021,https://www.espn.com/soccer/match/_/gameId/762021/internacional-monsoon,ESPN,https://www.espn.com/soccer/team/results/_/id/1936/season/2026
2026,Internacional,1936,2026-01-18,"Sun, Jan 18",,Brazilian Campeonato Gaucho,Ypiranga,4935,Internacional,1936,2,1,2 - 1,FT,D,fora,762024,https://www.espn.com/soccer/match/_/gameId/762024/internacional-ypiranga,ESPN,https://www.espn.com/soccer/team/results/_/id/1936/season/2026
2026,Internacional,1936,2026-01-21,"Wed, Jan 21",,Brazilian Campeonato Gaucho,Internacional,1936,Inter Santa Maria,131559,2,0,2 - 0,FT,V,casa,762028,https://www.espn.com/soccer/match/_/gameId/762028/inter-santa-maria-internacional,ESPN,https://www.espn.com/soccer/team/results/_/id/1936/season/2026
2026,Internacional,1936,2026-01-25,"Sun, Jan 25",,Brazilian Campeonato Gaucho,Internacional,1936,Grêmio,6273,4,2,4 - 2,FT,V,casa,762039,https://www.espn.com/soccer/match/_/gameId/762039/gremio-internacional,ESPN,https://www.espn.com/soccer/team/results/_/id/1936/season/2026
2026,Internacional,1936,2026-01-28,"Wed, Jan 28",,Brazilian Serie A,Internacional,1936,Athletico Paranaense,3458,0,1,0 - 1,FT,D,casa,401840814,https://www.espn.com/soccer/match/_/gameId/401840814/athletico-paranaense-internacional,ESPN,https://www.espn.com/soccer/team/results/_/id/1936/season/2026
2026,Internacional,1936,2026-01-31,"Sat, Jan 31",,Brazilian Campeonato Gaucho,Caxias do Sul,17131,Internacional,1936,0,1,0 - 1,FT,V,fora,762040,https://www.espn.com/soccer/match/_/gameId/762040/internacional-caxias-do-sul,ESPN,https://www.espn.com/soccer/team/results/_/id/1936/season/2026
2026,Internacional,1936,2026-02-04,"Wed, Feb 4",,Brazilian Serie A,Flamengo,819,Internacional,1936,1,1,1 - 1,FT,E,fora,401840978,https://www.espn.com/soccer/match/_/gameId/401840978/internacional-flamengo,ESPN,https://www.espn.com/soccer/team/results/_/id/1936/season/2026
2026,Internacional,1936,2026-02-08,"Sun, Feb 8",,Brazilian Campeonato Gaucho,Internacional,1936,São Luiz-RS,7391,3,1,3 - 1,FT,V,casa,401858936,https://www.espn.com/soccer/match/_/gameId/401858936/sao-luiz-rs-internacional,ESPN,https://www.espn.com/soccer/team/results/_/id/1936/season/2026
2026,Internacional,1936,2026-02-12,"Thu, Feb 12",,Brazilian Serie A,Internacional,1936,Palmeiras,2029,1,3,1 - 3,FT,D,casa,401840997,https://www.espn.com/soccer/match/_/gameId/401840997/palmeiras-internacional,ESPN,https://www.espn.com/soccer/team/results/_/id/1936/season/2026
2026,Internacional,1936,2026-02-15,"Sun, Feb 15",,Brazilian Campeonato Gaucho,Ypiranga,4935,Internacional,1936,0,3,0 - 3 1st Leg,FT,V,fora,401860801,https://www.espn.com/soccer/match/_/gameId/401860801/internacional-ypiranga,ESPN,https://www.espn.com/soccer/team/results/_/id/1936/season/2026
2026,Internacional,1936,2026-02-21,"Sat, Feb 21",,Brazilian Campeonato Gaucho,Internacional,1936,Ypiranga,4935,4,0,4 - 0 2nd Leg,FT,V,casa,401860804,https://www.espn.com/soccer/match/_/gameId/401860804/ypiranga-internacional,ESPN,https://www.espn.com/soccer/team/results/_/id/1936/season/2026
2026,Internacional,1936,2026-02-25,"Wed, Feb 25",,Brazilian Serie A,Remo,4936,Internacional,1936,1,1,1 - 1,FT,E,fora,401841007,https://www.espn.com/soccer/match/_/gameId/401841007/internacional-remo,ESPN,https://www.espn.com/soccer/team/results/_/id/1936/season/2026
2026,Internacional,1936,2026-03-01,"Sun, Mar 1",,Brazilian Campeonato Gaucho,Grêmio,6273,Internacional,1936,3,0,3 - 0 1st Leg,FT,D,fora,401862322,https://www.espn.com/soccer/match/_/gameId/401862322/internacional-gremio,ESPN,https://www.espn.com/soccer/team/results/_/id/1936/season/2026
2026,Internacional,1936,2026-03-08,"Sun, Mar 8",,Brazilian Campeonato Gaucho,Internacional,1936,Grêmio,6273,1,1,1 - 1 2nd Leg · Grêmio wins 4-1 on aggregate,FT,E,casa,401862323,https://www.espn.com/soccer/match/_/gameId/401862323/gremio-internacional,ESPN,https://www.espn.com/soccer/team/results/_/id/1936/season/2026
2026,Internacional,1936,2026-03-11,"Wed, Mar 11",,Brazilian Serie A,Atlético-MG,7632,Internacional,1936,1,0,1 - 0,FT,D,fora,401841015,https://www.espn.com/soccer/match/_/gameId/401841015/internacional-atletico-mg,ESPN,https://www.espn.com/soccer/team/results/_/id/1936/season/2026
2026,Internacional,1936,2026-03-15,"Sun, Mar 15",,Brazilian Serie A,Internacional,1936,Bahia,9967,0,1,0 - 1,FT,D,casa,401841021,https://www.espn.com/soccer/match/_/gameId/401841021/bahia-internacional,ESPN,https://www.espn.com/soccer/team/results/_/id/1936/season/2026
2026,Internacional,1936,2026-03-18,"Wed, Mar 18",,Brazilian Serie A,Santos,2674,Internacional,1936,1,2,1 - 2,FT,V,fora,401841031,https://www.espn.com/soccer/match/_/gameId/401841031/internacional-santos,ESPN,https://www.espn.com/soccer/team/results/_/id/1936/season/2026
2026,Internacional,1936,2026-03-22,"Sun, Mar 22",,Brazilian Serie A,Internacional,1936,Chapecoense,9318,2,0,2 - 0,FT,V,casa,401841043,https://www.espn.com/soccer/match/_/gameId/401841043/chapecoense-internacional,ESPN,https://www.espn.com/soccer/team/results/_/id/1936/season/2026
2026,Internacional,1936,2026-04-01,"Wed, Apr 1",,Brazilian Serie A,Internacional,1936,São Paulo,2026,1,1,1 - 1,FT,E,casa,401841053,https://www.espn.com/soccer/match/_/gameId/401841053/sao-paulo-internacional,ESPN,https://www.espn.com/soccer/team/results/_/id/1936/season/2026
2026,Internacional,1936,2026-04-05,"Sun, Apr 5",,Brazilian Serie A,Corinthians,874,Internacional,1936,0,1,0 - 1,FT,V,fora,401841064,https://www.espn.com/soccer/match/_/gameId/401841064/internacional-corinthians,ESPN,https://www.espn.com/soccer/team/results/_/id/1936/season/2026
2026,Internacional,1936,2026-04-11,"Sat, Apr 11",,Brazilian Serie A,Internacional,1936,Grêmio,6273,0,0,0 - 0,FT,E,casa,401841077,https://www.espn.com/soccer/match/_/gameId/401841077/gremio-internacional,ESPN,https://www.espn.com/soccer/team/results/_/id/1936/season/2026
2026,Internacional,1936,2026-04-19,"Sun, Apr 19",,Brazilian Serie A,Internacional,1936,Mirassol,9169,1,2,1 - 2,FT,D,casa,401841085,https://www.espn.com/soccer/match/_/gameId/401841085/mirassol-internacional,ESPN,https://www.espn.com/soccer/team/results/_/id/1936/season/2026
2026,Internacional,1936,2026-04-22,"Wed, Apr 22",,Copa do Brasil,Athletic,20851,Internacional,1936,1,2,1 - 2 1st Leg,FT,V,fora,401866333,https://www.espn.com/soccer/match/_/gameId/401866333/internacional-athletic,ESPN,https://www.espn.com/soccer/team/results/_/id/1936/season/2026
2026,Internacional,1936,2026-04-25,"Sat, Apr 25",,Brazilian Serie A,Botafogo,6086,Internacional,1936,2,2,2 - 2,FT,E,fora,401841094,https://www.espn.com/soccer/match/_/gameId/401841094/internacional-botafogo,ESPN,https://www.espn.com/soccer/team/results/_/id/1936/season/2026
2026,Internacional,1936,2026-05-03,"Sun, May 3",,Brazilian Serie A,Internacional,1936,Fluminense,3445,2,0,2 - 0,FT,V,casa,401841104,https://www.espn.com/soccer/match/_/gameId/401841104/fluminense-internacional,ESPN,https://www.espn.com/soccer/team/results/_/id/1936/season/2026
2026,Internacional,1936,2026-05-09,"Sat, May 9",,Brazilian Serie A,Coritiba,3456,Internacional,1936,2,2,2 - 2,FT,E,fora,401841114,https://www.espn.com/soccer/match/_/gameId/401841114/internacional-coritiba,ESPN,https://www.espn.com/soccer/team/results/_/id/1936/season/2026
2026,Internacional,1936,2026-05-12,"Tue, May 12",,Copa do Brasil,Internacional,1936,Athletic,20851,3,2,3 - 2 2nd Leg · Internacional wins 5-3 on aggregate,FT,V,casa,401866355,https://www.espn.com/soccer/match/_/gameId/401866355/athletic-internacional,ESPN,https://www.espn.com/soccer/team/results/_/id/1936/season/2026
2026,Internacional,1936,2026-05-16,"Sat, May 16",5:30 PM,Brazilian Serie A,Internacional,1936,Vasco da Gama,3454,,,,agendado,,casa,401841126,https://www.espn.com/soccer/match/_/gameId/401841126/vasco-da-gama-internacional,ESPN,https://www.espn.com/soccer/team/fixtures/_/id/1936/season/2026
2026,Internacional,1936,2026-05-23,"Sat, May 23",4:00 PM,Brazilian Serie A,Vitória,3457,Internacional,1936,,,,agendado,,fora,401841130,https://www.espn.com/soccer/match/_/gameId/401841130/internacional-vitoria,ESPN,https://www.espn.com/soccer/team/fixtures/_/id/1936/season/2026
2026,Internacional,1936,2026-05-31,"Sun, May 31",10:00 AM,Brazilian Serie A,Red Bull Bragantino,6079,Internacional,1936,,,,agendado,,fora,401841141,https://www.espn.com/soccer/match/_/gameId/401841141/internacional-red-bull-bragantino,ESPN,https://www.espn.com/soccer/team/fixtures/_/id/1936/season/2026
2026,Internacional,1936,2026-07-22,"Wed, Jul 22",TBD,Brazilian Serie A,Internacional,1936,Cruzeiro,2022,,,,agendado,,casa,401841154,https://www.espn.com/soccer/match/_/gameId/401841154/cruzeiro-internacional,ESPN,https://www.espn.com/soccer/team/fixtures/_/id/1936/season/2026
2026,Internacional,1936,2026-07-25,"Sat, Jul 25",TBD,Brazilian Serie A,Athletico Paranaense,3458,Internacional,1936,,,,agendado,,fora,401841158,https://www.espn.com/soccer/match/_/gameId/401841158/internacional-athletico-paranaense,ESPN,https://www.espn.com/soccer/team/fixtures/_/id/1936/season/2026
2026,Internacional,1936,2026-07-29,"Wed, Jul 29",TBD,Brazilian Serie A,Internacional,1936,Flamengo,819,,,,agendado,,casa,401841171,https://www.espn.com/soccer/match/_/gameId/401841171/flamengo-internacional,ESPN,https://www.espn.com/soccer/team/fixtures/_/id/1936/season/2026
2026,Internacional,1936,2026-08-08,"Sat, Aug 8",TBD,Brazilian Serie A,Palmeiras,2029,Internacional,1936,,,,agendado,,fora,401841180,https://www.espn.com/soccer/match/_/gameId/401841180/internacional-palmeiras,ESPN,https://www.espn.com/soccer/team/fixtures/_/id/1936/season/2026
2026,Internacional,1936,2026-08-15,"Sat, Aug 15",TBD,Brazilian Serie A,Internacional,1936,Remo,4936,,,,agendado,,casa,401841191,https://www.espn.com/soccer/match/_/gameId/401841191/remo-internacional,ESPN,https://www.espn.com/soccer/team/fixtures/_/id/1936/season/2026
2026,Internacional,1936,2026-08-22,"Sat, Aug 22",TBD,Brazilian Serie A,Internacional,1936,Atlético-MG,7632,,,,agendado,,casa,401841204,https://www.espn.com/soccer/match/_/gameId/401841204/atletico-mg-internacional,ESPN,https://www.espn.com/soccer/team/fixtures/_/id/1936/season/2026
2026,Internacional,1936,2026-08-29,"Sat, Aug 29",TBD,Brazilian Serie A,Bahia,9967,Internacional,1936,,,,agendado,,fora,401841215,https://www.espn.com/soccer/match/_/gameId/401841215/internacional-bahia,ESPN,https://www.espn.com/soccer/team/fixtures/_/id/1936/season/2026
2026,Internacional,1936,2026-09-05,"Sat, Sep 5",TBD,Brazilian Serie A,Internacional,1936,Santos,2674,,,,agendado,,casa,401841223,https://www.espn.com/soccer/match/_/gameId/401841223/santos-internacional,ESPN,https://www.espn.com/soccer/team/fixtures/_/id/1936/season/2026
2026,Internacional,1936,2026-09-12,"Sat, Sep 12",TBD,Brazilian Serie A,Chapecoense,9318,Internacional,1936,,,,agendado,,fora,401841228,https://www.espn.com/soccer/match/_/gameId/401841228/internacional-chapecoense,ESPN,https://www.espn.com/soccer/team/fixtures/_/id/1936/season/2026
2026,Internacional,1936,2026-09-19,"Sat, Sep 19",TBD,Brazilian Serie A,São Paulo,2026,Internacional,1936,,,,agendado,,fora,401841243,https://www.espn.com/soccer/match/_/gameId/401841243/internacional-sao-paulo,ESPN,https://www.espn.com/soccer/team/fixtures/_/id/1936/season/2026
2026,Internacional,1936,2026-10-07,"Wed, Oct 7",TBD,Brazilian Serie A,Internacional,1936,Corinthians,874,,,,agendado,,casa,401841255,https://www.espn.com/soccer/match/_/gameId/401841255/corinthians-internacional,ESPN,https://www.espn.com/soccer/team/fixtures/_/id/1936/season/2026
2026,Internacional,1936,2026-10-10,"Sat, Oct 10",TBD,Brazilian Serie A,Grêmio,6273,Internacional,1936,,,,agendado,,fora,401841267,https://www.espn.com/soccer/match/_/gameId/401841267/internacional-gremio,ESPN,https://www.espn.com/soccer/team/fixtures/_/id/1936/season/2026
2026,Internacional,1936,2026-10-17,"Sat, Oct 17",TBD,Brazilian Serie A,Mirassol,9169,Internacional,1936,,,,agendado,,fora,401841275,https://www.espn.com/soccer/match/_/gameId/401841275/internacional-mirassol,ESPN,https://www.espn.com/soccer/team/fixtures/_/id/1936/season/2026
2026,Internacional,1936,2026-10-24,"Sat, Oct 24",TBD,Brazilian Serie A,Internacional,1936,Botafogo,6086,,,,agendado,,casa,401841285,https://www.espn.com/soccer/match/_/gameId/401841285/botafogo-internacional,ESPN,https://www.espn.com/soccer/team/fixtures/_/id/1936/season/2026
2026,Internacional,1936,2026-10-28,"Wed, Oct 28",TBD,Brazilian Serie A,Fluminense,3445,Internacional,1936,,,,agendado,,fora,401841289,https://www.espn.com/soccer/match/_/gameId/401841289/internacional-fluminense,ESPN,https://www.espn.com/soccer/team/fixtures/_/id/1936/season/2026
2026,Internacional,1936,2026-11-04,"Wed, Nov 4",TBD,Brazilian Serie A,Internacional,1936,Coritiba,3456,,,,agendado,,casa,401841301,https://www.espn.com/soccer/match/_/gameId/401841301/coritiba-internacional,ESPN,https://www.espn.com/soccer/team/fixtures/_/id/1936/season/2026
2026,Internacional,1936,2026-11-18,"Wed, Nov 18",TBD,Brazilian Serie A,Vasco da Gama,3454,Internacional,1936,,,,agendado,,fora,401841308,https://www.espn.com/soccer/match/_/gameId/401841308/internacional-vasco-da-gama,ESPN,https://www.espn.com/soccer/team/fixtures/_/id/1936/season/2026
2026,Internacional,1936,2026-11-21,"Sat, Nov 21",TBD,Brazilian Serie A,Internacional,1936,Vitória,3457,,,,agendado,,casa,401841323,https://www.espn.com/soccer/match/_/gameId/401841323/vitoria-internacional,ESPN,https://www.espn.com/soccer/team/fixtures/_/id/1936/season/2026
2026,Internacional,1936,2026-11-28,"Sat, Nov 28",TBD,Brazilian Serie A,Internacional,1936,Red Bull Bragantino,6079,,,,agendado,,casa,401841331,https://www.espn.com/soccer/match/_/gameId/401841331/red-bull-bragantino-internacional,ESPN,https://www.espn.com/soccer/team/fixtures/_/id/1936/season/2026
2026,Internacional,1936,2026-12-02,"Wed, Dec 2",TBD,Brazilian Serie A,Cruzeiro,2022,Internacional,1936,,,,agendado,,fora,401841340,https://www.espn.com/soccer/match/_/gameId/401841340/internacional-cruzeiro,ESPN,https://www.espn.com/soccer/team/fixtures/_/id/1936/season/2026
2026,Mirassol,9169,2026-01-11,"Sun, Jan 11",,Brazilian Campeonato Paulista,Mirassol,9169,São Paulo,2026,3,0,3 - 0,FT,V,casa,762069,https://www.espn.com/soccer/match/_/gameId/762069/sao-paulo-mirassol,ESPN,https://www.espn.com/soccer/team/results/_/id/9169/season/2026
2026,Mirassol,9169,2026-01-14,"Wed, Jan 14",,Brazilian Campeonato Paulista,Primavera SP,131564,Mirassol,9169,3,1,3 - 1,FT,D,fora,762075,https://www.espn.com/soccer/match/_/gameId/762075/mirassol-primavera-sp,ESPN,https://www.espn.com/soccer/team/results/_/id/9169/season/2026
2026,Mirassol,9169,2026-01-17,"Sat, Jan 17",,Brazilian Campeonato Paulista,Palmeiras,2029,Mirassol,9169,1,0,1 - 0,FT,D,fora,762088,https://www.espn.com/soccer/match/_/gameId/762088/mirassol-palmeiras,ESPN,https://www.espn.com/soccer/team/results/_/id/9169/season/2026
2026,Mirassol,9169,2026-01-21,"Wed, Jan 21",,Brazilian Campeonato Paulista,Mirassol,9169,Red Bull Bragantino,6079,0,0,0 - 0,FT,E,casa,762094,https://www.espn.com/soccer/match/_/gameId/762094/red-bull-bragantino-mirassol,ESPN,https://www.espn.com/soccer/team/results/_/id/9169/season/2026
2026,Mirassol,9169,2026-01-24,"Sat, Jan 24",,Brazilian Campeonato Paulista,São Bernardo,11268,Mirassol,9169,0,4,0 - 4,FT,V,fora,762106,https://www.espn.com/soccer/match/_/gameId/762106/mirassol-sao-bernardo,ESPN,https://www.espn.com/soccer/team/results/_/id/9169/season/2026
2026,Mirassol,9169,2026-01-29,"Thu, Jan 29",,Brazilian Serie A,Mirassol,9169,Vasco da Gama,3454,2,1,2 - 1,FT,V,casa,401840975,https://www.espn.com/soccer/match/_/gameId/401840975/vasco-da-gama-mirassol,ESPN,https://www.espn.com/soccer/team/results/_/id/9169/season/2026
2026,Mirassol,9169,2026-02-02,"Mon, Feb 2",,Brazilian Campeonato Paulista,Mirassol,9169,Novorizontino,18127,1,1,1 - 1,FT,E,casa,762109,https://www.espn.com/soccer/match/_/gameId/762109/novorizontino-mirassol,ESPN,https://www.espn.com/soccer/team/results/_/id/9169/season/2026
2026,Mirassol,9169,2026-02-04,"Wed, Feb 4",,Brazilian Serie A,Remo,4936,Mirassol,9169,2,2,2 - 2,FT,E,fora,401840985,https://www.espn.com/soccer/match/_/gameId/401840985/mirassol-remo,ESPN,https://www.espn.com/soccer/team/results/_/id/9169/season/2026
2026,Mirassol,9169,2026-02-08,"Sun, Feb 8",,Brazilian Campeonato Paulista,Capivariano,17635,Mirassol,9169,1,0,1 - 0,FT,D,fora,762122,https://www.espn.com/soccer/match/_/gameId/762122/mirassol-capivariano,ESPN,https://www.espn.com/soccer/team/results/_/id/9169/season/2026
2026,Mirassol,9169,2026-02-11,"Wed, Feb 11",,Brazilian Serie A,Mirassol,9169,Cruzeiro,2022,2,2,2 - 2,FT,E,casa,401840996,https://www.espn.com/soccer/match/_/gameId/401840996/cruzeiro-mirassol,ESPN,https://www.espn.com/soccer/team/results/_/id/9169/season/2026
2026,Mirassol,9169,2026-02-15,"Sun, Feb 15",,Brazilian Campeonato Paulista,Mirassol,9169,Portuguesa,4773,1,2,1 - 2,FT,D,casa,762130,https://www.espn.com/soccer/match/_/gameId/762130/portuguesa-mirassol,ESPN,https://www.espn.com/soccer/team/results/_/id/9169/season/2026
2026,Mirassol,9169,2026-03-10,"Tue, Mar 10",,Brazilian Serie A,Mirassol,9169,Santos,2674,2,2,2 - 2,FT,E,casa,401841010,https://www.espn.com/soccer/match/_/gameId/401841010/santos-mirassol,ESPN,https://www.espn.com/soccer/team/results/_/id/9169/season/2026
2026,Mirassol,9169,2026-03-15,"Sun, Mar 15",,Brazilian Serie A,Palmeiras,2029,Mirassol,9169,1,0,1 - 0,FT,D,fora,401841020,https://www.espn.com/soccer/match/_/gameId/401841020/mirassol-palmeiras,ESPN,https://www.espn.com/soccer/team/results/_/id/9169/season/2026
2026,Mirassol,9169,2026-03-18,"Wed, Mar 18",,Brazilian Serie A,Mirassol,9169,Coritiba,3456,0,1,0 - 1,FT,D,casa,401841033,https://www.espn.com/soccer/match/_/gameId/401841033/coritiba-mirassol,ESPN,https://www.espn.com/soccer/team/results/_/id/9169/season/2026
2026,Mirassol,9169,2026-03-22,"Sun, Mar 22",,Brazilian Serie A,Vitória,3457,Mirassol,9169,1,0,1 - 0,FT,D,fora,401841042,https://www.espn.com/soccer/match/_/gameId/401841042/mirassol-vitoria,ESPN,https://www.espn.com/soccer/team/results/_/id/9169/season/2026
2026,Mirassol,9169,2026-04-01,"Wed, Apr 1",,Brazilian Serie A,Botafogo,6086,Mirassol,9169,3,2,3 - 2,FT,D,fora,401841057,https://www.espn.com/soccer/match/_/gameId/401841057/mirassol-botafogo,ESPN,https://www.espn.com/soccer/team/results/_/id/9169/season/2026
2026,Mirassol,9169,2026-04-05,"Sun, Apr 5",,Brazilian Serie A,Mirassol,9169,Red Bull Bragantino,6079,0,1,0 - 1,FT,D,casa,401841060,https://www.espn.com/soccer/match/_/gameId/401841060/red-bull-bragantino-mirassol,ESPN,https://www.espn.com/soccer/team/results/_/id/9169/season/2026
2026,Mirassol,9169,2026-04-08,"Wed, Apr 8",,CONMEBOL Libertadores,Mirassol,9169,Lanús,12,1,0,1 - 0,FT,V,casa,401865475,https://www.espn.com/soccer/match/_/gameId/401865475/lanus-mirassol,ESPN,https://www.espn.com/soccer/team/results/_/id/9169/season/2026
2026,Mirassol,9169,2026-04-11,"Sat, Apr 11",,Brazilian Serie A,Mirassol,9169,Bahia,9967,1,2,1 - 2,FT,D,casa,401841076,https://www.espn.com/soccer/match/_/gameId/401841076/bahia-mirassol,ESPN,https://www.espn.com/soccer/team/results/_/id/9169/season/2026
2026,Mirassol,9169,2026-04-14,"Tue, Apr 14",,CONMEBOL Libertadores,Liga de Quito,4816,Mirassol,9169,2,0,2 - 0,FT,D,fora,401865490,https://www.espn.com/soccer/match/_/gameId/401865490/mirassol-liga-de-quito,ESPN,https://www.espn.com/soccer/team/results/_/id/9169/season/2026
2026,Mirassol,9169,2026-04-19,"Sun, Apr 19",,Brazilian Serie A,Internacional,1936,Mirassol,9169,1,2,1 - 2,FT,V,fora,401841085,https://www.espn.com/soccer/match/_/gameId/401841085/mirassol-internacional,ESPN,https://www.espn.com/soccer/team/results/_/id/9169/season/2026
2026,Mirassol,9169,2026-04-22,"Wed, Apr 22",,Copa do Brasil,Red Bull Bragantino,6079,Mirassol,9169,1,1,1 - 1 1st Leg,FT,E,fora,401866337,https://www.espn.com/soccer/match/_/gameId/401866337/mirassol-red-bull-bragantino,ESPN,https://www.espn.com/soccer/team/results/_/id/9169/season/2026
2026,Mirassol,9169,2026-04-25,"Sat, Apr 25",,Brazilian Serie A,São Paulo,2026,Mirassol,9169,1,0,1 - 0,FT,D,fora,401841092,https://www.espn.com/soccer/match/_/gameId/401841092/mirassol-sao-paulo,ESPN,https://www.espn.com/soccer/team/results/_/id/9169/season/2026
2026,Mirassol,9169,2026-04-29,"Wed, Apr 29",,CONMEBOL Libertadores,Mirassol,9169,Always Ready,19425,2,0,2 - 0,FT,V,casa,401865512,https://www.espn.com/soccer/match/_/gameId/401865512/always-ready-mirassol,ESPN,https://www.espn.com/soccer/team/results/_/id/9169/season/2026
2026,Mirassol,9169,2026-05-03,"Sun, May 3",,Brazilian Serie A,Mirassol,9169,Corinthians,874,2,1,2 - 1,FT,V,casa,401841103,https://www.espn.com/soccer/match/_/gameId/401841103/corinthians-mirassol,ESPN,https://www.espn.com/soccer/team/results/_/id/9169/season/2026
2026,Mirassol,9169,2026-05-07,"Thu, May 7",,CONMEBOL Libertadores,Mirassol,9169,Liga de Quito,4816,2,0,2 - 0,FT,V,casa,401865527,https://www.espn.com/soccer/match/_/gameId/401865527/liga-de-quito-mirassol,ESPN,https://www.espn.com/soccer/team/results/_/id/9169/season/2026
2026,Mirassol,9169,2026-05-10,"Sun, May 10",,Brazilian Serie A,Mirassol,9169,Chapecoense,9318,1,1,1 - 1,FT,E,casa,401841111,https://www.espn.com/soccer/match/_/gameId/401841111/chapecoense-mirassol,ESPN,https://www.espn.com/soccer/team/results/_/id/9169/season/2026
2026,Mirassol,9169,2026-05-13,"Wed, May 13",,Copa do Brasil,Mirassol,9169,Red Bull Bragantino,6079,2,1,2 - 1 2nd Leg · Mirassol wins 3-2 on aggregate,FT,V,casa,401866352,https://www.espn.com/soccer/match/_/gameId/401866352/red-bull-bragantino-mirassol,ESPN,https://www.espn.com/soccer/team/results/_/id/9169/season/2026
2026,Mirassol,9169,2026-05-16,"Sat, May 16",5:30 PM,Brazilian Serie A,Atlético-MG,7632,Mirassol,9169,,,,agendado,,fora,401841120,https://www.espn.com/soccer/match/_/gameId/401841120/mirassol-atletico-mg,ESPN,https://www.espn.com/soccer/team/fixtures/_/id/9169/season/2026
2026,Mirassol,9169,2026-05-19,"Tue, May 19",8:00 PM,CONMEBOL Libertadores,Always Ready,19425,Mirassol,9169,,,,agendado,,fora,401865539,https://www.espn.com/soccer/match/_/gameId/401865539/mirassol-always-ready,ESPN,https://www.espn.com/soccer/team/fixtures/_/id/9169/season/2026
2026,Mirassol,9169,2026-05-23,"Sat, May 23",6:00 PM,Brazilian Serie A,Mirassol,9169,Fluminense,3445,,,,agendado,,casa,401841134,https://www.espn.com/soccer/match/_/gameId/401841134/fluminense-mirassol,ESPN,https://www.espn.com/soccer/team/fixtures/_/id/9169/season/2026
2026,Mirassol,9169,2026-05-26,"Tue, May 26",6:00 PM,CONMEBOL Libertadores,Lanús,12,Mirassol,9169,,,,agendado,,fora,401865560,https://www.espn.com/soccer/match/_/gameId/401865560/mirassol-lanus,ESPN,https://www.espn.com/soccer/team/fixtures/_/id/9169/season/2026
2026,Mirassol,9169,2026-05-30,"Sat, May 30",3:00 PM,Brazilian Serie A,Athletico Paranaense,3458,Mirassol,9169,,,,agendado,,fora,401841138,https://www.espn.com/soccer/match/_/gameId/401841138/mirassol-athletico-paranaense,ESPN,https://www.espn.com/soccer/team/fixtures/_/id/9169/season/2026
2026,Mirassol,9169,2026-07-22,"Wed, Jul 22",TBD,Brazilian Serie A,Mirassol,9169,Grêmio,6273,,,,agendado,,casa,401841155,https://www.espn.com/soccer/match/_/gameId/401841155/gremio-mirassol,ESPN,https://www.espn.com/soccer/team/fixtures/_/id/9169/season/2026
2026,Mirassol,9169,2026-07-25,"Sat, Jul 25",TBD,Brazilian Serie A,Vasco da Gama,3454,Mirassol,9169,,,,agendado,,fora,401841160,https://www.espn.com/soccer/match/_/gameId/401841160/mirassol-vasco-da-gama,ESPN,https://www.espn.com/soccer/team/fixtures/_/id/9169/season/2026
2026,Mirassol,9169,2026-07-29,"Wed, Jul 29",TBD,Brazilian Serie A,Mirassol,9169,Remo,4936,,,,agendado,,casa,401841170,https://www.espn.com/soccer/match/_/gameId/401841170/remo-mirassol,ESPN,https://www.espn.com/soccer/team/fixtures/_/id/9169/season/2026
2026,Mirassol,9169,2026-08-08,"Sat, Aug 8",TBD,Brazilian Serie A,Cruzeiro,2022,Mirassol,9169,,,,agendado,,fora,401841183,https://www.espn.com/soccer/match/_/gameId/401841183/mirassol-cruzeiro,ESPN,https://www.espn.com/soccer/team/fixtures/_/id/9169/season/2026
2026,Mirassol,9169,2026-08-15,"Sat, Aug 15",TBD,Brazilian Serie A,Mirassol,9169,Flamengo,819,,,,agendado,,casa,401841190,https://www.espn.com/soccer/match/_/gameId/401841190/flamengo-mirassol,ESPN,https://www.espn.com/soccer/team/fixtures/_/id/9169/season/2026
2026,Mirassol,9169,2026-08-22,"Sat, Aug 22",TBD,Brazilian Serie A,Santos,2674,Mirassol,9169,,,,agendado,,fora,401841201,https://www.espn.com/soccer/match/_/gameId/401841201/mirassol-santos,ESPN,https://www.espn.com/soccer/team/fixtures/_/id/9169/season/2026
2026,Mirassol,9169,2026-08-29,"Sat, Aug 29",TBD,Brazilian Serie A,Mirassol,9169,Palmeiras,2029,,,,agendado,,casa,401841211,https://www.espn.com/soccer/match/_/gameId/401841211/palmeiras-mirassol,ESPN,https://www.espn.com/soccer/team/fixtures/_/id/9169/season/2026
2026,Mirassol,9169,2026-09-05,"Sat, Sep 5",TBD,Brazilian Serie A,Coritiba,3456,Mirassol,9169,,,,agendado,,fora,401841219,https://www.espn.com/soccer/match/_/gameId/401841219/mirassol-coritiba,ESPN,https://www.espn.com/soccer/team/fixtures/_/id/9169/season/2026
2026,Mirassol,9169,2026-09-12,"Sat, Sep 12",TBD,Brazilian Serie A,Mirassol,9169,Vitória,3457,,,,agendado,,casa,401841235,https://www.espn.com/soccer/match/_/gameId/401841235/vitoria-mirassol,ESPN,https://www.espn.com/soccer/team/fixtures/_/id/9169/season/2026
2026,Mirassol,9169,2026-09-19,"Sat, Sep 19",TBD,Brazilian Serie A,Mirassol,9169,Botafogo,6086,,,,agendado,,casa,401841245,https://www.espn.com/soccer/match/_/gameId/401841245/botafogo-mirassol,ESPN,https://www.espn.com/soccer/team/fixtures/_/id/9169/season/2026
2026,Mirassol,9169,2026-10-07,"Wed, Oct 7",TBD,Brazilian Serie A,Red Bull Bragantino,6079,Mirassol,9169,,,,agendado,,fora,401841253,https://www.espn.com/soccer/match/_/gameId/401841253/mirassol-red-bull-bragantino,ESPN,https://www.espn.com/soccer/team/fixtures/_/id/9169/season/2026
2026,Mirassol,9169,2026-10-10,"Sat, Oct 10",TBD,Brazilian Serie A,Bahia,9967,Mirassol,9169,,,,agendado,,fora,401841266,https://www.espn.com/soccer/match/_/gameId/401841266/mirassol-bahia,ESPN,https://www.espn.com/soccer/team/fixtures/_/id/9169/season/2026
2026,Mirassol,9169,2026-10-17,"Sat, Oct 17",TBD,Brazilian Serie A,Mirassol,9169,Internacional,1936,,,,agendado,,casa,401841275,https://www.espn.com/soccer/match/_/gameId/401841275/internacional-mirassol,ESPN,https://www.espn.com/soccer/team/fixtures/_/id/9169/season/2026
2026,Mirassol,9169,2026-10-24,"Sat, Oct 24",TBD,Brazilian Serie A,Mirassol,9169,São Paulo,2026,,,,agendado,,casa,401841284,https://www.espn.com/soccer/match/_/gameId/401841284/sao-paulo-mirassol,ESPN,https://www.espn.com/soccer/team/fixtures/_/id/9169/season/2026
2026,Mirassol,9169,2026-10-28,"Wed, Oct 28",TBD,Brazilian Serie A,Corinthians,874,Mirassol,9169,,,,agendado,,fora,401841295,https://www.espn.com/soccer/match/_/gameId/401841295/mirassol-corinthians,ESPN,https://www.espn.com/soccer/team/fixtures/_/id/9169/season/2026
2026,Mirassol,9169,2026-11-04,"Wed, Nov 4",TBD,Brazilian Serie A,Chapecoense,9318,Mirassol,9169,,,,agendado,,fora,401841304,https://www.espn.com/soccer/match/_/gameId/401841304/mirassol-chapecoense,ESPN,https://www.espn.com/soccer/team/fixtures/_/id/9169/season/2026
2026,Mirassol,9169,2026-11-18,"Wed, Nov 18",TBD,Brazilian Serie A,Mirassol,9169,Atlético-MG,7632,,,,agendado,,casa,401841311,https://www.espn.com/soccer/match/_/gameId/401841311/atletico-mg-mirassol,ESPN,https://www.espn.com/soccer/team/fixtures/_/id/9169/season/2026
2026,Mirassol,9169,2026-11-21,"Sat, Nov 21",TBD,Brazilian Serie A,Fluminense,3445,Mirassol,9169,,,,agendado,,fora,401841324,https://www.espn.com/soccer/match/_/gameId/401841324/mirassol-fluminense,ESPN,https://www.espn.com/soccer/team/fixtures/_/id/9169/season/2026
2026,Mirassol,9169,2026-11-28,"Sat, Nov 28",TBD,Brazilian Serie A,Mirassol,9169,Athletico Paranaense,3458,,,,agendado,,casa,401841330,https://www.espn.com/soccer/match/_/gameId/401841330/athletico-paranaense-mirassol,ESPN,https://www.espn.com/soccer/team/fixtures/_/id/9169/season/2026
2026,Mirassol,9169,2026-12-02,"Wed, Dec 2",TBD,Brazilian Serie A,Grêmio,6273,Mirassol,9169,,,,agendado,,fora,401841347,https://www.espn.com/soccer/match/_/gameId/401841347/mirassol-gremio,ESPN,https://www.espn.com/soccer/team/fixtures/_/id/9169/season/2026
2026,Palmeiras,2029,2026-01-10,"Sat, Jan 10",,Brazilian Campeonato Paulista,Portuguesa,4773,Palmeiras,2029,0,1,0 - 1,FT,V,fora,762074,https://www.espn.com/soccer/match/_/gameId/762074/palmeiras-portuguesa,ESPN,https://www.espn.com/soccer/team/results/_/id/2029/season/2026
2026,Palmeiras,2029,2026-01-14,"Wed, Jan 14",,Brazilian Campeonato Paulista,Palmeiras,2029,Santos,2674,1,0,1 - 0,FT,V,casa,762079,https://www.espn.com/soccer/match/_/gameId/762079/santos-palmeiras,ESPN,https://www.espn.com/soccer/team/results/_/id/2029/season/2026
2026,Palmeiras,2029,2026-01-17,"Sat, Jan 17",,Brazilian Campeonato Paulista,Palmeiras,2029,Mirassol,9169,1,0,1 - 0,FT,V,casa,762088,https://www.espn.com/soccer/match/_/gameId/762088/mirassol-palmeiras,ESPN,https://www.espn.com/soccer/team/results/_/id/2029/season/2026
2026,Palmeiras,2029,2026-01-20,"Tue, Jan 20",,Brazilian Campeonato Paulista,Novorizontino,18127,Palmeiras,2029,4,0,4 - 0,FT,D,fora,762096,https://www.espn.com/soccer/match/_/gameId/762096/palmeiras-novorizontino,ESPN,https://www.espn.com/soccer/team/results/_/id/2029/season/2026
2026,Palmeiras,2029,2026-01-24,"Sat, Jan 24",,Brazilian Campeonato Paulista,Palmeiras,2029,São Paulo,2026,3,1,3 - 1,FT,V,casa,762102,https://www.espn.com/soccer/match/_/gameId/762102/sao-paulo-palmeiras,ESPN,https://www.espn.com/soccer/team/results/_/id/2029/season/2026
2026,Palmeiras,2029,2026-01-28,"Wed, Jan 28",,Brazilian Serie A,Atlético-MG,7632,Palmeiras,2029,2,2,2 - 2,FT,E,fora,401840808,https://www.espn.com/soccer/match/_/gameId/401840808/palmeiras-atletico-mg,ESPN,https://www.espn.com/soccer/team/results/_/id/2029/season/2026
2026,Palmeiras,2029,2026-02-01,"Sun, Feb 1",,Brazilian Campeonato Paulista,Botafogo-SP,10281,Palmeiras,2029,1,0,1 - 0,FT,D,fora,762111,https://www.espn.com/soccer/match/_/gameId/762111/palmeiras-botafogo-sp,ESPN,https://www.espn.com/soccer/team/results/_/id/2029/season/2026
2026,Palmeiras,2029,2026-02-04,"Wed, Feb 4",,Brazilian Serie A,Palmeiras,2029,Vitória,3457,5,1,5 - 1,FT,V,casa,401840983,https://www.espn.com/soccer/match/_/gameId/401840983/vitoria-palmeiras,ESPN,https://www.espn.com/soccer/team/results/_/id/2029/season/2026
2026,Palmeiras,2029,2026-02-08,"Sun, Feb 8",,Brazilian Campeonato Paulista,Corinthians,874,Palmeiras,2029,0,1,0 - 1,FT,V,fora,762121,https://www.espn.com/soccer/match/_/gameId/762121/palmeiras-corinthians,ESPN,https://www.espn.com/soccer/team/results/_/id/2029/season/2026
2026,Palmeiras,2029,2026-02-12,"Thu, Feb 12",,Brazilian Serie A,Internacional,1936,Palmeiras,2029,1,3,1 - 3,FT,V,fora,401840997,https://www.espn.com/soccer/match/_/gameId/401840997/palmeiras-internacional,ESPN,https://www.espn.com/soccer/team/results/_/id/2029/season/2026
2026,Palmeiras,2029,2026-02-15,"Sun, Feb 15",,Brazilian Campeonato Paulista,Palmeiras,2029,Guarani,3448,1,1,1 - 1,FT,E,casa,762129,https://www.espn.com/soccer/match/_/gameId/762129/guarani-palmeiras,ESPN,https://www.espn.com/soccer/team/results/_/id/2029/season/2026
2026,Palmeiras,2029,2026-02-21,"Sat, Feb 21",,Brazilian Campeonato Paulista,Palmeiras,2029,Capivariano,17635,4,0,4 - 0,FT,V,casa,401861578,https://www.espn.com/soccer/match/_/gameId/401861578/capivariano-palmeiras,ESPN,https://www.espn.com/soccer/team/results/_/id/2029/season/2026
2026,Palmeiras,2029,2026-02-25,"Wed, Feb 25",,Brazilian Serie A,Palmeiras,2029,Fluminense,3445,2,1,2 - 1,FT,V,casa,401841004,https://www.espn.com/soccer/match/_/gameId/401841004/fluminense-palmeiras,ESPN,https://www.espn.com/soccer/team/results/_/id/2029/season/2026
2026,Palmeiras,2029,2026-03-01,"Sun, Mar 1",,Brazilian Campeonato Paulista,Palmeiras,2029,São Paulo,2026,2,1,2 - 1,FT,V,casa,401862317,https://www.espn.com/soccer/match/_/gameId/401862317/sao-paulo-palmeiras,ESPN,https://www.espn.com/soccer/team/results/_/id/2029/season/2026
2026,Palmeiras,2029,2026-03-04,"Wed, Mar 4",,Brazilian Campeonato Paulista,Palmeiras,2029,Novorizontino,18127,1,0,1 - 0 1st Leg,FT,V,casa,401863163,https://www.espn.com/soccer/match/_/gameId/401863163/novorizontino-palmeiras,ESPN,https://www.espn.com/soccer/team/results/_/id/2029/season/2026
2026,Palmeiras,2029,2026-03-08,"Sun, Mar 8",,Brazilian Campeonato Paulista,Novorizontino,18127,Palmeiras,2029,1,2,1 - 2 2nd Leg · Palmeiras wins 3-1 on aggregate,FT,V,fora,401863164,https://www.espn.com/soccer/match/_/gameId/401863164/palmeiras-novorizontino,ESPN,https://www.espn.com/soccer/team/results/_/id/2029/season/2026
2026,Palmeiras,2029,2026-03-12,"Thu, Mar 12",,Brazilian Serie A,Vasco da Gama,3454,Palmeiras,2029,2,1,2 - 1,FT,D,fora,401841012,https://www.espn.com/soccer/match/_/gameId/401841012/palmeiras-vasco-da-gama,ESPN,https://www.espn.com/soccer/team/results/_/id/2029/season/2026
2026,Palmeiras,2029,2026-03-15,"Sun, Mar 15",,Brazilian Serie A,Palmeiras,2029,Mirassol,9169,1,0,1 - 0,FT,V,casa,401841020,https://www.espn.com/soccer/match/_/gameId/401841020/mirassol-palmeiras,ESPN,https://www.espn.com/soccer/team/results/_/id/2029/season/2026
2026,Palmeiras,2029,2026-03-18,"Wed, Mar 18",,Brazilian Serie A,Palmeiras,2029,Botafogo,6086,2,1,2 - 1,FT,V,casa,401841032,https://www.espn.com/soccer/match/_/gameId/401841032/botafogo-palmeiras,ESPN,https://www.espn.com/soccer/team/results/_/id/2029/season/2026
2026,Palmeiras,2029,2026-03-21,"Sat, Mar 21",,Brazilian Serie A,São Paulo,2026,Palmeiras,2029,0,1,0 - 1,FT,V,fora,401841040,https://www.espn.com/soccer/match/_/gameId/401841040/palmeiras-sao-paulo,ESPN,https://www.espn.com/soccer/team/results/_/id/2029/season/2026
2026,Palmeiras,2029,2026-04-02,"Thu, Apr 2",,Brazilian Serie A,Palmeiras,2029,Grêmio,6273,2,1,2 - 1,FT,V,casa,401841052,https://www.espn.com/soccer/match/_/gameId/401841052/gremio-palmeiras,ESPN,https://www.espn.com/soccer/team/results/_/id/2029/season/2026
2026,Palmeiras,2029,2026-04-05,"Sun, Apr 5",,Brazilian Serie A,Bahia,9967,Palmeiras,2029,1,2,1 - 2,FT,V,fora,401841066,https://www.espn.com/soccer/match/_/gameId/401841066/palmeiras-bahia,ESPN,https://www.espn.com/soccer/team/results/_/id/2029/season/2026
2026,Palmeiras,2029,2026-04-08,"Wed, Apr 8",,CONMEBOL Libertadores,Atlético Junior,4815,Palmeiras,2029,1,1,1 - 1,FT,E,fora,401865476,https://www.espn.com/soccer/match/_/gameId/401865476/palmeiras-atletico-junior,ESPN,https://www.espn.com/soccer/team/results/_/id/2029/season/2026
2026,Palmeiras,2029,2026-04-12,"Sun, Apr 12",,Brazilian Serie A,Corinthians,874,Palmeiras,2029,0,0,0 - 0,FT,E,fora,401841069,https://www.espn.com/soccer/match/_/gameId/401841069/palmeiras-corinthians,ESPN,https://www.espn.com/soccer/team/results/_/id/2029/season/2026
2026,Palmeiras,2029,2026-04-16,"Thu, Apr 16",,CONMEBOL Libertadores,Palmeiras,2029,Sporting Cristal,2673,2,1,2 - 1,FT,V,casa,401865500,https://www.espn.com/soccer/match/_/gameId/401865500/sporting-cristal-palmeiras,ESPN,https://www.espn.com/soccer/team/results/_/id/2029/season/2026
2026,Palmeiras,2029,2026-04-19,"Sun, Apr 19",,Brazilian Serie A,Palmeiras,2029,Athletico Paranaense,3458,1,0,1 - 0,FT,V,casa,401841084,https://www.espn.com/soccer/match/_/gameId/401841084/athletico-paranaense-palmeiras,ESPN,https://www.espn.com/soccer/team/results/_/id/2029/season/2026
2026,Palmeiras,2029,2026-04-23,"Thu, Apr 23",,Copa do Brasil,Palmeiras,2029,Jacuipense,17713,3,0,3 - 0 1st Leg,FT,V,casa,401866339,https://www.espn.com/soccer/match/_/gameId/401866339/jacuipense-palmeiras,ESPN,https://www.espn.com/soccer/team/results/_/id/2029/season/2026
2026,Palmeiras,2029,2026-04-26,"Sun, Apr 26",,Brazilian Serie A,Red Bull Bragantino,6079,Palmeiras,2029,0,1,0 - 1,FT,V,fora,401841097,https://www.espn.com/soccer/match/_/gameId/401841097/palmeiras-red-bull-bragantino,ESPN,https://www.espn.com/soccer/team/results/_/id/2029/season/2026
2026,Palmeiras,2029,2026-04-29,"Wed, Apr 29",,CONMEBOL Libertadores,Cerro Porteño,2671,Palmeiras,2029,1,1,1 - 1,FT,E,fora,401865503,https://www.espn.com/soccer/match/_/gameId/401865503/palmeiras-cerro-porteno,ESPN,https://www.espn.com/soccer/team/results/_/id/2029/season/2026
2026,Palmeiras,2029,2026-05-02,"Sat, May 2",,Brazilian Serie A,Palmeiras,2029,Santos,2674,1,1,1 - 1,FT,E,casa,401841102,https://www.espn.com/soccer/match/_/gameId/401841102/santos-palmeiras,ESPN,https://www.espn.com/soccer/team/results/_/id/2029/season/2026
2026,Palmeiras,2029,2026-05-05,"Tue, May 5",,CONMEBOL Libertadores,Sporting Cristal,2673,Palmeiras,2029,0,2,0 - 2,FT,V,fora,401865530,https://www.espn.com/soccer/match/_/gameId/401865530/palmeiras-sporting-cristal,ESPN,https://www.espn.com/soccer/team/results/_/id/2029/season/2026
2026,Palmeiras,2029,2026-05-10,"Sun, May 10",,Brazilian Serie A,Remo,4936,Palmeiras,2029,1,1,1 - 1,FT,E,fora,401841110,https://www.espn.com/soccer/match/_/gameId/401841110/palmeiras-remo,ESPN,https://www.espn.com/soccer/team/results/_/id/2029/season/2026
2026,Palmeiras,2029,2026-05-13,"Wed, May 13",,Copa do Brasil,Jacuipense,17713,Palmeiras,2029,1,4,1 - 4 2nd Leg · Palmeiras wins 7-1 on aggregate,FT,V,fora,401866354,https://www.espn.com/soccer/match/_/gameId/401866354/palmeiras-jacuipense,ESPN,https://www.espn.com/soccer/team/results/_/id/2029/season/2026
2026,Palmeiras,2029,2026-05-16,"Sat, May 16",8:00 PM,Brazilian Serie A,Palmeiras,2029,Cruzeiro,2022,,,,agendado,,casa,401841125,https://www.espn.com/soccer/match/_/gameId/401841125/cruzeiro-palmeiras,ESPN,https://www.espn.com/soccer/team/fixtures/_/id/2029/season/2026
2026,Palmeiras,2029,2026-05-20,"Wed, May 20",8:30 PM,CONMEBOL Libertadores,Palmeiras,2029,Cerro Porteño,2671,,,,agendado,,casa,401865544,https://www.espn.com/soccer/match/_/gameId/401865544/cerro-porteno-palmeiras,ESPN,https://www.espn.com/soccer/team/fixtures/_/id/2029/season/2026
2026,Palmeiras,2029,2026-05-23,"Sat, May 23",8:00 PM,Brazilian Serie A,Flamengo,819,Palmeiras,2029,,,,agendado,,fora,401841136,https://www.espn.com/soccer/match/_/gameId/401841136/palmeiras-flamengo,ESPN,https://www.espn.com/soccer/team/fixtures/_/id/2029/season/2026
2026,Palmeiras,2029,2026-05-28,"Thu, May 28",6:00 PM,CONMEBOL Libertadores,Palmeiras,2029,Atlético Junior,4815,,,,agendado,,casa,401865557,https://www.espn.com/soccer/match/_/gameId/401865557/atletico-junior-palmeiras,ESPN,https://www.espn.com/soccer/team/fixtures/_/id/2029/season/2026
2026,Palmeiras,2029,2026-05-31,"Sun, May 31",3:00 PM,Brazilian Serie A,Palmeiras,2029,Chapecoense,9318,,,,agendado,,casa,401841140,https://www.espn.com/soccer/match/_/gameId/401841140/chapecoense-palmeiras,ESPN,https://www.espn.com/soccer/team/fixtures/_/id/2029/season/2026
2026,Palmeiras,2029,2026-07-22,"Wed, Jul 22",TBD,Brazilian Serie A,Coritiba,3456,Palmeiras,2029,,,,agendado,,fora,401841152,https://www.espn.com/soccer/match/_/gameId/401841152/palmeiras-coritiba,ESPN,https://www.espn.com/soccer/team/fixtures/_/id/2029/season/2026
2026,Palmeiras,2029,2026-07-25,"Sat, Jul 25",TBD,Brazilian Serie A,Palmeiras,2029,Atlético-MG,7632,,,,agendado,,casa,401841164,https://www.espn.com/soccer/match/_/gameId/401841164/atletico-mg-palmeiras,ESPN,https://www.espn.com/soccer/team/fixtures/_/id/2029/season/2026
2026,Palmeiras,2029,2026-07-29,"Wed, Jul 29",TBD,Brazilian Serie A,Vitória,3457,Palmeiras,2029,,,,agendado,,fora,401841172,https://www.espn.com/soccer/match/_/gameId/401841172/palmeiras-vitoria,ESPN,https://www.espn.com/soccer/team/fixtures/_/id/2029/season/2026
2026,Palmeiras,2029,2026-08-08,"Sat, Aug 8",TBD,Brazilian Serie A,Palmeiras,2029,Internacional,1936,,,,agendado,,casa,401841180,https://www.espn.com/soccer/match/_/gameId/401841180/internacional-palmeiras,ESPN,https://www.espn.com/soccer/team/fixtures/_/id/2029/season/2026
2026,Palmeiras,2029,2026-08-15,"Sat, Aug 15",TBD,Brazilian Serie A,Fluminense,3445,Palmeiras,2029,,,,agendado,,fora,401841192,https://www.espn.com/soccer/match/_/gameId/401841192/palmeiras-fluminense,ESPN,https://www.espn.com/soccer/team/fixtures/_/id/2029/season/2026
2026,Palmeiras,2029,2026-08-22,"Sat, Aug 22",TBD,Brazilian Serie A,Palmeiras,2029,Vasco da Gama,3454,,,,agendado,,casa,401841203,https://www.espn.com/soccer/match/_/gameId/401841203/vasco-da-gama-palmeiras,ESPN,https://www.espn.com/soccer/team/fixtures/_/id/2029/season/2026
2026,Palmeiras,2029,2026-08-29,"Sat, Aug 29",TBD,Brazilian Serie A,Mirassol,9169,Palmeiras,2029,,,,agendado,,fora,401841211,https://www.espn.com/soccer/match/_/gameId/401841211/palmeiras-mirassol,ESPN,https://www.espn.com/soccer/team/fixtures/_/id/2029/season/2026
2026,Palmeiras,2029,2026-09-05,"Sat, Sep 5",TBD,Brazilian Serie A,Botafogo,6086,Palmeiras,2029,,,,agendado,,fora,401841221,https://www.espn.com/soccer/match/_/gameId/401841221/palmeiras-botafogo,ESPN,https://www.espn.com/soccer/team/fixtures/_/id/2029/season/2026
2026,Palmeiras,2029,2026-09-12,"Sat, Sep 12",TBD,Brazilian Serie A,Palmeiras,2029,São Paulo,2026,,,,agendado,,casa,401841234,https://www.espn.com/soccer/match/_/gameId/401841234/sao-paulo-palmeiras,ESPN,https://www.espn.com/soccer/team/fixtures/_/id/2029/season/2026
2026,Palmeiras,2029,2026-09-19,"Sat, Sep 19",TBD,Brazilian Serie A,Grêmio,6273,Palmeiras,2029,,,,agendado,,fora,401841246,https://www.espn.com/soccer/match/_/gameId/401841246/palmeiras-gremio,ESPN,https://www.espn.com/soccer/team/fixtures/_/id/2029/season/2026
2026,Palmeiras,2029,2026-10-07,"Wed, Oct 7",TBD,Brazilian Serie A,Palmeiras,2029,Bahia,9967,,,,agendado,,casa,401841254,https://www.espn.com/soccer/match/_/gameId/401841254/bahia-palmeiras,ESPN,https://www.espn.com/soccer/team/fixtures/_/id/2029/season/2026
2026,Palmeiras,2029,2026-10-10,"Sat, Oct 10",TBD,Brazilian Serie A,Palmeiras,2029,Corinthians,874,,,,agendado,,casa,401841261,https://www.espn.com/soccer/match/_/gameId/401841261/corinthians-palmeiras,ESPN,https://www.espn.com/soccer/team/fixtures/_/id/2029/season/2026
2026,Palmeiras,2029,2026-10-17,"Sat, Oct 17",TBD,Brazilian Serie A,Athletico Paranaense,3458,Palmeiras,2029,,,,agendado,,fora,401841271,https://www.espn.com/soccer/match/_/gameId/401841271/palmeiras-athletico-paranaense,ESPN,https://www.espn.com/soccer/team/fixtures/_/id/2029/season/2026
2026,Palmeiras,2029,2026-10-24,"Sat, Oct 24",TBD,Brazilian Serie A,Palmeiras,2029,Red Bull Bragantino,6079,,,,agendado,,casa,401841283,https://www.espn.com/soccer/match/_/gameId/401841283/red-bull-bragantino-palmeiras,ESPN,https://www.espn.com/soccer/team/fixtures/_/id/2029/season/2026
2026,Palmeiras,2029,2026-10-28,"Wed, Oct 28",TBD,Brazilian Serie A,Santos,2674,Palmeiras,2029,,,,agendado,,fora,401841293,https://www.espn.com/soccer/match/_/gameId/401841293/palmeiras-santos,ESPN,https://www.espn.com/soccer/team/fixtures/_/id/2029/season/2026
2026,Palmeiras,2029,2026-11-04,"Wed, Nov 4",TBD,Brazilian Serie A,Palmeiras,2029,Remo,4936,,,,agendado,,casa,401841300,https://www.espn.com/soccer/match/_/gameId/401841300/remo-palmeiras,ESPN,https://www.espn.com/soccer/team/fixtures/_/id/2029/season/2026
2026,Palmeiras,2029,2026-11-18,"Wed, Nov 18",TBD,Brazilian Serie A,Cruzeiro,2022,Palmeiras,2029,,,,agendado,,fora,401841314,https://www.espn.com/soccer/match/_/gameId/401841314/palmeiras-cruzeiro,ESPN,https://www.espn.com/soccer/team/fixtures/_/id/2029/season/2026
2026,Palmeiras,2029,2026-11-21,"Sat, Nov 21",TBD,Brazilian Serie A,Palmeiras,2029,Flamengo,819,,,,agendado,,casa,401841322,https://www.espn.com/soccer/match/_/gameId/401841322/flamengo-palmeiras,ESPN,https://www.espn.com/soccer/team/fixtures/_/id/2029/season/2026
2026,Palmeiras,2029,2026-11-28,"Sat, Nov 28",TBD,Brazilian Serie A,Chapecoense,9318,Palmeiras,2029,,,,agendado,,fora,401841335,https://www.espn.com/soccer/match/_/gameId/401841335/palmeiras-chapecoense,ESPN,https://www.espn.com/soccer/team/fixtures/_/id/2029/season/2026
2026,Palmeiras,2029,2026-12-02,"Wed, Dec 2",TBD,Brazilian Serie A,Palmeiras,2029,Coritiba,3456,,,,agendado,,casa,401841343,https://www.espn.com/soccer/match/_/gameId/401841343/coritiba-palmeiras,ESPN,https://www.espn.com/soccer/team/fixtures/_/id/2029/season/2026
2026,Red Bull Bragantino,6079,2026-01-11,"Sun, Jan 11",,Brazilian Campeonato Paulista,EC Noroeste,22486,Red Bull Bragantino,6079,0,1,0 - 1,FT,V,fora,762071,https://www.espn.com/soccer/match/_/gameId/762071/red-bull-bragantino-ec-noroeste,ESPN,https://www.espn.com/soccer/team/results/_/id/6079/season/2026
2026,Red Bull Bragantino,6079,2026-01-15,"Thu, Jan 15",,Brazilian Campeonato Paulista,Red Bull Bragantino,6079,Corinthians,874,3,0,3 - 0,FT,V,casa,762077,https://www.espn.com/soccer/match/_/gameId/762077/corinthians-red-bull-bragantino,ESPN,https://www.espn.com/soccer/team/results/_/id/6079/season/2026
2026,Red Bull Bragantino,6079,2026-01-18,"Sun, Jan 18",,Brazilian Campeonato Paulista,Red Bull Bragantino,6079,Botafogo-SP,10281,5,0,5 - 0,FT,V,casa,762090,https://www.espn.com/soccer/match/_/gameId/762090/botafogo-sp-red-bull-bragantino,ESPN,https://www.espn.com/soccer/team/results/_/id/6079/season/2026
2026,Red Bull Bragantino,6079,2026-01-21,"Wed, Jan 21",,Brazilian Campeonato Paulista,Mirassol,9169,Red Bull Bragantino,6079,0,0,0 - 0,FT,E,fora,762094,https://www.espn.com/soccer/match/_/gameId/762094/red-bull-bragantino-mirassol,ESPN,https://www.espn.com/soccer/team/results/_/id/6079/season/2026
2026,Red Bull Bragantino,6079,2026-01-25,"Sun, Jan 25",,Brazilian Campeonato Paulista,Santos,2674,Red Bull Bragantino,6079,0,0,0 - 0,FT,E,fora,762105,https://www.espn.com/soccer/match/_/gameId/762105/red-bull-bragantino-santos,ESPN,https://www.espn.com/soccer/team/results/_/id/6079/season/2026
2026,Red Bull Bragantino,6079,2026-01-28,"Wed, Jan 28",,Brazilian Serie A,Coritiba,3456,Red Bull Bragantino,6079,0,1,0 - 1,FT,V,fora,401840977,https://www.espn.com/soccer/match/_/gameId/401840977/red-bull-bragantino-coritiba,ESPN,https://www.espn.com/soccer/team/results/_/id/6079/season/2026
2026,Red Bull Bragantino,6079,2026-02-01,"Sun, Feb 1",,Brazilian Campeonato Paulista,Red Bull Bragantino,6079,São Bernardo,11268,1,1,1 - 1,FT,E,casa,762107,https://www.espn.com/soccer/match/_/gameId/762107/sao-bernardo-red-bull-bragantino,ESPN,https://www.espn.com/soccer/team/results/_/id/6079/season/2026
2026,Red Bull Bragantino,6079,2026-02-04,"Wed, Feb 4",,Brazilian Serie A,Red Bull Bragantino,6079,Atlético-MG,7632,1,0,1 - 0,FT,V,casa,401840984,https://www.espn.com/soccer/match/_/gameId/401840984/atletico-mg-red-bull-bragantino,ESPN,https://www.espn.com/soccer/team/results/_/id/6079/season/2026
2026,Red Bull Bragantino,6079,2026-02-08,"Sun, Feb 8",,Brazilian Campeonato Paulista,AE Velo Clube,22487,Red Bull Bragantino,6079,1,1,1 - 1,FT,E,fora,762120,https://www.espn.com/soccer/match/_/gameId/762120/red-bull-bragantino-ae-velo-clube,ESPN,https://www.espn.com/soccer/team/results/_/id/6079/season/2026
2026,Red Bull Bragantino,6079,2026-02-12,"Thu, Feb 12",,Brazilian Serie A,Corinthians,874,Red Bull Bragantino,6079,2,0,2 - 0,FT,D,fora,401840988,https://www.espn.com/soccer/match/_/gameId/401840988/red-bull-bragantino-corinthians,ESPN,https://www.espn.com/soccer/team/results/_/id/6079/season/2026
2026,Red Bull Bragantino,6079,2026-02-15,"Sun, Feb 15",,Brazilian Campeonato Paulista,Red Bull Bragantino,6079,Novorizontino,18127,3,0,3 - 0,FT,V,casa,762123,https://www.espn.com/soccer/match/_/gameId/762123/novorizontino-red-bull-bragantino,ESPN,https://www.espn.com/soccer/team/results/_/id/6079/season/2026
2026,Red Bull Bragantino,6079,2026-02-21,"Sat, Feb 21",,Brazilian Campeonato Paulista,Red Bull Bragantino,6079,São Paulo,2026,1,2,1 - 2,FT,D,casa,401861580,https://www.espn.com/soccer/match/_/gameId/401861580/sao-paulo-red-bull-bragantino,ESPN,https://www.espn.com/soccer/team/results/_/id/6079/season/2026
2026,Red Bull Bragantino,6079,2026-02-25,"Wed, Feb 25",,Brazilian Serie A,Red Bull Bragantino,6079,Athletico Paranaense,3458,1,1,1 - 1,FT,E,casa,401841003,https://www.espn.com/soccer/match/_/gameId/401841003/athletico-paranaense-red-bull-bragantino,ESPN,https://www.espn.com/soccer/team/results/_/id/6079/season/2026
2026,Red Bull Bragantino,6079,2026-03-12,"Thu, Mar 12",,Brazilian Serie A,Grêmio,6273,Red Bull Bragantino,6079,1,1,1 - 1,FT,E,fora,401841011,https://www.espn.com/soccer/match/_/gameId/401841011/red-bull-bragantino-gremio,ESPN,https://www.espn.com/soccer/team/results/_/id/6079/season/2026
2026,Red Bull Bragantino,6079,2026-03-15,"Sun, Mar 15",,Brazilian Serie A,Red Bull Bragantino,6079,São Paulo,2026,1,2,1 - 2,FT,D,casa,401841019,https://www.espn.com/soccer/match/_/gameId/401841019/sao-paulo-red-bull-bragantino,ESPN,https://www.espn.com/soccer/team/results/_/id/6079/season/2026
2026,Red Bull Bragantino,6079,2026-03-18,"Wed, Mar 18",,Brazilian Serie A,Bahia,9967,Red Bull Bragantino,6079,2,0,2 - 0,FT,D,fora,401841037,https://www.espn.com/soccer/match/_/gameId/401841037/red-bull-bragantino-bahia,ESPN,https://www.espn.com/soccer/team/results/_/id/6079/season/2026
2026,Red Bull Bragantino,6079,2026-03-21,"Sat, Mar 21",,Brazilian Serie A,Red Bull Bragantino,6079,Botafogo,6086,1,2,1 - 2,FT,D,casa,401841047,https://www.espn.com/soccer/match/_/gameId/401841047/botafogo-red-bull-bragantino,ESPN,https://www.espn.com/soccer/team/results/_/id/6079/season/2026
2026,Red Bull Bragantino,6079,2026-04-02,"Thu, Apr 2",,Brazilian Serie A,Red Bull Bragantino,6079,Flamengo,819,3,0,3 - 0,FT,V,casa,401841051,https://www.espn.com/soccer/match/_/gameId/401841051/flamengo-red-bull-bragantino,ESPN,https://www.espn.com/soccer/team/results/_/id/6079/season/2026
2026,Red Bull Bragantino,6079,2026-04-05,"Sun, Apr 5",,Brazilian Serie A,Mirassol,9169,Red Bull Bragantino,6079,0,1,0 - 1,FT,V,fora,401841060,https://www.espn.com/soccer/match/_/gameId/401841060/red-bull-bragantino-mirassol,ESPN,https://www.espn.com/soccer/team/results/_/id/6079/season/2026
2026,Red Bull Bragantino,6079,2026-04-09,"Thu, Apr 9",,CONMEBOL Sudamericana,Carabobo,6037,Red Bull Bragantino,6079,1,0,1 - 0,FT,D,fora,401865378,https://www.espn.com/soccer/match/_/gameId/401865378/red-bull-bragantino-carabobo,ESPN,https://www.espn.com/soccer/team/results/_/id/6079/season/2026
2026,Red Bull Bragantino,6079,2026-04-12,"Sun, Apr 12",,Brazilian Serie A,Cruzeiro,2022,Red Bull Bragantino,6079,2,1,2 - 1,FT,D,fora,401841068,https://www.espn.com/soccer/match/_/gameId/401841068/red-bull-bragantino-cruzeiro,ESPN,https://www.espn.com/soccer/team/results/_/id/6079/season/2026
2026,Red Bull Bragantino,6079,2026-04-16,"Thu, Apr 16",,CONMEBOL Sudamericana,Red Bull Bragantino,6079,Blooming,6047,3,2,3 - 2,FT,V,casa,401865400,https://www.espn.com/soccer/match/_/gameId/401865400/blooming-red-bull-bragantino,ESPN,https://www.espn.com/soccer/team/results/_/id/6079/season/2026
2026,Red Bull Bragantino,6079,2026-04-19,"Sun, Apr 19",,Brazilian Serie A,Red Bull Bragantino,6079,Remo,4936,4,2,4 - 2,FT,V,casa,401841083,https://www.espn.com/soccer/match/_/gameId/401841083/remo-red-bull-bragantino,ESPN,https://www.espn.com/soccer/team/results/_/id/6079/season/2026
2026,Red Bull Bragantino,6079,2026-04-22,"Wed, Apr 22",,Copa do Brasil,Red Bull Bragantino,6079,Mirassol,9169,1,1,1 - 1 1st Leg,FT,E,casa,401866337,https://www.espn.com/soccer/match/_/gameId/401866337/mirassol-red-bull-bragantino,ESPN,https://www.espn.com/soccer/team/results/_/id/6079/season/2026
2026,Red Bull Bragantino,6079,2026-04-26,"Sun, Apr 26",,Brazilian Serie A,Red Bull Bragantino,6079,Palmeiras,2029,0,1,0 - 1,FT,D,casa,401841097,https://www.espn.com/soccer/match/_/gameId/401841097/palmeiras-red-bull-bragantino,ESPN,https://www.espn.com/soccer/team/results/_/id/6079/season/2026
2026,Red Bull Bragantino,6079,2026-04-30,"Thu, Apr 30",,CONMEBOL Sudamericana,Red Bull Bragantino,6079,River Plate,16,0,1,0 - 1,FT,D,casa,401865414,https://www.espn.com/soccer/match/_/gameId/401865414/river-plate-red-bull-bragantino,ESPN,https://www.espn.com/soccer/team/results/_/id/6079/season/2026
2026,Red Bull Bragantino,6079,2026-05-03,"Sun, May 3",,Brazilian Serie A,Chapecoense,9318,Red Bull Bragantino,6079,1,2,1 - 2,FT,V,fora,401841099,https://www.espn.com/soccer/match/_/gameId/401841099/red-bull-bragantino-chapecoense,ESPN,https://www.espn.com/soccer/team/results/_/id/6079/season/2026
2026,Red Bull Bragantino,6079,2026-05-07,"Thu, May 7",,CONMEBOL Sudamericana,Blooming,6047,Red Bull Bragantino,6079,0,6,0 - 6,FT,V,fora,401865421,https://www.espn.com/soccer/match/_/gameId/401865421/red-bull-bragantino-blooming,ESPN,https://www.espn.com/soccer/team/results/_/id/6079/season/2026
2026,Red Bull Bragantino,6079,2026-05-10,"Sun, May 10",,Brazilian Serie A,Santos,2674,Red Bull Bragantino,6079,2,0,2 - 0,FT,D,fora,401841109,https://www.espn.com/soccer/match/_/gameId/401841109/red-bull-bragantino-santos,ESPN,https://www.espn.com/soccer/team/results/_/id/6079/season/2026
2026,Red Bull Bragantino,6079,2026-05-13,"Wed, May 13",,Copa do Brasil,Mirassol,9169,Red Bull Bragantino,6079,2,1,2 - 1 2nd Leg · Mirassol wins 3-2 on aggregate,FT,D,fora,401866352,https://www.espn.com/soccer/match/_/gameId/401866352/red-bull-bragantino-mirassol,ESPN,https://www.espn.com/soccer/team/results/_/id/6079/season/2026
2026,Red Bull Bragantino,6079,2026-05-17,"Sun, May 17",5:30 PM,Brazilian Serie A,Red Bull Bragantino,6079,Vitória,3457,,,,agendado,,casa,401841124,https://www.espn.com/soccer/match/_/gameId/401841124/vitoria-red-bull-bragantino,ESPN,https://www.espn.com/soccer/team/fixtures/_/id/6079/season/2026
2026,Red Bull Bragantino,6079,2026-05-20,"Wed, May 20",8:30 PM,CONMEBOL Sudamericana,River Plate,16,Red Bull Bragantino,6079,,,,agendado,,fora,401865445,https://www.espn.com/soccer/match/_/gameId/401865445/red-bull-bragantino-river-plate,ESPN,https://www.espn.com/soccer/team/fixtures/_/id/6079/season/2026
2026,Red Bull Bragantino,6079,2026-05-24,"Sun, May 24",7:30 PM,Brazilian Serie A,Vasco da Gama,3454,Red Bull Bragantino,6079,,,,agendado,,fora,401841131,https://www.espn.com/soccer/match/_/gameId/401841131/red-bull-bragantino-vasco-da-gama,ESPN,https://www.espn.com/soccer/team/fixtures/_/id/6079/season/2026
2026,Red Bull Bragantino,6079,2026-05-27,"Wed, May 27",8:30 PM,CONMEBOL Sudamericana,Red Bull Bragantino,6079,Carabobo,6037,,,,agendado,,casa,401865464,https://www.espn.com/soccer/match/_/gameId/401865464/carabobo-red-bull-bragantino,ESPN,https://www.espn.com/soccer/team/fixtures/_/id/6079/season/2026
2026,Red Bull Bragantino,6079,2026-05-31,"Sun, May 31",10:00 AM,Brazilian Serie A,Red Bull Bragantino,6079,Internacional,1936,,,,agendado,,casa,401841141,https://www.espn.com/soccer/match/_/gameId/401841141/internacional-red-bull-bragantino,ESPN,https://www.espn.com/soccer/team/fixtures/_/id/6079/season/2026
2026,Red Bull Bragantino,6079,2026-07-22,"Wed, Jul 22",TBD,Brazilian Serie A,Fluminense,3445,Red Bull Bragantino,6079,,,,agendado,,fora,401841153,https://www.espn.com/soccer/match/_/gameId/401841153/red-bull-bragantino-fluminense,ESPN,https://www.espn.com/soccer/team/fixtures/_/id/6079/season/2026
2026,Red Bull Bragantino,6079,2026-07-25,"Sat, Jul 25",TBD,Brazilian Serie A,Red Bull Bragantino,6079,Coritiba,3456,,,,agendado,,casa,401841163,https://www.espn.com/soccer/match/_/gameId/401841163/coritiba-red-bull-bragantino,ESPN,https://www.espn.com/soccer/team/fixtures/_/id/6079/season/2026
2026,Red Bull Bragantino,6079,2026-07-29,"Wed, Jul 29",TBD,Brazilian Serie A,Atlético-MG,7632,Red Bull Bragantino,6079,,,,agendado,,fora,401841168,https://www.espn.com/soccer/match/_/gameId/401841168/red-bull-bragantino-atletico-mg,ESPN,https://www.espn.com/soccer/team/fixtures/_/id/6079/season/2026
2026,Red Bull Bragantino,6079,2026-08-08,"Sat, Aug 8",TBD,Brazilian Serie A,Red Bull Bragantino,6079,Corinthians,874,,,,agendado,,casa,401841179,https://www.espn.com/soccer/match/_/gameId/401841179/corinthians-red-bull-bragantino,ESPN,https://www.espn.com/soccer/team/fixtures/_/id/6079/season/2026
2026,Red Bull Bragantino,6079,2026-08-15,"Sat, Aug 15",TBD,Brazilian Serie A,Athletico Paranaense,3458,Red Bull Bragantino,6079,,,,agendado,,fora,401841196,https://www.espn.com/soccer/match/_/gameId/401841196/red-bull-bragantino-athletico-paranaense,ESPN,https://www.espn.com/soccer/team/fixtures/_/id/6079/season/2026
2026,Red Bull Bragantino,6079,2026-08-22,"Sat, Aug 22",TBD,Brazilian Serie A,Red Bull Bragantino,6079,Grêmio,6273,,,,agendado,,casa,401841202,https://www.espn.com/soccer/match/_/gameId/401841202/gremio-red-bull-bragantino,ESPN,https://www.espn.com/soccer/team/fixtures/_/id/6079/season/2026
2026,Red Bull Bragantino,6079,2026-08-29,"Sat, Aug 29",TBD,Brazilian Serie A,São Paulo,2026,Red Bull Bragantino,6079,,,,agendado,,fora,401841209,https://www.espn.com/soccer/match/_/gameId/401841209/red-bull-bragantino-sao-paulo,ESPN,https://www.espn.com/soccer/team/fixtures/_/id/6079/season/2026
2026,Red Bull Bragantino,6079,2026-09-05,"Sat, Sep 5",TBD,Brazilian Serie A,Red Bull Bragantino,6079,Bahia,9967,,,,agendado,,casa,401841224,https://www.espn.com/soccer/match/_/gameId/401841224/bahia-red-bull-bragantino,ESPN,https://www.espn.com/soccer/team/fixtures/_/id/6079/season/2026
2026,Red Bull Bragantino,6079,2026-09-12,"Sat, Sep 12",TBD,Brazilian Serie A,Botafogo,6086,Red Bull Bragantino,6079,,,,agendado,,fora,401841229,https://www.espn.com/soccer/match/_/gameId/401841229/red-bull-bragantino-botafogo,ESPN,https://www.espn.com/soccer/team/fixtures/_/id/6079/season/2026
2026,Red Bull Bragantino,6079,2026-09-19,"Sat, Sep 19",TBD,Brazilian Serie A,Flamengo,819,Red Bull Bragantino,6079,,,,agendado,,fora,401841241,https://www.espn.com/soccer/match/_/gameId/401841241/red-bull-bragantino-flamengo,ESPN,https://www.espn.com/soccer/team/fixtures/_/id/6079/season/2026
2026,Red Bull Bragantino,6079,2026-10-07,"Wed, Oct 7",TBD,Brazilian Serie A,Red Bull Bragantino,6079,Mirassol,9169,,,,agendado,,casa,401841253,https://www.espn.com/soccer/match/_/gameId/401841253/mirassol-red-bull-bragantino,ESPN,https://www.espn.com/soccer/team/fixtures/_/id/6079/season/2026
2026,Red Bull Bragantino,6079,2026-10-10,"Sat, Oct 10",TBD,Brazilian Serie A,Red Bull Bragantino,6079,Cruzeiro,2022,,,,agendado,,casa,401841260,https://www.espn.com/soccer/match/_/gameId/401841260/cruzeiro-red-bull-bragantino,ESPN,https://www.espn.com/soccer/team/fixtures/_/id/6079/season/2026
2026,Red Bull Bragantino,6079,2026-10-17,"Sat, Oct 17",TBD,Brazilian Serie A,Remo,4936,Red Bull Bragantino,6079,,,,agendado,,fora,401841274,https://www.espn.com/soccer/match/_/gameId/401841274/red-bull-bragantino-remo,ESPN,https://www.espn.com/soccer/team/fixtures/_/id/6079/season/2026
2026,Red Bull Bragantino,6079,2026-10-24,"Sat, Oct 24",TBD,Brazilian Serie A,Palmeiras,2029,Red Bull Bragantino,6079,,,,agendado,,fora,401841283,https://www.espn.com/soccer/match/_/gameId/401841283/red-bull-bragantino-palmeiras,ESPN,https://www.espn.com/soccer/team/fixtures/_/id/6079/season/2026
2026,Red Bull Bragantino,6079,2026-10-28,"Wed, Oct 28",TBD,Brazilian Serie A,Red Bull Bragantino,6079,Chapecoense,9318,,,,agendado,,casa,401841291,https://www.espn.com/soccer/match/_/gameId/401841291/chapecoense-red-bull-bragantino,ESPN,https://www.espn.com/soccer/team/fixtures/_/id/6079/season/2026
2026,Red Bull Bragantino,6079,2026-11-04,"Wed, Nov 4",TBD,Brazilian Serie A,Red Bull Bragantino,6079,Santos,2674,,,,agendado,,casa,401841299,https://www.espn.com/soccer/match/_/gameId/401841299/santos-red-bull-bragantino,ESPN,https://www.espn.com/soccer/team/fixtures/_/id/6079/season/2026
2026,Red Bull Bragantino,6079,2026-11-18,"Wed, Nov 18",TBD,Brazilian Serie A,Vitória,3457,Red Bull Bragantino,6079,,,,agendado,,fora,401841317,https://www.espn.com/soccer/match/_/gameId/401841317/red-bull-bragantino-vitoria,ESPN,https://www.espn.com/soccer/team/fixtures/_/id/6079/season/2026
2026,Red Bull Bragantino,6079,2026-11-21,"Sat, Nov 21",TBD,Brazilian Serie A,Red Bull Bragantino,6079,Vasco da Gama,3454,,,,agendado,,casa,401841321,https://www.espn.com/soccer/match/_/gameId/401841321/vasco-da-gama-red-bull-bragantino,ESPN,https://www.espn.com/soccer/team/fixtures/_/id/6079/season/2026
2026,Red Bull Bragantino,6079,2026-11-28,"Sat, Nov 28",TBD,Brazilian Serie A,Internacional,1936,Red Bull Bragantino,6079,,,,agendado,,fora,401841331,https://www.espn.com/soccer/match/_/gameId/401841331/red-bull-bragantino-internacional,ESPN,https://www.espn.com/soccer/team/fixtures/_/id/6079/season/2026
2026,Red Bull Bragantino,6079,2026-12-02,"Wed, Dec 2",TBD,Brazilian Serie A,Red Bull Bragantino,6079,Fluminense,3445,,,,agendado,,casa,401841344,https://www.espn.com/soccer/match/_/gameId/401841344/fluminense-red-bull-bragantino,ESPN,https://www.espn.com/soccer/team/fixtures/_/id/6079/season/2026
2026,Remo,4936,2026-01-28,"Wed, Jan 28",,Brazilian Serie A,Vitória,3457,Remo,4936,2,0,2 - 0,FT,D,fora,401840812,https://www.espn.com/soccer/match/_/gameId/401840812/remo-vitoria,ESPN,https://www.espn.com/soccer/team/results/_/id/4936/season/2026
2026,Remo,4936,2026-02-04,"Wed, Feb 4",,Brazilian Serie A,Remo,4936,Mirassol,9169,2,2,2 - 2,FT,E,casa,401840985,https://www.espn.com/soccer/match/_/gameId/401840985/mirassol-remo,ESPN,https://www.espn.com/soccer/team/results/_/id/4936/season/2026
2026,Remo,4936,2026-02-11,"Wed, Feb 11",,Brazilian Serie A,Atlético-MG,7632,Remo,4936,3,3,3 - 3,FT,E,fora,401840990,https://www.espn.com/soccer/match/_/gameId/401840990/remo-atletico-mg,ESPN,https://www.espn.com/soccer/team/results/_/id/4936/season/2026
2026,Remo,4936,2026-02-25,"Wed, Feb 25",,Brazilian Serie A,Remo,4936,Internacional,1936,1,1,1 - 1,FT,E,casa,401841007,https://www.espn.com/soccer/match/_/gameId/401841007/internacional-remo,ESPN,https://www.espn.com/soccer/team/results/_/id/4936/season/2026
2026,Remo,4936,2026-03-12,"Thu, Mar 12",,Brazilian Serie A,Remo,4936,Fluminense,3445,0,2,0 - 2,FT,D,casa,401841009,https://www.espn.com/soccer/match/_/gameId/401841009/fluminense-remo,ESPN,https://www.espn.com/soccer/team/results/_/id/4936/season/2026
2026,Remo,4936,2026-03-15,"Sun, Mar 15",,Brazilian Serie A,Coritiba,3456,Remo,4936,1,0,1 - 0,FT,D,fora,401841024,https://www.espn.com/soccer/match/_/gameId/401841024/remo-coritiba,ESPN,https://www.espn.com/soccer/team/results/_/id/4936/season/2026
2026,Remo,4936,2026-03-19,"Thu, Mar 19",,Brazilian Serie A,Flamengo,819,Remo,4936,3,0,3 - 0,FT,D,fora,401841035,https://www.espn.com/soccer/match/_/gameId/401841035/remo-flamengo,ESPN,https://www.espn.com/soccer/team/results/_/id/4936/season/2026
2026,Remo,4936,2026-03-22,"Sun, Mar 22",,Brazilian Serie A,Remo,4936,Bahia,9967,4,1,4 - 1,FT,V,casa,401841041,https://www.espn.com/soccer/match/_/gameId/401841041/bahia-remo,ESPN,https://www.espn.com/soccer/team/results/_/id/4936/season/2026
2026,Remo,4936,2026-04-02,"Thu, Apr 2",,Brazilian Serie A,Santos,2674,Remo,4936,2,0,2 - 0,FT,D,fora,401841050,https://www.espn.com/soccer/match/_/gameId/401841050/remo-santos,ESPN,https://www.espn.com/soccer/team/results/_/id/4936/season/2026
2026,Remo,4936,2026-04-05,"Sun, Apr 5",,Brazilian Serie A,Grêmio,6273,Remo,4936,0,0,0 - 0,FT,E,fora,401841061,https://www.espn.com/soccer/match/_/gameId/401841061/remo-gremio,ESPN,https://www.espn.com/soccer/team/results/_/id/4936/season/2026
2026,Remo,4936,2026-04-11,"Sat, Apr 11",,Brazilian Serie A,Remo,4936,Vasco da Gama,3454,1,1,1 - 1,FT,E,casa,401841075,https://www.espn.com/soccer/match/_/gameId/401841075/vasco-da-gama-remo,ESPN,https://www.espn.com/soccer/team/results/_/id/4936/season/2026
2026,Remo,4936,2026-04-19,"Sun, Apr 19",,Brazilian Serie A,Red Bull Bragantino,6079,Remo,4936,4,2,4 - 2,FT,D,fora,401841083,https://www.espn.com/soccer/match/_/gameId/401841083/remo-red-bull-bragantino,ESPN,https://www.espn.com/soccer/team/results/_/id/4936/season/2026
2026,Remo,4936,2026-04-22,"Wed, Apr 22",,Copa do Brasil,Bahia,9967,Remo,4936,1,3,1 - 3 1st Leg,FT,V,fora,401866347,https://www.espn.com/soccer/match/_/gameId/401866347/remo-bahia,ESPN,https://www.espn.com/soccer/team/results/_/id/4936/season/2026
2026,Remo,4936,2026-04-25,"Sat, Apr 25",,Brazilian Serie A,Remo,4936,Cruzeiro,2022,0,1,0 - 1,FT,D,casa,401841093,https://www.espn.com/soccer/match/_/gameId/401841093/cruzeiro-remo,ESPN,https://www.espn.com/soccer/team/results/_/id/4936/season/2026
2026,Remo,4936,2026-05-02,"Sat, May 2",,Brazilian Serie A,Botafogo,6086,Remo,4936,1,2,1 - 2,FT,V,fora,401841107,https://www.espn.com/soccer/match/_/gameId/401841107/remo-botafogo,ESPN,https://www.espn.com/soccer/team/results/_/id/4936/season/2026
2026,Remo,4936,2026-05-10,"Sun, May 10",,Brazilian Serie A,Remo,4936,Palmeiras,2029,1,1,1 - 1,FT,E,casa,401841110,https://www.espn.com/soccer/match/_/gameId/401841110/palmeiras-remo,ESPN,https://www.espn.com/soccer/team/results/_/id/4936/season/2026
2026,Remo,4936,2026-05-13,"Wed, May 13",,Copa do Brasil,Remo,4936,Bahia,9967,2,1,2 - 1 2nd Leg · Remo wins 5-2 on aggregate,FT,V,casa,401866351,https://www.espn.com/soccer/match/_/gameId/401866351/bahia-remo,ESPN,https://www.espn.com/soccer/team/results/_/id/4936/season/2026
2026,Remo,4936,2026-05-17,"Sun, May 17",5:30 PM,Brazilian Serie A,Chapecoense,9318,Remo,4936,,,,agendado,,fora,401841122,https://www.espn.com/soccer/match/_/gameId/401841122/remo-chapecoense,ESPN,https://www.espn.com/soccer/team/fixtures/_/id/4936/season/2026
2026,Remo,4936,2026-05-24,"Sun, May 24",3:00 PM,Brazilian Serie A,Remo,4936,Athletico Paranaense,3458,,,,agendado,,casa,401841133,https://www.espn.com/soccer/match/_/gameId/401841133/athletico-paranaense-remo,ESPN,https://www.espn.com/soccer/team/fixtures/_/id/4936/season/2026
2026,Remo,4936,2026-05-30,"Sat, May 30",6:30 PM,Brazilian Serie A,Remo,4936,São Paulo,2026,,,,agendado,,casa,401841147,https://www.espn.com/soccer/match/_/gameId/401841147/sao-paulo-remo,ESPN,https://www.espn.com/soccer/team/fixtures/_/id/4936/season/2026
2026,Remo,4936,2026-07-22,"Wed, Jul 22",TBD,Brazilian Serie A,Corinthians,874,Remo,4936,,,,agendado,,fora,401841151,https://www.espn.com/soccer/match/_/gameId/401841151/remo-corinthians,ESPN,https://www.espn.com/soccer/team/fixtures/_/id/4936/season/2026
2026,Remo,4936,2026-07-25,"Sat, Jul 25",TBD,Brazilian Serie A,Remo,4936,Vitória,3457,,,,agendado,,casa,401841162,https://www.espn.com/soccer/match/_/gameId/401841162/vitoria-remo,ESPN,https://www.espn.com/soccer/team/fixtures/_/id/4936/season/2026
2026,Remo,4936,2026-07-29,"Wed, Jul 29",TBD,Brazilian Serie A,Mirassol,9169,Remo,4936,,,,agendado,,fora,401841170,https://www.espn.com/soccer/match/_/gameId/401841170/remo-mirassol,ESPN,https://www.espn.com/soccer/team/fixtures/_/id/4936/season/2026
2026,Remo,4936,2026-08-08,"Sat, Aug 8",TBD,Brazilian Serie A,Remo,4936,Atlético-MG,7632,,,,agendado,,casa,401841178,https://www.espn.com/soccer/match/_/gameId/401841178/atletico-mg-remo,ESPN,https://www.espn.com/soccer/team/fixtures/_/id/4936/season/2026
2026,Remo,4936,2026-08-15,"Sat, Aug 15",TBD,Brazilian Serie A,Internacional,1936,Remo,4936,,,,agendado,,fora,401841191,https://www.espn.com/soccer/match/_/gameId/401841191/remo-internacional,ESPN,https://www.espn.com/soccer/team/fixtures/_/id/4936/season/2026
2026,Remo,4936,2026-08-22,"Sat, Aug 22",TBD,Brazilian Serie A,Fluminense,3445,Remo,4936,,,,agendado,,fora,401841205,https://www.espn.com/soccer/match/_/gameId/401841205/remo-fluminense,ESPN,https://www.espn.com/soccer/team/fixtures/_/id/4936/season/2026
2026,Remo,4936,2026-08-29,"Sat, Aug 29",TBD,Brazilian Serie A,Remo,4936,Coritiba,3456,,,,agendado,,casa,401841210,https://www.espn.com/soccer/match/_/gameId/401841210/coritiba-remo,ESPN,https://www.espn.com/soccer/team/fixtures/_/id/4936/season/2026
2026,Remo,4936,2026-09-05,"Sat, Sep 5",TBD,Brazilian Serie A,Remo,4936,Flamengo,819,,,,agendado,,casa,401841225,https://www.espn.com/soccer/match/_/gameId/401841225/flamengo-remo,ESPN,https://www.espn.com/soccer/team/fixtures/_/id/4936/season/2026
2026,Remo,4936,2026-09-12,"Sat, Sep 12",TBD,Brazilian Serie A,Bahia,9967,Remo,4936,,,,agendado,,fora,401841230,https://www.espn.com/soccer/match/_/gameId/401841230/remo-bahia,ESPN,https://www.espn.com/soccer/team/fixtures/_/id/4936/season/2026
2026,Remo,4936,2026-09-19,"Sat, Sep 19",TBD,Brazilian Serie A,Remo,4936,Santos,2674,,,,agendado,,casa,401841244,https://www.espn.com/soccer/match/_/gameId/401841244/santos-remo,ESPN,https://www.espn.com/soccer/team/fixtures/_/id/4936/season/2026
2026,Remo,4936,2026-10-07,"Wed, Oct 7",TBD,Brazilian Serie A,Remo,4936,Grêmio,6273,,,,agendado,,casa,401841252,https://www.espn.com/soccer/match/_/gameId/401841252/gremio-remo,ESPN,https://www.espn.com/soccer/team/fixtures/_/id/4936/season/2026
2026,Remo,4936,2026-10-10,"Sat, Oct 10",TBD,Brazilian Serie A,Vasco da Gama,3454,Remo,4936,,,,agendado,,fora,401841262,https://www.espn.com/soccer/match/_/gameId/401841262/remo-vasco-da-gama,ESPN,https://www.espn.com/soccer/team/fixtures/_/id/4936/season/2026
2026,Remo,4936,2026-10-17,"Sat, Oct 17",TBD,Brazilian Serie A,Remo,4936,Red Bull Bragantino,6079,,,,agendado,,casa,401841274,https://www.espn.com/soccer/match/_/gameId/401841274/red-bull-bragantino-remo,ESPN,https://www.espn.com/soccer/team/fixtures/_/id/4936/season/2026
2026,Remo,4936,2026-10-24,"Sat, Oct 24",TBD,Brazilian Serie A,Cruzeiro,2022,Remo,4936,,,,agendado,,fora,401841287,https://www.espn.com/soccer/match/_/gameId/401841287/remo-cruzeiro,ESPN,https://www.espn.com/soccer/team/fixtures/_/id/4936/season/2026
2026,Remo,4936,2026-10-28,"Wed, Oct 28",TBD,Brazilian Serie A,Remo,4936,Botafogo,6086,,,,agendado,,casa,401841297,https://www.espn.com/soccer/match/_/gameId/401841297/botafogo-remo,ESPN,https://www.espn.com/soccer/team/fixtures/_/id/4936/season/2026
2026,Remo,4936,2026-11-04,"Wed, Nov 4",TBD,Brazilian Serie A,Palmeiras,2029,Remo,4936,,,,agendado,,fora,401841300,https://www.espn.com/soccer/match/_/gameId/401841300/remo-palmeiras,ESPN,https://www.espn.com/soccer/team/fixtures/_/id/4936/season/2026
2026,Remo,4936,2026-11-18,"Wed, Nov 18",TBD,Brazilian Serie A,Remo,4936,Chapecoense,9318,,,,agendado,,casa,401841310,https://www.espn.com/soccer/match/_/gameId/401841310/chapecoense-remo,ESPN,https://www.espn.com/soccer/team/fixtures/_/id/4936/season/2026
2026,Remo,4936,2026-11-21,"Sat, Nov 21",TBD,Brazilian Serie A,Athletico Paranaense,3458,Remo,4936,,,,agendado,,fora,401841318,https://www.espn.com/soccer/match/_/gameId/401841318/remo-athletico-paranaense,ESPN,https://www.espn.com/soccer/team/fixtures/_/id/4936/season/2026
2026,Remo,4936,2026-11-28,"Sat, Nov 28",TBD,Brazilian Serie A,São Paulo,2026,Remo,4936,,,,agendado,,fora,401841329,https://www.espn.com/soccer/match/_/gameId/401841329/remo-sao-paulo,ESPN,https://www.espn.com/soccer/team/fixtures/_/id/4936/season/2026
2026,Remo,4936,2026-12-02,"Wed, Dec 2",TBD,Brazilian Serie A,Remo,4936,Corinthians,874,,,,agendado,,casa,401841345,https://www.espn.com/soccer/match/_/gameId/401841345/corinthians-remo,ESPN,https://www.espn.com/soccer/team/fixtures/_/id/4936/season/2026
2026,Santos,2674,2026-01-10,"Sat, Jan 10",,Brazilian Campeonato Paulista,Santos,2674,Novorizontino,18127,2,1,2 - 1,FT,V,casa,762073,https://www.espn.com/soccer/match/_/gameId/762073/novorizontino-santos,ESPN,https://www.espn.com/soccer/team/results/_/id/2674/season/2026
2026,Santos,2674,2026-01-14,"Wed, Jan 14",,Brazilian Campeonato Paulista,Palmeiras,2029,Santos,2674,1,0,1 - 0,FT,D,fora,762079,https://www.espn.com/soccer/match/_/gameId/762079/santos-palmeiras,ESPN,https://www.espn.com/soccer/team/results/_/id/2674/season/2026
2026,Santos,2674,2026-01-18,"Sun, Jan 18",,Brazilian Campeonato Paulista,Guarani,3448,Santos,2674,1,1,1 - 1,FT,E,fora,762084,https://www.espn.com/soccer/match/_/gameId/762084/santos-guarani,ESPN,https://www.espn.com/soccer/team/results/_/id/2674/season/2026
2026,Santos,2674,2026-01-22,"Thu, Jan 22",,Brazilian Campeonato Paulista,Santos,2674,Corinthians,874,1,1,1 - 1,FT,E,casa,762097,https://www.espn.com/soccer/match/_/gameId/762097/corinthians-santos,ESPN,https://www.espn.com/soccer/team/results/_/id/2674/season/2026
2026,Santos,2674,2026-01-25,"Sun, Jan 25",,Brazilian Campeonato Paulista,Santos,2674,Red Bull Bragantino,6079,0,0,0 - 0,FT,E,casa,762105,https://www.espn.com/soccer/match/_/gameId/762105/red-bull-bragantino-santos,ESPN,https://www.espn.com/soccer/team/results/_/id/2674/season/2026
2026,Santos,2674,2026-01-28,"Wed, Jan 28",,Brazilian Serie A,Chapecoense,9318,Santos,2674,4,2,4 - 2,FT,D,fora,401840810,https://www.espn.com/soccer/match/_/gameId/401840810/santos-chapecoense,ESPN,https://www.espn.com/soccer/team/results/_/id/2674/season/2026
2026,Santos,2674,2026-01-31,"Sat, Jan 31",,Brazilian Campeonato Paulista,São Paulo,2026,Santos,2674,2,0,2 - 0,FT,D,fora,762112,https://www.espn.com/soccer/match/_/gameId/762112/santos-sao-paulo,ESPN,https://www.espn.com/soccer/team/results/_/id/2674/season/2026
2026,Santos,2674,2026-02-04,"Wed, Feb 4",,Brazilian Serie A,Santos,2674,São Paulo,2026,1,1,1 - 1,FT,E,casa,401840986,https://www.espn.com/soccer/match/_/gameId/401840986/sao-paulo-santos,ESPN,https://www.espn.com/soccer/team/results/_/id/2674/season/2026
2026,Santos,2674,2026-02-08,"Sun, Feb 8",,Brazilian Campeonato Paulista,EC Noroeste,22486,Santos,2674,1,2,1 - 2,FT,V,fora,762117,https://www.espn.com/soccer/match/_/gameId/762117/santos-ec-noroeste,ESPN,https://www.espn.com/soccer/team/results/_/id/2674/season/2026
2026,Santos,2674,2026-02-12,"Thu, Feb 12",,Brazilian Serie A,Athletico Paranaense,3458,Santos,2674,2,1,2 - 1,FT,D,fora,401840991,https://www.espn.com/soccer/match/_/gameId/401840991/santos-athletico-paranaense,ESPN,https://www.espn.com/soccer/team/results/_/id/2674/season/2026
2026,Santos,2674,2026-02-15,"Sun, Feb 15",,Brazilian Campeonato Paulista,Santos,2674,AE Velo Clube,22487,6,0,6 - 0,FT,V,casa,762126,https://www.espn.com/soccer/match/_/gameId/762126/ae-velo-clube-santos,ESPN,https://www.espn.com/soccer/team/results/_/id/2674/season/2026
2026,Santos,2674,2026-02-22,"Sun, Feb 22",,Brazilian Campeonato Paulista,Novorizontino,18127,Santos,2674,2,1,2 - 1,FT,D,fora,401861579,https://www.espn.com/soccer/match/_/gameId/401861579/santos-novorizontino,ESPN,https://www.espn.com/soccer/team/results/_/id/2674/season/2026
2026,Santos,2674,2026-02-26,"Thu, Feb 26",,Brazilian Serie A,Santos,2674,Vasco da Gama,3454,2,1,2 - 1,FT,V,casa,401841002,https://www.espn.com/soccer/match/_/gameId/401841002/vasco-da-gama-santos,ESPN,https://www.espn.com/soccer/team/results/_/id/2674/season/2026
2026,Santos,2674,2026-03-10,"Tue, Mar 10",,Brazilian Serie A,Mirassol,9169,Santos,2674,2,2,2 - 2,FT,E,fora,401841010,https://www.espn.com/soccer/match/_/gameId/401841010/santos-mirassol,ESPN,https://www.espn.com/soccer/team/results/_/id/2674/season/2026
2026,Santos,2674,2026-03-15,"Sun, Mar 15",,Brazilian Serie A,Santos,2674,Corinthians,874,1,1,1 - 1,FT,E,casa,401841018,https://www.espn.com/soccer/match/_/gameId/401841018/corinthians-santos,ESPN,https://www.espn.com/soccer/team/results/_/id/2674/season/2026
2026,Santos,2674,2026-03-18,"Wed, Mar 18",,Brazilian Serie A,Santos,2674,Internacional,1936,1,2,1 - 2,FT,D,casa,401841031,https://www.espn.com/soccer/match/_/gameId/401841031/internacional-santos,ESPN,https://www.espn.com/soccer/team/results/_/id/2674/season/2026
2026,Santos,2674,2026-03-22,"Sun, Mar 22",,Brazilian Serie A,Cruzeiro,2022,Santos,2674,0,0,0 - 0,FT,E,fora,401841045,https://www.espn.com/soccer/match/_/gameId/401841045/santos-cruzeiro,ESPN,https://www.espn.com/soccer/team/results/_/id/2674/season/2026
2026,Santos,2674,2026-04-02,"Thu, Apr 2",,Brazilian Serie A,Santos,2674,Remo,4936,2,0,2 - 0,FT,V,casa,401841050,https://www.espn.com/soccer/match/_/gameId/401841050/remo-santos,ESPN,https://www.espn.com/soccer/team/results/_/id/2674/season/2026
2026,Santos,2674,2026-04-05,"Sun, Apr 5",,Brazilian Serie A,Flamengo,819,Santos,2674,3,1,3 - 1,FT,D,fora,401841067,https://www.espn.com/soccer/match/_/gameId/401841067/santos-flamengo,ESPN,https://www.espn.com/soccer/team/results/_/id/2674/season/2026
2026,Santos,2674,2026-04-08,"Wed, Apr 8",,CONMEBOL Sudamericana,Deportivo Cuenca,4812,Santos,2674,1,0,1 - 0,FT,D,fora,401865386,https://www.espn.com/soccer/match/_/gameId/401865386/santos-deportivo-cuenca,ESPN,https://www.espn.com/soccer/team/results/_/id/2674/season/2026
2026,Santos,2674,2026-04-11,"Sat, Apr 11",,Brazilian Serie A,Santos,2674,Atlético-MG,7632,1,0,1 - 0,FT,V,casa,401841074,https://www.espn.com/soccer/match/_/gameId/401841074/atletico-mg-santos,ESPN,https://www.espn.com/soccer/team/results/_/id/2674/season/2026
2026,Santos,2674,2026-04-14,"Tue, Apr 14",,CONMEBOL Sudamericana,Santos,2674,Deportivo Recoleta,22517,1,1,1 - 1,FT,E,casa,401865396,https://www.espn.com/soccer/match/_/gameId/401865396/deportivo-recoleta-santos,ESPN,https://www.espn.com/soccer/team/results/_/id/2674/season/2026
2026,Santos,2674,2026-04-19,"Sun, Apr 19",,Brazilian Serie A,Santos,2674,Fluminense,3445,2,3,2 - 3,FT,D,casa,401841082,https://www.espn.com/soccer/match/_/gameId/401841082/fluminense-santos,ESPN,https://www.espn.com/soccer/team/results/_/id/2674/season/2026
2026,Santos,2674,2026-04-22,"Wed, Apr 22",,Copa do Brasil,Santos,2674,Coritiba,3456,0,0,0 - 0 1st Leg,FT,E,casa,401866336,https://www.espn.com/soccer/match/_/gameId/401866336/coritiba-santos,ESPN,https://www.espn.com/soccer/team/results/_/id/2674/season/2026
2026,Santos,2674,2026-04-25,"Sat, Apr 25",,Brazilian Serie A,Bahia,9967,Santos,2674,2,2,2 - 2,FT,E,fora,401841095,https://www.espn.com/soccer/match/_/gameId/401841095/santos-bahia,ESPN,https://www.espn.com/soccer/team/results/_/id/2674/season/2026
2026,Santos,2674,2026-04-28,"Tue, Apr 28",,CONMEBOL Sudamericana,San Lorenzo,18,Santos,2674,1,1,1 - 1,FT,E,fora,401865416,https://www.espn.com/soccer/match/_/gameId/401865416/santos-san-lorenzo,ESPN,https://www.espn.com/soccer/team/results/_/id/2674/season/2026
2026,Santos,2674,2026-05-02,"Sat, May 2",,Brazilian Serie A,Palmeiras,2029,Santos,2674,1,1,1 - 1,FT,E,fora,401841102,https://www.espn.com/soccer/match/_/gameId/401841102/santos-palmeiras,ESPN,https://www.espn.com/soccer/team/results/_/id/2674/season/2026
2026,Santos,2674,2026-05-05,"Tue, May 5",,CONMEBOL Sudamericana,Deportivo Recoleta,22517,Santos,2674,1,1,1 - 1,FT,E,fora,401865420,https://www.espn.com/soccer/match/_/gameId/401865420/santos-deportivo-recoleta,ESPN,https://www.espn.com/soccer/team/results/_/id/2674/season/2026
2026,Santos,2674,2026-05-10,"Sun, May 10",,Brazilian Serie A,Santos,2674,Red Bull Bragantino,6079,2,0,2 - 0,FT,V,casa,401841109,https://www.espn.com/soccer/match/_/gameId/401841109/red-bull-bragantino-santos,ESPN,https://www.espn.com/soccer/team/results/_/id/2674/season/2026
2026,Santos,2674,2026-05-13,"Wed, May 13",,Copa do Brasil,Coritiba,3456,Santos,2674,0,2,0 - 2 2nd Leg,FT,V,fora,401866358,https://www.espn.com/soccer/match/_/gameId/401866358/santos-coritiba,ESPN,https://www.espn.com/soccer/team/results/_/id/2674/season/2026
2026,Santos,2674,2026-05-17,"Sun, May 17",10:00 AM,Brazilian Serie A,Santos,2674,Coritiba,3456,,,,agendado,,casa,401841123,https://www.espn.com/soccer/match/_/gameId/401841123/coritiba-santos,ESPN,https://www.espn.com/soccer/team/fixtures/_/id/2674/season/2026
2026,Santos,2674,2026-05-20,"Wed, May 20",6:00 PM,CONMEBOL Sudamericana,Santos,2674,San Lorenzo,18,,,,agendado,,casa,401865444,https://www.espn.com/soccer/match/_/gameId/401865444/san-lorenzo-santos,ESPN,https://www.espn.com/soccer/team/fixtures/_/id/2674/season/2026
2026,Santos,2674,2026-05-23,"Sat, May 23",6:00 PM,Brazilian Serie A,Grêmio,6273,Santos,2674,,,,agendado,,fora,401841135,https://www.espn.com/soccer/match/_/gameId/401841135/santos-gremio,ESPN,https://www.espn.com/soccer/team/fixtures/_/id/2674/season/2026
2026,Santos,2674,2026-05-26,"Tue, May 26",8:30 PM,CONMEBOL Sudamericana,Santos,2674,Deportivo Cuenca,4812,,,,agendado,,casa,401865460,https://www.espn.com/soccer/match/_/gameId/401865460/deportivo-cuenca-santos,ESPN,https://www.espn.com/soccer/team/fixtures/_/id/2674/season/2026
2026,Santos,2674,2026-05-30,"Sat, May 30",8:00 PM,Brazilian Serie A,Santos,2674,Vitória,3457,,,,agendado,,casa,401841143,https://www.espn.com/soccer/match/_/gameId/401841143/vitoria-santos,ESPN,https://www.espn.com/soccer/team/fixtures/_/id/2674/season/2026
2026,Santos,2674,2026-07-22,"Wed, Jul 22",TBD,Brazilian Serie A,Botafogo,6086,Santos,2674,,,,agendado,,fora,401841149,https://www.espn.com/soccer/match/_/gameId/401841149/santos-botafogo,ESPN,https://www.espn.com/soccer/team/fixtures/_/id/2674/season/2026
2026,Santos,2674,2026-07-25,"Sat, Jul 25",TBD,Brazilian Serie A,Santos,2674,Chapecoense,9318,,,,agendado,,casa,401841161,https://www.espn.com/soccer/match/_/gameId/401841161/chapecoense-santos,ESPN,https://www.espn.com/soccer/team/fixtures/_/id/2674/season/2026
2026,Santos,2674,2026-07-29,"Wed, Jul 29",TBD,Brazilian Serie A,São Paulo,2026,Santos,2674,,,,agendado,,fora,401841169,https://www.espn.com/soccer/match/_/gameId/401841169/santos-sao-paulo,ESPN,https://www.espn.com/soccer/team/fixtures/_/id/2674/season/2026
2026,Santos,2674,2026-08-08,"Sat, Aug 8",TBD,Brazilian Serie A,Santos,2674,Athletico Paranaense,3458,,,,agendado,,casa,401841182,https://www.espn.com/soccer/match/_/gameId/401841182/athletico-paranaense-santos,ESPN,https://www.espn.com/soccer/team/fixtures/_/id/2674/season/2026
2026,Santos,2674,2026-08-15,"Sat, Aug 15",TBD,Brazilian Serie A,Vasco da Gama,3454,Santos,2674,,,,agendado,,fora,401841188,https://www.espn.com/soccer/match/_/gameId/401841188/santos-vasco-da-gama,ESPN,https://www.espn.com/soccer/team/fixtures/_/id/2674/season/2026
2026,Santos,2674,2026-08-22,"Sat, Aug 22",TBD,Brazilian Serie A,Santos,2674,Mirassol,9169,,,,agendado,,casa,401841201,https://www.espn.com/soccer/match/_/gameId/401841201/mirassol-santos,ESPN,https://www.espn.com/soccer/team/fixtures/_/id/2674/season/2026
2026,Santos,2674,2026-08-29,"Sat, Aug 29",TBD,Brazilian Serie A,Corinthians,874,Santos,2674,,,,agendado,,fora,401841214,https://www.espn.com/soccer/match/_/gameId/401841214/santos-corinthians,ESPN,https://www.espn.com/soccer/team/fixtures/_/id/2674/season/2026
2026,Santos,2674,2026-09-05,"Sat, Sep 5",TBD,Brazilian Serie A,Internacional,1936,Santos,2674,,,,agendado,,fora,401841223,https://www.espn.com/soccer/match/_/gameId/401841223/santos-internacional,ESPN,https://www.espn.com/soccer/team/fixtures/_/id/2674/season/2026
2026,Santos,2674,2026-09-12,"Sat, Sep 12",TBD,Brazilian Serie A,Santos,2674,Cruzeiro,2022,,,,agendado,,casa,401841233,https://www.espn.com/soccer/match/_/gameId/401841233/cruzeiro-santos,ESPN,https://www.espn.com/soccer/team/fixtures/_/id/2674/season/2026
2026,Santos,2674,2026-09-19,"Sat, Sep 19",TBD,Brazilian Serie A,Remo,4936,Santos,2674,,,,agendado,,fora,401841244,https://www.espn.com/soccer/match/_/gameId/401841244/santos-remo,ESPN,https://www.espn.com/soccer/team/fixtures/_/id/2674/season/2026
2026,Santos,2674,2026-10-07,"Wed, Oct 7",TBD,Brazilian Serie A,Santos,2674,Flamengo,819,,,,agendado,,casa,401841251,https://www.espn.com/soccer/match/_/gameId/401841251/flamengo-santos,ESPN,https://www.espn.com/soccer/team/fixtures/_/id/2674/season/2026
2026,Santos,2674,2026-10-10,"Sat, Oct 10",TBD,Brazilian Serie A,Atlético-MG,7632,Santos,2674,,,,agendado,,fora,401841258,https://www.espn.com/soccer/match/_/gameId/401841258/santos-atletico-mg,ESPN,https://www.espn.com/soccer/team/fixtures/_/id/2674/season/2026
2026,Santos,2674,2026-10-17,"Sat, Oct 17",TBD,Brazilian Serie A,Fluminense,3445,Santos,2674,,,,agendado,,fora,401841277,https://www.espn.com/soccer/match/_/gameId/401841277/santos-fluminense,ESPN,https://www.espn.com/soccer/team/fixtures/_/id/2674/season/2026
2026,Santos,2674,2026-10-24,"Sat, Oct 24",TBD,Brazilian Serie A,Santos,2674,Bahia,9967,,,,agendado,,casa,401841282,https://www.espn.com/soccer/match/_/gameId/401841282/bahia-santos,ESPN,https://www.espn.com/soccer/team/fixtures/_/id/2674/season/2026
2026,Santos,2674,2026-10-28,"Wed, Oct 28",TBD,Brazilian Serie A,Santos,2674,Palmeiras,2029,,,,agendado,,casa,401841293,https://www.espn.com/soccer/match/_/gameId/401841293/palmeiras-santos,ESPN,https://www.espn.com/soccer/team/fixtures/_/id/2674/season/2026
2026,Santos,2674,2026-11-04,"Wed, Nov 4",TBD,Brazilian Serie A,Red Bull Bragantino,6079,Santos,2674,,,,agendado,,fora,401841299,https://www.espn.com/soccer/match/_/gameId/401841299/santos-red-bull-bragantino,ESPN,https://www.espn.com/soccer/team/fixtures/_/id/2674/season/2026
2026,Santos,2674,2026-11-18,"Wed, Nov 18",TBD,Brazilian Serie A,Coritiba,3456,Santos,2674,,,,agendado,,fora,401841315,https://www.espn.com/soccer/match/_/gameId/401841315/santos-coritiba,ESPN,https://www.espn.com/soccer/team/fixtures/_/id/2674/season/2026
2026,Santos,2674,2026-11-21,"Sat, Nov 21",TBD,Brazilian Serie A,Santos,2674,Grêmio,6273,,,,agendado,,casa,401841320,https://www.espn.com/soccer/match/_/gameId/401841320/gremio-santos,ESPN,https://www.espn.com/soccer/team/fixtures/_/id/2674/season/2026
2026,Santos,2674,2026-11-28,"Sat, Nov 28",TBD,Brazilian Serie A,Vitória,3457,Santos,2674,,,,agendado,,fora,401841332,https://www.espn.com/soccer/match/_/gameId/401841332/santos-vitoria,ESPN,https://www.espn.com/soccer/team/fixtures/_/id/2674/season/2026
2026,Santos,2674,2026-12-02,"Wed, Dec 2",TBD,Brazilian Serie A,Santos,2674,Botafogo,6086,,,,agendado,,casa,401841346,https://www.espn.com/soccer/match/_/gameId/401841346/botafogo-santos,ESPN,https://www.espn.com/soccer/team/fixtures/_/id/2674/season/2026
2026,São Paulo,2026,2026-01-11,"Sun, Jan 11",,Brazilian Campeonato Paulista,Mirassol,9169,São Paulo,2026,3,0,3 - 0,FT,D,fora,762069,https://www.espn.com/soccer/match/_/gameId/762069/sao-paulo-mirassol,ESPN,https://www.espn.com/soccer/team/results/_/id/2026/season/2026
2026,São Paulo,2026,2026-01-15,"Thu, Jan 15",,Brazilian Campeonato Paulista,São Paulo,2026,São Bernardo,11268,1,0,1 - 0,FT,V,casa,762078,https://www.espn.com/soccer/match/_/gameId/762078/sao-bernardo-sao-paulo,ESPN,https://www.espn.com/soccer/team/results/_/id/2026/season/2026
2026,São Paulo,2026,2026-01-18,"Sun, Jan 18",,Brazilian Campeonato Paulista,Corinthians,874,São Paulo,2026,1,1,1 - 1,FT,E,fora,762085,https://www.espn.com/soccer/match/_/gameId/762085/sao-paulo-corinthians,ESPN,https://www.espn.com/soccer/team/results/_/id/2026/season/2026
2026,São Paulo,2026,2026-01-21,"Wed, Jan 21",,Brazilian Campeonato Paulista,São Paulo,2026,Portuguesa,4773,2,3,2 - 3,FT,D,casa,762098,https://www.espn.com/soccer/match/_/gameId/762098/portuguesa-sao-paulo,ESPN,https://www.espn.com/soccer/team/results/_/id/2026/season/2026
2026,São Paulo,2026,2026-01-24,"Sat, Jan 24",,Brazilian Campeonato Paulista,Palmeiras,2029,São Paulo,2026,3,1,3 - 1,FT,D,fora,762102,https://www.espn.com/soccer/match/_/gameId/762102/sao-paulo-palmeiras,ESPN,https://www.espn.com/soccer/team/results/_/id/2026/season/2026
2026,São Paulo,2026,2026-01-28,"Wed, Jan 28",,Brazilian Serie A,São Paulo,2026,Flamengo,819,2,1,2 - 1,FT,V,casa,401840976,https://www.espn.com/soccer/match/_/gameId/401840976/flamengo-sao-paulo,ESPN,https://www.espn.com/soccer/team/results/_/id/2026/season/2026
2026,São Paulo,2026,2026-01-31,"Sat, Jan 31",,Brazilian Campeonato Paulista,São Paulo,2026,Santos,2674,2,0,2 - 0,FT,V,casa,762112,https://www.espn.com/soccer/match/_/gameId/762112/santos-sao-paulo,ESPN,https://www.espn.com/soccer/team/results/_/id/2026/season/2026
2026,São Paulo,2026,2026-02-04,"Wed, Feb 4",,Brazilian Serie A,Santos,2674,São Paulo,2026,1,1,1 - 1,FT,E,fora,401840986,https://www.espn.com/soccer/match/_/gameId/401840986/sao-paulo-santos,ESPN,https://www.espn.com/soccer/team/results/_/id/2026/season/2026
2026,São Paulo,2026,2026-02-07,"Sat, Feb 7",,Brazilian Campeonato Paulista,São Paulo,2026,Primavera SP,131564,2,1,2 - 1,FT,V,casa,762115,https://www.espn.com/soccer/match/_/gameId/762115/primavera-sp-sao-paulo,ESPN,https://www.espn.com/soccer/team/results/_/id/2026/season/2026
2026,São Paulo,2026,2026-02-11,"Wed, Feb 11",,Brazilian Serie A,São Paulo,2026,Grêmio,6273,2,0,2 - 0,FT,V,casa,401840995,https://www.espn.com/soccer/match/_/gameId/401840995/gremio-sao-paulo,ESPN,https://www.espn.com/soccer/team/results/_/id/2026/season/2026
2026,São Paulo,2026,2026-02-15,"Sun, Feb 15",,Brazilian Campeonato Paulista,Ponte Preta,3459,São Paulo,2026,1,2,1 - 2,FT,V,fora,762124,https://www.espn.com/soccer/match/_/gameId/762124/sao-paulo-ponte-preta,ESPN,https://www.espn.com/soccer/team/results/_/id/2026/season/2026
2026,São Paulo,2026,2026-02-21,"Sat, Feb 21",,Brazilian Campeonato Paulista,Red Bull Bragantino,6079,São Paulo,2026,1,2,1 - 2,FT,V,fora,401861580,https://www.espn.com/soccer/match/_/gameId/401861580/sao-paulo-red-bull-bragantino,ESPN,https://www.espn.com/soccer/team/results/_/id/2026/season/2026
2026,São Paulo,2026,2026-02-25,"Wed, Feb 25",,Brazilian Serie A,Coritiba,3456,São Paulo,2026,0,1,0 - 1,FT,V,fora,401841000,https://www.espn.com/soccer/match/_/gameId/401841000/sao-paulo-coritiba,ESPN,https://www.espn.com/soccer/team/results/_/id/2026/season/2026
2026,São Paulo,2026,2026-03-01,"Sun, Mar 1",,Brazilian Campeonato Paulista,Palmeiras,2029,São Paulo,2026,2,1,2 - 1,FT,D,fora,401862317,https://www.espn.com/soccer/match/_/gameId/401862317/sao-paulo-palmeiras,ESPN,https://www.espn.com/soccer/team/results/_/id/2026/season/2026
2026,São Paulo,2026,2026-03-12,"Thu, Mar 12",,Brazilian Serie A,São Paulo,2026,Chapecoense,9318,2,0,2 - 0,FT,V,casa,401841008,https://www.espn.com/soccer/match/_/gameId/401841008/chapecoense-sao-paulo,ESPN,https://www.espn.com/soccer/team/results/_/id/2026/season/2026
2026,São Paulo,2026,2026-03-15,"Sun, Mar 15",,Brazilian Serie A,Red Bull Bragantino,6079,São Paulo,2026,1,2,1 - 2,FT,V,fora,401841019,https://www.espn.com/soccer/match/_/gameId/401841019/sao-paulo-red-bull-bragantino,ESPN,https://www.espn.com/soccer/team/results/_/id/2026/season/2026
2026,São Paulo,2026,2026-03-18,"Wed, Mar 18",,Brazilian Serie A,Atlético-MG,7632,São Paulo,2026,1,0,1 - 0,FT,D,fora,401841029,https://www.espn.com/soccer/match/_/gameId/401841029/sao-paulo-atletico-mg,ESPN,https://www.espn.com/soccer/team/results/_/id/2026/season/2026
2026,São Paulo,2026,2026-03-21,"Sat, Mar 21",,Brazilian Serie A,São Paulo,2026,Palmeiras,2029,0,1,0 - 1,FT,D,casa,401841040,https://www.espn.com/soccer/match/_/gameId/401841040/palmeiras-sao-paulo,ESPN,https://www.espn.com/soccer/team/results/_/id/2026/season/2026
2026,São Paulo,2026,2026-04-01,"Wed, Apr 1",,Brazilian Serie A,Internacional,1936,São Paulo,2026,1,1,1 - 1,FT,E,fora,401841053,https://www.espn.com/soccer/match/_/gameId/401841053/sao-paulo-internacional,ESPN,https://www.espn.com/soccer/team/results/_/id/2026/season/2026
2026,São Paulo,2026,2026-04-04,"Sat, Apr 4",,Brazilian Serie A,São Paulo,2026,Cruzeiro,2022,4,1,4 - 1,FT,V,casa,401841059,https://www.espn.com/soccer/match/_/gameId/401841059/cruzeiro-sao-paulo,ESPN,https://www.espn.com/soccer/team/results/_/id/2026/season/2026
2026,São Paulo,2026,2026-04-07,"Tue, Apr 7",,CONMEBOL Sudamericana,Boston River,9999,São Paulo,2026,0,1,0 - 1,FT,V,fora,401865372,https://www.espn.com/soccer/match/_/gameId/401865372/sao-paulo-boston-river,ESPN,https://www.espn.com/soccer/team/results/_/id/2026/season/2026
2026,São Paulo,2026,2026-04-11,"Sat, Apr 11",,Brazilian Serie A,Vitória,3457,São Paulo,2026,2,0,2 - 0,FT,D,fora,401841073,https://www.espn.com/soccer/match/_/gameId/401841073/sao-paulo-vitoria,ESPN,https://www.espn.com/soccer/team/results/_/id/2026/season/2026
2026,São Paulo,2026,2026-04-14,"Tue, Apr 14",,CONMEBOL Sudamericana,São Paulo,2026,O'Higgins,6072,2,0,2 - 0,FT,V,casa,401865395,https://www.espn.com/soccer/match/_/gameId/401865395/ohiggins-sao-paulo,ESPN,https://www.espn.com/soccer/team/results/_/id/2026/season/2026
2026,São Paulo,2026,2026-04-18,"Sat, Apr 18",,Brazilian Serie A,Vasco da Gama,3454,São Paulo,2026,2,1,2 - 1,FT,D,fora,401841081,https://www.espn.com/soccer/match/_/gameId/401841081/sao-paulo-vasco-da-gama,ESPN,https://www.espn.com/soccer/team/results/_/id/2026/season/2026
2026,São Paulo,2026,2026-04-21,"Tue, Apr 21",,Copa do Brasil,São Paulo,2026,Juventude,6270,1,0,1 - 0 1st Leg,FT,V,casa,401866335,https://www.espn.com/soccer/match/_/gameId/401866335/juventude-sao-paulo,ESPN,https://www.espn.com/soccer/team/results/_/id/2026/season/2026
2026,São Paulo,2026,2026-04-25,"Sat, Apr 25",,Brazilian Serie A,São Paulo,2026,Mirassol,9169,1,0,1 - 0,FT,V,casa,401841092,https://www.espn.com/soccer/match/_/gameId/401841092/mirassol-sao-paulo,ESPN,https://www.espn.com/soccer/team/results/_/id/2026/season/2026
2026,São Paulo,2026,2026-04-28,"Tue, Apr 28",,CONMEBOL Sudamericana,Millonarios,5484,São Paulo,2026,0,0,0 - 0,FT,E,fora,401865411,https://www.espn.com/soccer/match/_/gameId/401865411/sao-paulo-millonarios,ESPN,https://www.espn.com/soccer/team/results/_/id/2026/season/2026
2026,São Paulo,2026,2026-05-03,"Sun, May 3",,Brazilian Serie A,São Paulo,2026,Bahia,9967,2,2,2 - 2,FT,E,casa,401841101,https://www.espn.com/soccer/match/_/gameId/401841101/bahia-sao-paulo,ESPN,https://www.espn.com/soccer/team/results/_/id/2026/season/2026
2026,São Paulo,2026,2026-05-07,"Thu, May 7",,CONMEBOL Sudamericana,O'Higgins,6072,São Paulo,2026,0,0,0 - 0,FT,E,fora,401865433,https://www.espn.com/soccer/match/_/gameId/401865433/sao-paulo-ohiggins,ESPN,https://www.espn.com/soccer/team/results/_/id/2026/season/2026
2026,São Paulo,2026,2026-05-10,"Sun, May 10",,Brazilian Serie A,Corinthians,874,São Paulo,2026,3,2,3 - 2,FT,D,fora,401841115,https://www.espn.com/soccer/match/_/gameId/401841115/sao-paulo-corinthians,ESPN,https://www.espn.com/soccer/team/results/_/id/2026/season/2026
2026,São Paulo,2026,2026-05-13,"Wed, May 13",,Copa do Brasil,Juventude,6270,São Paulo,2026,3,1,3 - 1 2nd Leg · Juventude wins 3-2 on aggregate,FT,D,fora,401866353,https://www.espn.com/soccer/match/_/gameId/401866353/sao-paulo-juventude,ESPN,https://www.espn.com/soccer/team/results/_/id/2026/season/2026
2026,São Paulo,2026,2026-05-16,"Sat, May 16",6:00 PM,Brazilian Serie A,Fluminense,3445,São Paulo,2026,,,,agendado,,fora,401841127,https://www.espn.com/soccer/match/_/gameId/401841127/sao-paulo-fluminense,ESPN,https://www.espn.com/soccer/team/fixtures/_/id/2026/season/2026
2026,São Paulo,2026,2026-05-19,"Tue, May 19",8:30 PM,CONMEBOL Sudamericana,São Paulo,2026,Millonarios,5484,,,,agendado,,casa,401865443,https://www.espn.com/soccer/match/_/gameId/401865443/millonarios-sao-paulo,ESPN,https://www.espn.com/soccer/team/fixtures/_/id/2026/season/2026
2026,São Paulo,2026,2026-05-23,"Sat, May 23",4:00 PM,Brazilian Serie A,São Paulo,2026,Botafogo,6086,,,,agendado,,casa,401841132,https://www.espn.com/soccer/match/_/gameId/401841132/botafogo-sao-paulo,ESPN,https://www.espn.com/soccer/team/fixtures/_/id/2026/season/2026
2026,São Paulo,2026,2026-05-26,"Tue, May 26",6:00 PM,CONMEBOL Sudamericana,São Paulo,2026,Boston River,9999,,,,agendado,,casa,401865459,https://www.espn.com/soccer/match/_/gameId/401865459/boston-river-sao-paulo,ESPN,https://www.espn.com/soccer/team/fixtures/_/id/2026/season/2026
2026,São Paulo,2026,2026-05-30,"Sat, May 30",6:30 PM,Brazilian Serie A,Remo,4936,São Paulo,2026,,,,agendado,,fora,401841147,https://www.espn.com/soccer/match/_/gameId/401841147/sao-paulo-remo,ESPN,https://www.espn.com/soccer/team/fixtures/_/id/2026/season/2026
2026,São Paulo,2026,2026-07-22,"Wed, Jul 22",TBD,Brazilian Serie A,São Paulo,2026,Athletico Paranaense,3458,,,,agendado,,casa,401841156,https://www.espn.com/soccer/match/_/gameId/401841156/athletico-paranaense-sao-paulo,ESPN,https://www.espn.com/soccer/team/fixtures/_/id/2026/season/2026
2026,São Paulo,2026,2026-07-25,"Sat, Jul 25",TBD,Brazilian Serie A,Flamengo,819,São Paulo,2026,,,,agendado,,fora,401841166,https://www.espn.com/soccer/match/_/gameId/401841166/sao-paulo-flamengo,ESPN,https://www.espn.com/soccer/team/fixtures/_/id/2026/season/2026
2026,São Paulo,2026,2026-07-29,"Wed, Jul 29",TBD,Brazilian Serie A,São Paulo,2026,Santos,2674,,,,agendado,,casa,401841169,https://www.espn.com/soccer/match/_/gameId/401841169/santos-sao-paulo,ESPN,https://www.espn.com/soccer/team/fixtures/_/id/2026/season/2026
2026,São Paulo,2026,2026-08-08,"Sat, Aug 8",TBD,Brazilian Serie A,Grêmio,6273,São Paulo,2026,,,,agendado,,fora,401841181,https://www.espn.com/soccer/match/_/gameId/401841181/sao-paulo-gremio,ESPN,https://www.espn.com/soccer/team/fixtures/_/id/2026/season/2026
2026,São Paulo,2026,2026-08-15,"Sat, Aug 15",TBD,Brazilian Serie A,São Paulo,2026,Coritiba,3456,,,,agendado,,casa,401841189,https://www.espn.com/soccer/match/_/gameId/401841189/coritiba-sao-paulo,ESPN,https://www.espn.com/soccer/team/fixtures/_/id/2026/season/2026
2026,São Paulo,2026,2026-08-22,"Sat, Aug 22",TBD,Brazilian Serie A,Chapecoense,9318,São Paulo,2026,,,,agendado,,fora,401841199,https://www.espn.com/soccer/match/_/gameId/401841199/sao-paulo-chapecoense,ESPN,https://www.espn.com/soccer/team/fixtures/_/id/2026/season/2026
2026,São Paulo,2026,2026-08-29,"Sat, Aug 29",TBD,Brazilian Serie A,São Paulo,2026,Red Bull Bragantino,6079,,,,agendado,,casa,401841209,https://www.espn.com/soccer/match/_/gameId/401841209/red-bull-bragantino-sao-paulo,ESPN,https://www.espn.com/soccer/team/fixtures/_/id/2026/season/2026
2026,São Paulo,2026,2026-09-05,"Sat, Sep 5",TBD,Brazilian Serie A,São Paulo,2026,Atlético-MG,7632,,,,agendado,,casa,401841226,https://www.espn.com/soccer/match/_/gameId/401841226/atletico-mg-sao-paulo,ESPN,https://www.espn.com/soccer/team/fixtures/_/id/2026/season/2026
2026,São Paulo,2026,2026-09-12,"Sat, Sep 12",TBD,Brazilian Serie A,Palmeiras,2029,São Paulo,2026,,,,agendado,,fora,401841234,https://www.espn.com/soccer/match/_/gameId/401841234/sao-paulo-palmeiras,ESPN,https://www.espn.com/soccer/team/fixtures/_/id/2026/season/2026
2026,São Paulo,2026,2026-09-19,"Sat, Sep 19",TBD,Brazilian Serie A,São Paulo,2026,Internacional,1936,,,,agendado,,casa,401841243,https://www.espn.com/soccer/match/_/gameId/401841243/internacional-sao-paulo,ESPN,https://www.espn.com/soccer/team/fixtures/_/id/2026/season/2026
2026,São Paulo,2026,2026-10-07,"Wed, Oct 7",TBD,Brazilian Serie A,Cruzeiro,2022,São Paulo,2026,,,,agendado,,fora,401841249,https://www.espn.com/soccer/match/_/gameId/401841249/sao-paulo-cruzeiro,ESPN,https://www.espn.com/soccer/team/fixtures/_/id/2026/season/2026
2026,São Paulo,2026,2026-10-10,"Sat, Oct 10",TBD,Brazilian Serie A,São Paulo,2026,Vitória,3457,,,,agendado,,casa,401841259,https://www.espn.com/soccer/match/_/gameId/401841259/vitoria-sao-paulo,ESPN,https://www.espn.com/soccer/team/fixtures/_/id/2026/season/2026
2026,São Paulo,2026,2026-10-17,"Sat, Oct 17",TBD,Brazilian Serie A,São Paulo,2026,Vasco da Gama,3454,,,,agendado,,casa,401841273,https://www.espn.com/soccer/match/_/gameId/401841273/vasco-da-gama-sao-paulo,ESPN,https://www.espn.com/soccer/team/fixtures/_/id/2026/season/2026
2026,São Paulo,2026,2026-10-24,"Sat, Oct 24",TBD,Brazilian Serie A,Mirassol,9169,São Paulo,2026,,,,agendado,,fora,401841284,https://www.espn.com/soccer/match/_/gameId/401841284/sao-paulo-mirassol,ESPN,https://www.espn.com/soccer/team/fixtures/_/id/2026/season/2026
2026,São Paulo,2026,2026-10-28,"Wed, Oct 28",TBD,Brazilian Serie A,Bahia,9967,São Paulo,2026,,,,agendado,,fora,401841296,https://www.espn.com/soccer/match/_/gameId/401841296/sao-paulo-bahia,ESPN,https://www.espn.com/soccer/team/fixtures/_/id/2026/season/2026
2026,São Paulo,2026,2026-11-04,"Wed, Nov 4",TBD,Brazilian Serie A,São Paulo,2026,Corinthians,874,,,,agendado,,casa,401841298,https://www.espn.com/soccer/match/_/gameId/401841298/corinthians-sao-paulo,ESPN,https://www.espn.com/soccer/team/fixtures/_/id/2026/season/2026
2026,São Paulo,2026,2026-11-18,"Wed, Nov 18",TBD,Brazilian Serie A,São Paulo,2026,Fluminense,3445,,,,agendado,,casa,401841309,https://www.espn.com/soccer/match/_/gameId/401841309/fluminense-sao-paulo,ESPN,https://www.espn.com/soccer/team/fixtures/_/id/2026/season/2026
2026,São Paulo,2026,2026-11-21,"Sat, Nov 21",TBD,Brazilian Serie A,Botafogo,6086,São Paulo,2026,,,,agendado,,fora,401841326,https://www.espn.com/soccer/match/_/gameId/401841326/sao-paulo-botafogo,ESPN,https://www.espn.com/soccer/team/fixtures/_/id/2026/season/2026
2026,São Paulo,2026,2026-11-28,"Sat, Nov 28",TBD,Brazilian Serie A,São Paulo,2026,Remo,4936,,,,agendado,,casa,401841329,https://www.espn.com/soccer/match/_/gameId/401841329/remo-sao-paulo,ESPN,https://www.espn.com/soccer/team/fixtures/_/id/2026/season/2026
2026,São Paulo,2026,2026-12-02,"Wed, Dec 2",TBD,Brazilian Serie A,Athletico Paranaense,3458,São Paulo,2026,,,,agendado,,fora,401841338,https://www.espn.com/soccer/match/_/gameId/401841338/sao-paulo-athletico-paranaense,ESPN,https://www.espn.com/soccer/team/fixtures/_/id/2026/season/2026
2026,Vasco da Gama,3454,2026-01-15,"Thu, Jan 15",,Brazilian Campeonato Carioca,Vasco da Gama,3454,Maricá,21387,4,2,4 - 2,FT,V,casa,751643,https://www.espn.com/soccer/match/_/gameId/751643/marica-vasco-da-gama,ESPN,https://www.espn.com/soccer/team/results/_/id/3454/season/2026
2026,Vasco da Gama,3454,2026-01-18,"Sun, Jan 18",,Brazilian Campeonato Carioca,Vasco da Gama,3454,Nova Iguaçu,6087,0,0,0 - 0,FT,E,casa,751649,https://www.espn.com/soccer/match/_/gameId/751649/nova-iguacu-vasco-da-gama,ESPN,https://www.espn.com/soccer/team/results/_/id/3454/season/2026
2026,Vasco da Gama,3454,2026-01-21,"Wed, Jan 21",,Brazilian Campeonato Carioca,Flamengo,819,Vasco da Gama,3454,1,0,1 - 0,FT,D,fora,751653,https://www.espn.com/soccer/match/_/gameId/751653/vasco-da-gama-flamengo,ESPN,https://www.espn.com/soccer/team/results/_/id/3454/season/2026
2026,Vasco da Gama,3454,2026-01-25,"Sun, Jan 25",,Brazilian Campeonato Carioca,Boavista,900,Vasco da Gama,3454,0,3,0 - 3,FT,V,fora,751657,https://www.espn.com/soccer/match/_/gameId/751657/vasco-da-gama-boavista,ESPN,https://www.espn.com/soccer/team/results/_/id/3454/season/2026
2026,Vasco da Gama,3454,2026-01-29,"Thu, Jan 29",,Brazilian Serie A,Mirassol,9169,Vasco da Gama,3454,2,1,2 - 1,FT,D,fora,401840975,https://www.espn.com/soccer/match/_/gameId/401840975/vasco-da-gama-mirassol,ESPN,https://www.espn.com/soccer/team/results/_/id/3454/season/2026
2026,Vasco da Gama,3454,2026-02-02,"Mon, Feb 2",,Brazilian Campeonato Carioca,Madureira,4786,Vasco da Gama,3454,0,0,0 - 0,FT,E,fora,751665,https://www.espn.com/soccer/match/_/gameId/751665/vasco-da-gama-madureira,ESPN,https://www.espn.com/soccer/team/results/_/id/3454/season/2026
2026,Vasco da Gama,3454,2026-02-05,"Thu, Feb 5",,Brazilian Serie A,Vasco da Gama,3454,Chapecoense,9318,1,1,1 - 1,FT,E,casa,401840982,https://www.espn.com/soccer/match/_/gameId/401840982/chapecoense-vasco-da-gama,ESPN,https://www.espn.com/soccer/team/results/_/id/3454/season/2026
2026,Vasco da Gama,3454,2026-02-08,"Sun, Feb 8",,Brazilian Campeonato Carioca,Vasco da Gama,3454,Botafogo,6086,2,0,2 - 0,FT,V,casa,751673,https://www.espn.com/soccer/match/_/gameId/751673/botafogo-vasco-da-gama,ESPN,https://www.espn.com/soccer/team/results/_/id/3454/season/2026
2026,Vasco da Gama,3454,2026-02-11,"Wed, Feb 11",,Brazilian Serie A,Vasco da Gama,3454,Bahia,9967,0,1,0 - 1,FT,D,casa,401840994,https://www.espn.com/soccer/match/_/gameId/401840994/bahia-vasco-da-gama,ESPN,https://www.espn.com/soccer/team/results/_/id/3454/season/2026
2026,Vasco da Gama,3454,2026-02-14,"Sat, Feb 14",,Brazilian Campeonato Carioca,Vasco da Gama,3454,Volta Redonda,4806,1,1,1 - 1 Vasco da Gama wins 5-3 on Penalty Kicks,FT-Pens,E,casa,401860540,https://www.espn.com/soccer/match/_/gameId/401860540/volta-redonda-vasco-da-gama,ESPN,https://www.espn.com/soccer/team/results/_/id/3454/season/2026
2026,Vasco da Gama,3454,2026-02-22,"Sun, Feb 22",,Brazilian Campeonato Carioca,Vasco da Gama,3454,Fluminense,3445,0,1,0 - 1 1st Leg,FT,D,casa,401861655,https://www.espn.com/soccer/match/_/gameId/401861655/fluminense-vasco-da-gama,ESPN,https://www.espn.com/soccer/team/results/_/id/3454/season/2026
2026,Vasco da Gama,3454,2026-02-26,"Thu, Feb 26",,Brazilian Serie A,Santos,2674,Vasco da Gama,3454,2,1,2 - 1,FT,D,fora,401841002,https://www.espn.com/soccer/match/_/gameId/401841002/vasco-da-gama-santos,ESPN,https://www.espn.com/soccer/team/results/_/id/3454/season/2026
2026,Vasco da Gama,3454,2026-03-01,"Sun, Mar 1",,Brazilian Campeonato Carioca,Fluminense,3445,Vasco da Gama,3454,1,1,1 - 1 2nd Leg · Fluminense wins 2-1 on aggregate,FT,E,fora,401861658,https://www.espn.com/soccer/match/_/gameId/401861658/vasco-da-gama-fluminense,ESPN,https://www.espn.com/soccer/team/results/_/id/3454/season/2026
2026,Vasco da Gama,3454,2026-03-12,"Thu, Mar 12",,Brazilian Serie A,Vasco da Gama,3454,Palmeiras,2029,2,1,2 - 1,FT,V,casa,401841012,https://www.espn.com/soccer/match/_/gameId/401841012/palmeiras-vasco-da-gama,ESPN,https://www.espn.com/soccer/team/results/_/id/3454/season/2026
2026,Vasco da Gama,3454,2026-03-15,"Sun, Mar 15",,Brazilian Serie A,Cruzeiro,2022,Vasco da Gama,3454,3,3,3 - 3,FT,E,fora,401841023,https://www.espn.com/soccer/match/_/gameId/401841023/vasco-da-gama-cruzeiro,ESPN,https://www.espn.com/soccer/team/results/_/id/3454/season/2026
2026,Vasco da Gama,3454,2026-03-18,"Wed, Mar 18",,Brazilian Serie A,Vasco da Gama,3454,Fluminense,3445,3,2,3 - 2,FT,V,casa,401841030,https://www.espn.com/soccer/match/_/gameId/401841030/fluminense-vasco-da-gama,ESPN,https://www.espn.com/soccer/team/results/_/id/3454/season/2026
2026,Vasco da Gama,3454,2026-03-22,"Sun, Mar 22",,Brazilian Serie A,Vasco da Gama,3454,Grêmio,6273,2,1,2 - 1,FT,V,casa,401841039,https://www.espn.com/soccer/match/_/gameId/401841039/gremio-vasco-da-gama,ESPN,https://www.espn.com/soccer/team/results/_/id/3454/season/2026
2026,Vasco da Gama,3454,2026-04-01,"Wed, Apr 1",,Brazilian Serie A,Coritiba,3456,Vasco da Gama,3454,1,1,1 - 1,FT,E,fora,401841048,https://www.espn.com/soccer/match/_/gameId/401841048/vasco-da-gama-coritiba,ESPN,https://www.espn.com/soccer/team/results/_/id/3454/season/2026
2026,Vasco da Gama,3454,2026-04-04,"Sat, Apr 4",,Brazilian Serie A,Vasco da Gama,3454,Botafogo,6086,1,2,1 - 2,FT,D,casa,401841062,https://www.espn.com/soccer/match/_/gameId/401841062/botafogo-vasco-da-gama,ESPN,https://www.espn.com/soccer/team/results/_/id/3454/season/2026
2026,Vasco da Gama,3454,2026-04-07,"Tue, Apr 7",,CONMEBOL Sudamericana,Barracas Central,10060,Vasco da Gama,3454,0,0,0 - 0,FT,E,fora,401865374,https://www.espn.com/soccer/match/_/gameId/401865374/vasco-da-gama-barracas-central,ESPN,https://www.espn.com/soccer/team/results/_/id/3454/season/2026
2026,Vasco da Gama,3454,2026-04-11,"Sat, Apr 11",,Brazilian Serie A,Remo,4936,Vasco da Gama,3454,1,1,1 - 1,FT,E,fora,401841075,https://www.espn.com/soccer/match/_/gameId/401841075/vasco-da-gama-remo,ESPN,https://www.espn.com/soccer/team/results/_/id/3454/season/2026
2026,Vasco da Gama,3454,2026-04-14,"Tue, Apr 14",,CONMEBOL Sudamericana,Vasco da Gama,3454,Audax Italiano,4138,1,2,1 - 2,FT,D,casa,401865388,https://www.espn.com/soccer/match/_/gameId/401865388/audax-italiano-vasco-da-gama,ESPN,https://www.espn.com/soccer/team/results/_/id/3454/season/2026
2026,Vasco da Gama,3454,2026-04-18,"Sat, Apr 18",,Brazilian Serie A,Vasco da Gama,3454,São Paulo,2026,2,1,2 - 1,FT,V,casa,401841081,https://www.espn.com/soccer/match/_/gameId/401841081/sao-paulo-vasco-da-gama,ESPN,https://www.espn.com/soccer/team/results/_/id/3454/season/2026
2026,Vasco da Gama,3454,2026-04-21,"Tue, Apr 21",,Copa do Brasil,Paysandu,15424,Vasco da Gama,3454,0,2,0 - 2 1st Leg,FT,V,fora,401866338,https://www.espn.com/soccer/match/_/gameId/401866338/vasco-da-gama-paysandu,ESPN,https://www.espn.com/soccer/team/results/_/id/3454/season/2026
2026,Vasco da Gama,3454,2026-04-26,"Sun, Apr 26",,Brazilian Serie A,Corinthians,874,Vasco da Gama,3454,1,0,1 - 0,FT,D,fora,401841089,https://www.espn.com/soccer/match/_/gameId/401841089/vasco-da-gama-corinthians,ESPN,https://www.espn.com/soccer/team/results/_/id/3454/season/2026
2026,Vasco da Gama,3454,2026-04-30,"Thu, Apr 30",,CONMEBOL Sudamericana,Vasco da Gama,3454,Club Olimpia,2675,3,0,3 - 0,FT,V,casa,401865418,https://www.espn.com/soccer/match/_/gameId/401865418/club-olimpia-vasco-da-gama,ESPN,https://www.espn.com/soccer/team/results/_/id/3454/season/2026
2026,Vasco da Gama,3454,2026-05-03,"Sun, May 3",,Brazilian Serie A,Flamengo,819,Vasco da Gama,3454,2,2,2 - 2,FT,E,fora,401841105,https://www.espn.com/soccer/match/_/gameId/401841105/vasco-da-gama-flamengo,ESPN,https://www.espn.com/soccer/team/results/_/id/3454/season/2026
2026,Vasco da Gama,3454,2026-05-06,"Wed, May 6",,CONMEBOL Sudamericana,Audax Italiano,4138,Vasco da Gama,3454,1,2,1 - 2,FT,V,fora,401865423,https://www.espn.com/soccer/match/_/gameId/401865423/vasco-da-gama-audax-italiano,ESPN,https://www.espn.com/soccer/team/results/_/id/3454/season/2026
2026,Vasco da Gama,3454,2026-05-10,"Sun, May 10",,Brazilian Serie A,Vasco da Gama,3454,Athletico Paranaense,3458,1,0,1 - 0,FT,V,casa,401841112,https://www.espn.com/soccer/match/_/gameId/401841112/athletico-paranaense-vasco-da-gama,ESPN,https://www.espn.com/soccer/team/results/_/id/3454/season/2026
2026,Vasco da Gama,3454,2026-05-13,"Wed, May 13",,Copa do Brasil,Vasco da Gama,3454,Paysandu,15424,2,2,2 - 2 2nd Leg · Vasco da Gama wins 4-2 on aggregate,FT,E,casa,401866364,https://www.espn.com/soccer/match/_/gameId/401866364/paysandu-vasco-da-gama,ESPN,https://www.espn.com/soccer/team/results/_/id/3454/season/2026
2026,Vasco da Gama,3454,2026-05-16,"Sat, May 16",5:30 PM,Brazilian Serie A,Internacional,1936,Vasco da Gama,3454,,,,agendado,,fora,401841126,https://www.espn.com/soccer/match/_/gameId/401841126/vasco-da-gama-internacional,ESPN,https://www.espn.com/soccer/team/fixtures/_/id/3454/season/2026
2026,Vasco da Gama,3454,2026-05-20,"Wed, May 20",6:00 PM,CONMEBOL Sudamericana,Club Olimpia,2675,Vasco da Gama,3454,,,,agendado,,fora,401865447,https://www.espn.com/soccer/match/_/gameId/401865447/vasco-da-gama-club-olimpia,ESPN,https://www.espn.com/soccer/team/fixtures/_/id/3454/season/2026
2026,Vasco da Gama,3454,2026-05-24,"Sun, May 24",7:30 PM,Brazilian Serie A,Vasco da Gama,3454,Red Bull Bragantino,6079,,,,agendado,,casa,401841131,https://www.espn.com/soccer/match/_/gameId/401841131/red-bull-bragantino-vasco-da-gama,ESPN,https://www.espn.com/soccer/team/fixtures/_/id/3454/season/2026
2026,Vasco da Gama,3454,2026-05-27,"Wed, May 27",8:30 PM,CONMEBOL Sudamericana,Vasco da Gama,3454,Barracas Central,10060,,,,agendado,,casa,401865452,https://www.espn.com/soccer/match/_/gameId/401865452/barracas-central-vasco-da-gama,ESPN,https://www.espn.com/soccer/team/fixtures/_/id/3454/season/2026
2026,Vasco da Gama,3454,2026-05-31,"Sun, May 31",3:00 PM,Brazilian Serie A,Vasco da Gama,3454,Atlético-MG,7632,,,,agendado,,casa,401841142,https://www.espn.com/soccer/match/_/gameId/401841142/atletico-mg-vasco-da-gama,ESPN,https://www.espn.com/soccer/team/fixtures/_/id/3454/season/2026
2026,Vasco da Gama,3454,2026-07-22,"Wed, Jul 22",TBD,Brazilian Serie A,Vitória,3457,Vasco da Gama,3454,,,,agendado,,fora,401841157,https://www.espn.com/soccer/match/_/gameId/401841157/vasco-da-gama-vitoria,ESPN,https://www.espn.com/soccer/team/fixtures/_/id/3454/season/2026
2026,Vasco da Gama,3454,2026-07-25,"Sat, Jul 25",TBD,Brazilian Serie A,Vasco da Gama,3454,Mirassol,9169,,,,agendado,,casa,401841160,https://www.espn.com/soccer/match/_/gameId/401841160/mirassol-vasco-da-gama,ESPN,https://www.espn.com/soccer/team/fixtures/_/id/3454/season/2026
2026,Vasco da Gama,3454,2026-07-29,"Wed, Jul 29",TBD,Brazilian Serie A,Chapecoense,9318,Vasco da Gama,3454,,,,agendado,,fora,401841175,https://www.espn.com/soccer/match/_/gameId/401841175/vasco-da-gama-chapecoense,ESPN,https://www.espn.com/soccer/team/fixtures/_/id/3454/season/2026
2026,Vasco da Gama,3454,2026-08-08,"Sat, Aug 8",TBD,Brazilian Serie A,Bahia,9967,Vasco da Gama,3454,,,,agendado,,fora,401841186,https://www.espn.com/soccer/match/_/gameId/401841186/vasco-da-gama-bahia,ESPN,https://www.espn.com/soccer/team/fixtures/_/id/3454/season/2026
2026,Vasco da Gama,3454,2026-08-15,"Sat, Aug 15",TBD,Brazilian Serie A,Vasco da Gama,3454,Santos,2674,,,,agendado,,casa,401841188,https://www.espn.com/soccer/match/_/gameId/401841188/santos-vasco-da-gama,ESPN,https://www.espn.com/soccer/team/fixtures/_/id/3454/season/2026
2026,Vasco da Gama,3454,2026-08-22,"Sat, Aug 22",TBD,Brazilian Serie A,Palmeiras,2029,Vasco da Gama,3454,,,,agendado,,fora,401841203,https://www.espn.com/soccer/match/_/gameId/401841203/vasco-da-gama-palmeiras,ESPN,https://www.espn.com/soccer/team/fixtures/_/id/3454/season/2026
2026,Vasco da Gama,3454,2026-08-29,"Sat, Aug 29",TBD,Brazilian Serie A,Vasco da Gama,3454,Cruzeiro,2022,,,,agendado,,casa,401841212,https://www.espn.com/soccer/match/_/gameId/401841212/cruzeiro-vasco-da-gama,ESPN,https://www.espn.com/soccer/team/fixtures/_/id/3454/season/2026
2026,Vasco da Gama,3454,2026-09-05,"Sat, Sep 5",TBD,Brazilian Serie A,Fluminense,3445,Vasco da Gama,3454,,,,agendado,,fora,401841227,https://www.espn.com/soccer/match/_/gameId/401841227/vasco-da-gama-fluminense,ESPN,https://www.espn.com/soccer/team/fixtures/_/id/3454/season/2026
2026,Vasco da Gama,3454,2026-09-12,"Sat, Sep 12",TBD,Brazilian Serie A,Grêmio,6273,Vasco da Gama,3454,,,,agendado,,fora,401841236,https://www.espn.com/soccer/match/_/gameId/401841236/vasco-da-gama-gremio,ESPN,https://www.espn.com/soccer/team/fixtures/_/id/3454/season/2026
2026,Vasco da Gama,3454,2026-09-19,"Sat, Sep 19",TBD,Brazilian Serie A,Vasco da Gama,3454,Coritiba,3456,,,,agendado,,casa,401841247,https://www.espn.com/soccer/match/_/gameId/401841247/coritiba-vasco-da-gama,ESPN,https://www.espn.com/soccer/team/fixtures/_/id/3454/season/2026
2026,Vasco da Gama,3454,2026-10-07,"Wed, Oct 7",TBD,Brazilian Serie A,Botafogo,6086,Vasco da Gama,3454,,,,agendado,,fora,401841257,https://www.espn.com/soccer/match/_/gameId/401841257/vasco-da-gama-botafogo,ESPN,https://www.espn.com/soccer/team/fixtures/_/id/3454/season/2026
2026,Vasco da Gama,3454,2026-10-10,"Sat, Oct 10",TBD,Brazilian Serie A,Vasco da Gama,3454,Remo,4936,,,,agendado,,casa,401841262,https://www.espn.com/soccer/match/_/gameId/401841262/remo-vasco-da-gama,ESPN,https://www.espn.com/soccer/team/fixtures/_/id/3454/season/2026
2026,Vasco da Gama,3454,2026-10-17,"Sat, Oct 17",TBD,Brazilian Serie A,São Paulo,2026,Vasco da Gama,3454,,,,agendado,,fora,401841273,https://www.espn.com/soccer/match/_/gameId/401841273/vasco-da-gama-sao-paulo,ESPN,https://www.espn.com/soccer/team/fixtures/_/id/3454/season/2026
2026,Vasco da Gama,3454,2026-10-24,"Sat, Oct 24",TBD,Brazilian Serie A,Vasco da Gama,3454,Corinthians,874,,,,agendado,,casa,401841281,https://www.espn.com/soccer/match/_/gameId/401841281/corinthians-vasco-da-gama,ESPN,https://www.espn.com/soccer/team/fixtures/_/id/3454/season/2026
2026,Vasco da Gama,3454,2026-10-28,"Wed, Oct 28",TBD,Brazilian Serie A,Vasco da Gama,3454,Flamengo,819,,,,agendado,,casa,401841292,https://www.espn.com/soccer/match/_/gameId/401841292/flamengo-vasco-da-gama,ESPN,https://www.espn.com/soccer/team/fixtures/_/id/3454/season/2026
2026,Vasco da Gama,3454,2026-11-04,"Wed, Nov 4",TBD,Brazilian Serie A,Athletico Paranaense,3458,Vasco da Gama,3454,,,,agendado,,fora,401841306,https://www.espn.com/soccer/match/_/gameId/401841306/vasco-da-gama-athletico-paranaense,ESPN,https://www.espn.com/soccer/team/fixtures/_/id/3454/season/2026
2026,Vasco da Gama,3454,2026-11-18,"Wed, Nov 18",TBD,Brazilian Serie A,Vasco da Gama,3454,Internacional,1936,,,,agendado,,casa,401841308,https://www.espn.com/soccer/match/_/gameId/401841308/internacional-vasco-da-gama,ESPN,https://www.espn.com/soccer/team/fixtures/_/id/3454/season/2026
2026,Vasco da Gama,3454,2026-11-21,"Sat, Nov 21",TBD,Brazilian Serie A,Red Bull Bragantino,6079,Vasco da Gama,3454,,,,agendado,,fora,401841321,https://www.espn.com/soccer/match/_/gameId/401841321/vasco-da-gama-red-bull-bragantino,ESPN,https://www.espn.com/soccer/team/fixtures/_/id/3454/season/2026
2026,Vasco da Gama,3454,2026-11-28,"Sat, Nov 28",TBD,Brazilian Serie A,Atlético-MG,7632,Vasco da Gama,3454,,,,agendado,,fora,401841328,https://www.espn.com/soccer/match/_/gameId/401841328/vasco-da-gama-atletico-mg,ESPN,https://www.espn.com/soccer/team/fixtures/_/id/3454/season/2026
2026,Vasco da Gama,3454,2026-12-02,"Wed, Dec 2",TBD,Brazilian Serie A,Vasco da Gama,3454,Vitória,3457,,,,agendado,,casa,401841342,https://www.espn.com/soccer/match/_/gameId/401841342/vitoria-vasco-da-gama,ESPN,https://www.espn.com/soccer/team/fixtures/_/id/3454/season/2026
2026,Vitória,3457,2026-01-28,"Wed, Jan 28",,Brazilian Serie A,Vitória,3457,Remo,4936,2,0,2 - 0,FT,V,casa,401840812,https://www.espn.com/soccer/match/_/gameId/401840812/remo-vitoria,ESPN,https://www.espn.com/soccer/team/results/_/id/3457/season/2026
2026,Vitória,3457,2026-02-04,"Wed, Feb 4",,Brazilian Serie A,Palmeiras,2029,Vitória,3457,5,1,5 - 1,FT,D,fora,401840983,https://www.espn.com/soccer/match/_/gameId/401840983/vitoria-palmeiras,ESPN,https://www.espn.com/soccer/team/results/_/id/3457/season/2026
2026,Vitória,3457,2026-02-10,"Tue, Feb 10",,Brazilian Serie A,Vitória,3457,Flamengo,819,1,2,1 - 2,FT,D,casa,401840993,https://www.espn.com/soccer/match/_/gameId/401840993/flamengo-vitoria,ESPN,https://www.espn.com/soccer/team/results/_/id/3457/season/2026
2026,Vitória,3457,2026-03-11,"Wed, Mar 11",,Brazilian Serie A,Bahia,9967,Vitória,3457,1,1,1 - 1,FT,E,fora,401841014,https://www.espn.com/soccer/match/_/gameId/401841014/vitoria-bahia,ESPN,https://www.espn.com/soccer/team/results/_/id/3457/season/2026
2026,Vitória,3457,2026-03-14,"Sat, Mar 14",,Brazilian Serie A,Vitória,3457,Atlético-MG,7632,2,0,2 - 0,FT,V,casa,401841027,https://www.espn.com/soccer/match/_/gameId/401841027/atletico-mg-vitoria,ESPN,https://www.espn.com/soccer/team/results/_/id/3457/season/2026
2026,Vitória,3457,2026-03-19,"Thu, Mar 19",,Brazilian Serie A,Grêmio,6273,Vitória,3457,2,0,2 - 0,FT,D,fora,401841034,https://www.espn.com/soccer/match/_/gameId/401841034/vitoria-gremio,ESPN,https://www.espn.com/soccer/team/results/_/id/3457/season/2026
2026,Vitória,3457,2026-03-22,"Sun, Mar 22",,Brazilian Serie A,Vitória,3457,Mirassol,9169,1,0,1 - 0,FT,V,casa,401841042,https://www.espn.com/soccer/match/_/gameId/401841042/mirassol-vitoria,ESPN,https://www.espn.com/soccer/team/results/_/id/3457/season/2026
2026,Vitória,3457,2026-03-25,"Wed, Mar 25",,Copa do Nordeste,Vitória,3457,Botafogo PB,17317,1,2,1 - 2,FT,D,casa,401864999,https://www.espn.com/soccer/match/_/gameId/401864999/botafogo-pb-vitoria,ESPN,https://www.espn.com/soccer/team/results/_/id/3457/season/2026
2026,Vitória,3457,2026-03-28,"Sat, Mar 28",,Copa do Nordeste,CRB,9970,Vitória,3457,2,4,2 - 4,FT,V,fora,401865001,https://www.espn.com/soccer/match/_/gameId/401865001/vitoria-crb,ESPN,https://www.espn.com/soccer/team/results/_/id/3457/season/2026
2026,Vitória,3457,2026-04-01,"Wed, Apr 1",,Brazilian Serie A,Cruzeiro,2022,Vitória,3457,3,0,3 - 0,FT,D,fora,401841055,https://www.espn.com/soccer/match/_/gameId/401841055/vitoria-cruzeiro,ESPN,https://www.espn.com/soccer/team/results/_/id/3457/season/2026
2026,Vitória,3457,2026-04-05,"Sun, Apr 5",,Brazilian Serie A,Chapecoense,9318,Vitória,3457,1,1,1 - 1,FT,E,fora,401841065,https://www.espn.com/soccer/match/_/gameId/401841065/vitoria-chapecoense,ESPN,https://www.espn.com/soccer/team/results/_/id/3457/season/2026
2026,Vitória,3457,2026-04-08,"Wed, Apr 8",,Copa do Nordeste,Vitória,3457,Juazeirense,18191,4,1,4 - 1,FT,V,casa,401865014,https://www.espn.com/soccer/match/_/gameId/401865014/juazeirense-vitoria,ESPN,https://www.espn.com/soccer/team/results/_/id/3457/season/2026
2026,Vitória,3457,2026-04-11,"Sat, Apr 11",,Brazilian Serie A,Vitória,3457,São Paulo,2026,2,0,2 - 0,FT,V,casa,401841073,https://www.espn.com/soccer/match/_/gameId/401841073/sao-paulo-vitoria,ESPN,https://www.espn.com/soccer/team/results/_/id/3457/season/2026
2026,Vitória,3457,2026-04-15,"Wed, Apr 15",,Copa do Nordeste,Vitória,3457,Piauí Teresina,17710,3,1,3 - 1,FT,V,casa,401865023,https://www.espn.com/soccer/match/_/gameId/401865023/piaui-teresina-vitoria,ESPN,https://www.espn.com/soccer/team/results/_/id/3457/season/2026
2026,Vitória,3457,2026-04-18,"Sat, Apr 18",,Brazilian Serie A,Vitória,3457,Corinthians,874,0,0,0 - 0,FT,E,casa,401841080,https://www.espn.com/soccer/match/_/gameId/401841080/corinthians-vitoria,ESPN,https://www.espn.com/soccer/team/results/_/id/3457/season/2026
2026,Vitória,3457,2026-04-22,"Wed, Apr 22",,Copa do Brasil,Flamengo,819,Vitória,3457,2,1,2 - 1 1st Leg,FT,D,fora,401866344,https://www.espn.com/soccer/match/_/gameId/401866344/vitoria-flamengo,ESPN,https://www.espn.com/soccer/team/results/_/id/3457/season/2026
2026,Vitória,3457,2026-04-26,"Sun, Apr 26",,Brazilian Serie A,Athletico Paranaense,3458,Vitória,3457,3,1,3 - 1,FT,D,fora,401841088,https://www.espn.com/soccer/match/_/gameId/401841088/vitoria-athletico-paranaense,ESPN,https://www.espn.com/soccer/team/results/_/id/3457/season/2026
2026,Vitória,3457,2026-04-29,"Wed, Apr 29",,Copa do Nordeste,Confiança,4875,Vitória,3457,2,2,2 - 2,FT,E,fora,401865034,https://www.espn.com/soccer/match/_/gameId/401865034/vitoria-confianca,ESPN,https://www.espn.com/soccer/team/results/_/id/3457/season/2026
2026,Vitória,3457,2026-05-02,"Sat, May 2",,Brazilian Serie A,Vitória,3457,Coritiba,3456,4,1,4 - 1,FT,V,casa,401841100,https://www.espn.com/soccer/match/_/gameId/401841100/coritiba-vitoria,ESPN,https://www.espn.com/soccer/team/results/_/id/3457/season/2026
2026,Vitória,3457,2026-05-06,"Wed, May 6",,Copa do Nordeste,Vitória,3457,Ceará,9969,1,0,1 - 0,FT,V,casa,401871111,https://www.espn.com/soccer/match/_/gameId/401871111/ceara-vitoria,ESPN,https://www.espn.com/soccer/team/results/_/id/3457/season/2026
2026,Vitória,3457,2026-05-09,"Sat, May 9",,Brazilian Serie A,Fluminense,3445,Vitória,3457,2,2,2 - 2,FT,E,fora,401841113,https://www.espn.com/soccer/match/_/gameId/401841113/vitoria-fluminense,ESPN,https://www.espn.com/soccer/team/results/_/id/3457/season/2026
2026,Vitória,3457,2026-05-14,"Thu, May 14",,Copa do Brasil,Vitória,3457,Flamengo,819,2,0,2 - 0 2nd Leg · Vitória wins 3-2 on aggregate,FT,V,casa,401866350,https://www.espn.com/soccer/match/_/gameId/401866350/flamengo-vitoria,ESPN,https://www.espn.com/soccer/team/results/_/id/3457/season/2026
2026,Vitória,3457,2026-05-17,"Sun, May 17",5:30 PM,Brazilian Serie A,Red Bull Bragantino,6079,Vitória,3457,,,,agendado,,fora,401841124,https://www.espn.com/soccer/match/_/gameId/401841124/vitoria-red-bull-bragantino,ESPN,https://www.espn.com/soccer/team/fixtures/_/id/3457/season/2026
2026,Vitória,3457,2026-05-23,"Sat, May 23",4:00 PM,Brazilian Serie A,Vitória,3457,Internacional,1936,,,,agendado,,casa,401841130,https://www.espn.com/soccer/match/_/gameId/401841130/internacional-vitoria,ESPN,https://www.espn.com/soccer/team/fixtures/_/id/3457/season/2026
2026,Vitória,3457,2026-05-30,"Sat, May 30",8:00 PM,Brazilian Serie A,Santos,2674,Vitória,3457,,,,agendado,,fora,401841143,https://www.espn.com/soccer/match/_/gameId/401841143/vitoria-santos,ESPN,https://www.espn.com/soccer/team/fixtures/_/id/3457/season/2026
2026,Vitória,3457,2026-07-22,"Wed, Jul 22",TBD,Brazilian Serie A,Vitória,3457,Vasco da Gama,3454,,,,agendado,,casa,401841157,https://www.espn.com/soccer/match/_/gameId/401841157/vasco-da-gama-vitoria,ESPN,https://www.espn.com/soccer/team/fixtures/_/id/3457/season/2026
2026,Vitória,3457,2026-07-25,"Sat, Jul 25",TBD,Brazilian Serie A,Remo,4936,Vitória,3457,,,,agendado,,fora,401841162,https://www.espn.com/soccer/match/_/gameId/401841162/vitoria-remo,ESPN,https://www.espn.com/soccer/team/fixtures/_/id/3457/season/2026
2026,Vitória,3457,2026-07-29,"Wed, Jul 29",TBD,Brazilian Serie A,Vitória,3457,Palmeiras,2029,,,,agendado,,casa,401841172,https://www.espn.com/soccer/match/_/gameId/401841172/palmeiras-vitoria,ESPN,https://www.espn.com/soccer/team/fixtures/_/id/3457/season/2026
2026,Vitória,3457,2026-08-08,"Sat, Aug 8",TBD,Brazilian Serie A,Flamengo,819,Vitória,3457,,,,agendado,,fora,401841187,https://www.espn.com/soccer/match/_/gameId/401841187/vitoria-flamengo,ESPN,https://www.espn.com/soccer/team/fixtures/_/id/3457/season/2026
2026,Vitória,3457,2026-08-15,"Sat, Aug 15",TBD,Brazilian Serie A,Vitória,3457,Botafogo,6086,,,,agendado,,casa,401841197,https://www.espn.com/soccer/match/_/gameId/401841197/botafogo-vitoria,ESPN,https://www.espn.com/soccer/team/fixtures/_/id/3457/season/2026
2026,Vitória,3457,2026-08-22,"Sat, Aug 22",TBD,Brazilian Serie A,Vitória,3457,Bahia,9967,,,,agendado,,casa,401841200,https://www.espn.com/soccer/match/_/gameId/401841200/bahia-vitoria,ESPN,https://www.espn.com/soccer/team/fixtures/_/id/3457/season/2026
2026,Vitória,3457,2026-08-29,"Sat, Aug 29",TBD,Brazilian Serie A,Atlético-MG,7632,Vitória,3457,,,,agendado,,fora,401841216,https://www.espn.com/soccer/match/_/gameId/401841216/vitoria-atletico-mg,ESPN,https://www.espn.com/soccer/team/fixtures/_/id/3457/season/2026
2026,Vitória,3457,2026-09-05,"Sat, Sep 5",TBD,Brazilian Serie A,Vitória,3457,Grêmio,6273,,,,agendado,,casa,401841222,https://www.espn.com/soccer/match/_/gameId/401841222/gremio-vitoria,ESPN,https://www.espn.com/soccer/team/fixtures/_/id/3457/season/2026
2026,Vitória,3457,2026-09-12,"Sat, Sep 12",TBD,Brazilian Serie A,Mirassol,9169,Vitória,3457,,,,agendado,,fora,401841235,https://www.espn.com/soccer/match/_/gameId/401841235/vitoria-mirassol,ESPN,https://www.espn.com/soccer/team/fixtures/_/id/3457/season/2026
2026,Vitória,3457,2026-09-19,"Sat, Sep 19",TBD,Brazilian Serie A,Vitória,3457,Cruzeiro,2022,,,,agendado,,casa,401841242,https://www.espn.com/soccer/match/_/gameId/401841242/cruzeiro-vitoria,ESPN,https://www.espn.com/soccer/team/fixtures/_/id/3457/season/2026
2026,Vitória,3457,2026-10-07,"Wed, Oct 7",TBD,Brazilian Serie A,Vitória,3457,Chapecoense,9318,,,,agendado,,casa,401841250,https://www.espn.com/soccer/match/_/gameId/401841250/chapecoense-vitoria,ESPN,https://www.espn.com/soccer/team/fixtures/_/id/3457/season/2026
2026,Vitória,3457,2026-10-10,"Sat, Oct 10",TBD,Brazilian Serie A,São Paulo,2026,Vitória,3457,,,,agendado,,fora,401841259,https://www.espn.com/soccer/match/_/gameId/401841259/vitoria-sao-paulo,ESPN,https://www.espn.com/soccer/team/fixtures/_/id/3457/season/2026
2026,Vitória,3457,2026-10-17,"Sat, Oct 17",TBD,Brazilian Serie A,Corinthians,874,Vitória,3457,,,,agendado,,fora,401841272,https://www.espn.com/soccer/match/_/gameId/401841272/vitoria-corinthians,ESPN,https://www.espn.com/soccer/team/fixtures/_/id/3457/season/2026
2026,Vitória,3457,2026-10-24,"Sat, Oct 24",TBD,Brazilian Serie A,Vitória,3457,Athletico Paranaense,3458,,,,agendado,,casa,401841280,https://www.espn.com/soccer/match/_/gameId/401841280/athletico-paranaense-vitoria,ESPN,https://www.espn.com/soccer/team/fixtures/_/id/3457/season/2026
2026,Vitória,3457,2026-10-28,"Wed, Oct 28",TBD,Brazilian Serie A,Coritiba,3456,Vitória,3457,,,,agendado,,fora,401841294,https://www.espn.com/soccer/match/_/gameId/401841294/vitoria-coritiba,ESPN,https://www.espn.com/soccer/team/fixtures/_/id/3457/season/2026
2026,Vitória,3457,2026-11-04,"Wed, Nov 4",TBD,Brazilian Serie A,Vitória,3457,Fluminense,3445,,,,agendado,,casa,401841302,https://www.espn.com/soccer/match/_/gameId/401841302/fluminense-vitoria,ESPN,https://www.espn.com/soccer/team/fixtures/_/id/3457/season/2026
2026,Vitória,3457,2026-11-18,"Wed, Nov 18",TBD,Brazilian Serie A,Vitória,3457,Red Bull Bragantino,6079,,,,agendado,,casa,401841317,https://www.espn.com/soccer/match/_/gameId/401841317/red-bull-bragantino-vitoria,ESPN,https://www.espn.com/soccer/team/fixtures/_/id/3457/season/2026
2026,Vitória,3457,2026-11-21,"Sat, Nov 21",TBD,Brazilian Serie A,Internacional,1936,Vitória,3457,,,,agendado,,fora,401841323,https://www.espn.com/soccer/match/_/gameId/401841323/vitoria-internacional,ESPN,https://www.espn.com/soccer/team/fixtures/_/id/3457/season/2026
2026,Vitória,3457,2026-11-28,"Sat, Nov 28",TBD,Brazilian Serie A,Vitória,3457,Santos,2674,,,,agendado,,casa,401841332,https://www.espn.com/soccer/match/_/gameId/401841332/santos-vitoria,ESPN,https://www.espn.com/soccer/team/fixtures/_/id/3457/season/2026
2026,Vitória,3457,2026-12-02,"Wed, Dec 2",TBD,Brazilian Serie A,Vasco da Gama,3454,Vitória,3457,,,,agendado,,fora,401841342,https://www.espn.com/soccer/match/_/gameId/401841342/vitoria-vasco-da-gama,ESPN,https://www.espn.com/soccer/team/fixtures/_/id/3457/season/2026
